split,city,sample_id,image_path,label_path,instance_path,person_pixels,car_pixels,motorcycle_pixels,person_instances,car_instances,motorcycle_instances,has_all_three,passes_minimum,passes_ratio,selection_tier,selection_tier_name,person_ratio,car_ratio,motorcycle_ratio,total_target_pixels,balance_error,balance_score,quantity_score,instance_score,total_area_score,motorcycle_ratio_score,score
train,hamburg,hamburg_000000_091900,"C:\Documents\Year 4 , Term 1\multiclass_scsc\data\raw\leftImg8bit\train\hamburg\hamburg_000000_091900_leftImg8bit.png","C:\Documents\Year 4 , Term 1\multiclass_scsc\data\raw\gtFine\train\hamburg\hamburg_000000_091900_gtFine_labelIds.png","C:\Documents\Year 4 , Term 1\multiclass_scsc\data\raw\gtFine\train\hamburg\hamburg_000000_091900_gtFine_instanceIds.png",29771,56907,26540,6,7,3,True,True,True,1,Tier 1 - Strong and balanced,0.262952887350068,0.502632090303662,0.23441502234627004,113218,0.03704711264993199,0.962952887350068,1.0,1.0,1.0,1.0,98.51811549400273
train,hanover,hanover_000000_026743,"C:\Documents\Year 4 , Term 1\multiclass_scsc\data\raw\leftImg8bit\train\hanover\hanover_000000_026743_leftImg8bit.png","C:\Documents\Year 4 , Term 1\multiclass_scsc\data\raw\gtFine\train\hanover\hanover_000000_026743_gtFine_labelIds.png","C:\Documents\Year 4 , Term 1\multiclass_scsc\data\raw\gtFine\train\hanover\hanover_000000_026743_gtFine_instanceIds.png",15889,38564,22113,14,11,4,True,True,True,1,Tier 1 - Strong and balanced,0.2075203092756576,0.5036700363085442,0.28880965441579814,76566,0.09247969072434238,0.9075203092756576,1.0,1.0,1.0,1.0,96.30081237102631
train,bremen,bremen_000054_000019,"C:\Documents\Year 4 , Term 1\multiclass_scsc\data\raw\leftImg8bit\train\bremen\bremen_000054_000019_leftImg8bit.png","C:\Documents\Year 4 , Term 1\multiclass_scsc\data\raw\gtFine\train\bremen\bremen_000054_000019_gtFine_labelIds.png","C:\Documents\Year 4 , Term 1\multiclass_scsc\data\raw\gtFine\train\bremen\bremen_000054_000019_gtFine_instanceIds.png",21508,26166,14071,7,5,2,True,True,True,1,Tier 1 - Strong and balanced,0.3483358976435339,0.42377520446999756,0.22788889788646854,61745,0.07622479553000244,0.9237752044699976,0.9554442712379589,0.9410360288810286,1.0,1.0,94.7298767491541
val,frankfurt,frankfurt_000000_012868,"C:\Documents\Year 4 , Term 1\multiclass_scsc\data\raw\leftImg8bit\val\frankfurt\frankfurt_000000_012868_leftImg8bit.png","C:\Documents\Year 4 , Term 1\multiclass_scsc\data\raw\gtFine\val\frankfurt\frankfurt_000000_012868_gtFine_labelIds.png","C:\Documents\Year 4 , Term 1\multiclass_scsc\data\raw\gtFine\val\frankfurt\frankfurt_000000_012868_gtFine_instanceIds.png",64937,233614,92332,9,6,2,True,True,True,1,Tier 1 - Strong and balanced,0.16612899512130228,0.5976570994389625,0.23621390543973517,390883,0.13387100487869769,0.8661289951213023,1.0,1.0,1.0,1.0,94.6451598048521
train,weimar,weimar_000017_000019,"C:\Documents\Year 4 , Term 1\multiclass_scsc\data\raw\leftImg8bit\train\weimar\weimar_000017_000019_leftImg8bit.png","C:\Documents\Year 4 , Term 1\multiclass_scsc\data\raw\gtFine\train\weimar\weimar_000017_000019_gtFine_labelIds.png","C:\Documents\Year 4 , Term 1\multiclass_scsc\data\raw\gtFine\train\weimar\weimar_000017_000019_gtFine_instanceIds.png",43006,64140,30633,11,4,1,True,True,True,1,Tier 1 - Strong and balanced,0.31213755361847595,0.4655281283795063,0.22233431800201772,137779,0.034471871620493685,0.9655281283795063,1.0,0.6933612743506347,1.0,1.0,94.02154425043977
train,monchengladbach,monchengladbach_000000_002255,"C:\Documents\Year 4 , Term 1\multiclass_scsc\data\raw\leftImg8bit\train\monchengladbach\monchengladbach_000000_002255_leftImg8bit.png","C:\Documents\Year 4 , Term 1\multiclass_scsc\data\raw\gtFine\train\monchengladbach\monchengladbach_000000_002255_gtFine_labelIds.png","C:\Documents\Year 4 , Term 1\multiclass_scsc\data\raw\gtFine\train\monchengladbach\monchengladbach_000000_002255_gtFine_instanceIds.png",18405,28822,10721,2,8,1,True,True,True,1,Tier 1 - Strong and balanced,0.31761234209981365,0.4973769586525851,0.1850106992476013,57948,0.017612342099813647,0.9823876579001863,0.9867359540661723,0.6299605249474366,1.0,0.9250534962380065,92.9722602933942
train,zurich,zurich_000052_000019,"C:\Documents\Year 4 , Term 1\multiclass_scsc\data\raw\leftImg8bit\train\zurich\zurich_000052_000019_leftImg8bit.png","C:\Documents\Year 4 , Term 1\multiclass_scsc\data\raw\gtFine\train\zurich\zurich_000052_000019_gtFine_labelIds.png","C:\Documents\Year 4 , Term 1\multiclass_scsc\data\raw\gtFine\train\zurich\zurich_000052_000019_gtFine_instanceIds.png",21358,33724,7755,10,8,3,True,True,True,1,Tier 1 - Strong and balanced,0.3398952846253004,0.5366901666215764,0.12341454875312316,62837,0.07658545124687684,0.9234145487531231,0.9187427691596214,1.0,1.0,0.6170727437656157,92.58422874374165
val,frankfurt,frankfurt_000000_017476,"C:\Documents\Year 4 , Term 1\multiclass_scsc\data\raw\leftImg8bit\val\frankfurt\frankfurt_000000_017476_leftImg8bit.png","C:\Documents\Year 4 , Term 1\multiclass_scsc\data\raw\gtFine\val\frankfurt\frankfurt_000000_017476_gtFine_labelIds.png","C:\Documents\Year 4 , Term 1\multiclass_scsc\data\raw\gtFine\val\frankfurt\frankfurt_000000_017476_gtFine_instanceIds.png",22452,60545,13043,3,10,2,True,True,True,1,Tier 1 - Strong and balanced,0.23377759266972095,0.630414410662224,0.135807996668055,96040,0.13041441066222403,0.869585589337776,1.0,0.9085602964160698,1.0,0.6790399833402749,91.80702793645345
train,ulm,ulm_000069_000019,"C:\Documents\Year 4 , Term 1\multiclass_scsc\data\raw\leftImg8bit\train\ulm\ulm_000069_000019_leftImg8bit.png","C:\Documents\Year 4 , Term 1\multiclass_scsc\data\raw\gtFine\train\ulm\ulm_000069_000019_gtFine_labelIds.png","C:\Documents\Year 4 , Term 1\multiclass_scsc\data\raw\gtFine\train\ulm\ulm_000069_000019_gtFine_instanceIds.png",117420,356878,80308,3,9,4,True,True,True,1,Tier 1 - Strong and balanced,0.21171786818029376,0.6434802364200892,0.14480189539961702,554606,0.14348023642008922,0.8565197635799108,1.0,0.9085602964160698,1.0,0.724009476998085,91.5092423744279
train,strasbourg,strasbourg_000001_005289,"C:\Documents\Year 4 , Term 1\multiclass_scsc\data\raw\leftImg8bit\train\strasbourg\strasbourg_000001_005289_leftImg8bit.png","C:\Documents\Year 4 , Term 1\multiclass_scsc\data\raw\gtFine\train\strasbourg\strasbourg_000001_005289_gtFine_labelIds.png","C:\Documents\Year 4 , Term 1\multiclass_scsc\data\raw\gtFine\train\strasbourg\strasbourg_000001_005289_gtFine_instanceIds.png",20781,30089,9395,2,7,1,True,True,True,1,Tier 1 - Strong and balanced,0.3448270140214055,0.4992781880029868,0.15589479797560774,60265,0.04482701402140549,0.9551729859785945,0.9794123924308914,0.6299605249474366,1.0,0.7794739898780386,90.93606903567226
train,bremen,bremen_000052_000019,"C:\Documents\Year 4 , Term 1\multiclass_scsc\data\raw\leftImg8bit\train\bremen\bremen_000052_000019_leftImg8bit.png","C:\Documents\Year 4 , Term 1\multiclass_scsc\data\raw\gtFine\train\bremen\bremen_000052_000019_gtFine_labelIds.png","C:\Documents\Year 4 , Term 1\multiclass_scsc\data\raw\gtFine\train\bremen\bremen_000052_000019_gtFine_instanceIds.png",53240,110683,9616,27,10,2,True,True,True,1,Tier 1 - Strong and balanced,0.30678982822305073,0.637798996191058,0.055411175585891356,173539,0.14458882441410867,0.8554111755858913,0.9870325726707949,1.0,1.0,0.27705587792945674,90.21270359320678
train,hamburg,hamburg_000000_071675,"C:\Documents\Year 4 , Term 1\multiclass_scsc\data\raw\leftImg8bit\train\hamburg\hamburg_000000_071675_leftImg8bit.png","C:\Documents\Year 4 , Term 1\multiclass_scsc\data\raw\gtFine\train\hamburg\hamburg_000000_071675_gtFine_labelIds.png","C:\Documents\Year 4 , Term 1\multiclass_scsc\data\raw\gtFine\train\hamburg\hamburg_000000_071675_gtFine_instanceIds.png",20507,71297,10294,15,15,2,True,True,True,1,Tier 1 - Strong and balanced,0.20085604027502987,0.6983192618856393,0.10082469783933085,102098,0.1983192618856393,0.8016807381143607,1.0,1.0,1.0,0.5041234891966542,89.5878469705577
train,zurich,zurich_000069_000019,"C:\Documents\Year 4 , Term 1\multiclass_scsc\data\raw\leftImg8bit\train\zurich\zurich_000069_000019_leftImg8bit.png","C:\Documents\Year 4 , Term 1\multiclass_scsc\data\raw\gtFine\train\zurich\zurich_000069_000019_gtFine_labelIds.png","C:\Documents\Year 4 , Term 1\multiclass_scsc\data\raw\gtFine\train\zurich\zurich_000069_000019_gtFine_instanceIds.png",50857,240477,38021,9,6,5,True,True,True,1,Tier 1 - Strong and balanced,0.15441393025762476,0.7301452839641117,0.11544078577826358,329355,0.23014528396411166,0.7698547160358884,1.0,1.0,1.0,0.5772039288913179,88.68020828589212
train,hamburg,hamburg_000000_018592,"C:\Documents\Year 4 , Term 1\multiclass_scsc\data\raw\leftImg8bit\train\hamburg\hamburg_000000_018592_leftImg8bit.png","C:\Documents\Year 4 , Term 1\multiclass_scsc\data\raw\gtFine\train\hamburg\hamburg_000000_018592_gtFine_labelIds.png","C:\Documents\Year 4 , Term 1\multiclass_scsc\data\raw\gtFine\train\hamburg\hamburg_000000_018592_gtFine_instanceIds.png",21274,92912,13571,4,26,2,True,True,True,1,Tier 1 - Strong and balanced,0.16651925139131318,0.7272556493969019,0.10622509921178487,127757,0.22725564939690193,0.7727443506030981,1.0,1.0,1.0,0.5311254960589243,88.56540150441855
train,cologne,cologne_000054_000019,"C:\Documents\Year 4 , Term 1\multiclass_scsc\data\raw\leftImg8bit\train\cologne\cologne_000054_000019_leftImg8bit.png","C:\Documents\Year 4 , Term 1\multiclass_scsc\data\raw\gtFine\train\cologne\cologne_000054_000019_gtFine_labelIds.png","C:\Documents\Year 4 , Term 1\multiclass_scsc\data\raw\gtFine\train\cologne\cologne_000054_000019_gtFine_instanceIds.png",21790,158357,30405,10,12,2,True,True,True,1,Tier 1 - Strong and balanced,0.10348987423534328,0.7521039933128159,0.14440613245184086,210552,0.25210399331281585,0.7478960066871841,1.0,1.0,1.0,0.7220306622592043,88.52599357878339
train,hanover,hanover_000000_040051,"C:\Documents\Year 4 , Term 1\multiclass_scsc\data\raw\leftImg8bit\train\hanover\hanover_000000_040051_leftImg8bit.png","C:\Documents\Year 4 , Term 1\multiclass_scsc\data\raw\gtFine\train\hanover\hanover_000000_040051_gtFine_labelIds.png","C:\Documents\Year 4 , Term 1\multiclass_scsc\data\raw\gtFine\train\hanover\hanover_000000_040051_gtFine_instanceIds.png",20809,74080,16818,17,5,1,True,True,True,1,Tier 1 - Strong and balanced,0.18628196979598413,0.6631634543940845,0.15055457580993134,111707,0.16316345439408453,0.8368365456059155,1.0,0.7469007910928608,1.0,0.7527728790496566,88.44083808587781
train,hamburg,hamburg_000000_088983,"C:\Documents\Year 4 , Term 1\multiclass_scsc\data\raw\leftImg8bit\train\hamburg\hamburg_000000_088983_leftImg8bit.png","C:\Documents\Year 4 , Term 1\multiclass_scsc\data\raw\gtFine\train\hamburg\hamburg_000000_088983_gtFine_labelIds.png","C:\Documents\Year 4 , Term 1\multiclass_scsc\data\raw\gtFine\train\hamburg\hamburg_000000_088983_gtFine_instanceIds.png",77406,287312,26402,11,20,2,True,True,True,1,Tier 1 - Strong and balanced,0.19790857025976683,0.73458785027613,0.06750357946410308,391120,0.23458785027613008,0.76541214972387,1.0,1.0,1.0,0.3375178973205154,87.30407547555737
train,tubingen,tubingen_000052_000019,"C:\Documents\Year 4 , Term 1\multiclass_scsc\data\raw\leftImg8bit\train\tubingen\tubingen_000052_000019_leftImg8bit.png","C:\Documents\Year 4 , Term 1\multiclass_scsc\data\raw\gtFine\train\tubingen\tubingen_000052_000019_gtFine_labelIds.png","C:\Documents\Year 4 , Term 1\multiclass_scsc\data\raw\gtFine\train\tubingen\tubingen_000052_000019_gtFine_instanceIds.png",11304,86178,13208,5,11,2,True,True,True,1,Tier 1 - Strong and balanced,0.10212304634565002,0.7785527147890505,0.11932423886529948,110690,0.2785527147890505,0.7214472852109495,1.0,1.0,1.0,0.5966211943264974,86.84099738007046
train,aachen,aachen_000041_000019,"C:\Documents\Year 4 , Term 1\multiclass_scsc\data\raw\leftImg8bit\train\aachen\aachen_000041_000019_leftImg8bit.png","C:\Documents\Year 4 , Term 1\multiclass_scsc\data\raw\gtFine\train\aachen\aachen_000041_000019_gtFine_labelIds.png","C:\Documents\Year 4 , Term 1\multiclass_scsc\data\raw\gtFine\train\aachen\aachen_000041_000019_gtFine_instanceIds.png",43171,204869,35507,10,8,1,True,True,True,1,Tier 1 - Strong and balanced,0.15225341830454917,0.7225221920880842,0.12522438960736668,283547,0.22252219208808421,0.7774778079119158,1.0,0.7937005259840998,1.0,0.6261219480368333,86.13522994642229
val,frankfurt,frankfurt_000000_022797,"C:\Documents\Year 4 , Term 1\multiclass_scsc\data\raw\leftImg8bit\val\frankfurt\frankfurt_000000_022797_leftImg8bit.png","C:\Documents\Year 4 , Term 1\multiclass_scsc\data\raw\gtFine\val\frankfurt\frankfurt_000000_022797_gtFine_labelIds.png","C:\Documents\Year 4 , Term 1\multiclass_scsc\data\raw\gtFine\val\frankfurt\frankfurt_000000_022797_gtFine_instanceIds.png",14268,100119,11964,8,13,5,True,True,True,1,Tier 1 - Strong and balanced,0.11292352256808415,0.7923878718807132,0.0946886055512026,126351,0.29238787188071325,0.7076121281192868,1.0,1.0,1.0,0.473443027756013,85.67170026355153
train,zurich,zurich_000041_000019,"C:\Documents\Year 4 , Term 1\multiclass_scsc\data\raw\leftImg8bit\train\zurich\zurich_000041_000019_leftImg8bit.png","C:\Documents\Year 4 , Term 1\multiclass_scsc\data\raw\gtFine\train\zurich\zurich_000041_000019_gtFine_labelIds.png","C:\Documents\Year 4 , Term 1\multiclass_scsc\data\raw\gtFine\train\zurich\zurich_000041_000019_gtFine_instanceIds.png",55903,406714,61675,18,4,2,True,True,True,1,Tier 1 - Strong and balanced,0.10662569713060661,0.7757394734232069,0.11763482944618647,524292,0.2757394734232069,0.7242605265767931,1.0,0.8735804647362989,1.0,0.5881741472309323,85.01499877027086
train,hamburg,hamburg_000000_027304,"C:\Documents\Year 4 , Term 1\multiclass_scsc\data\raw\leftImg8bit\train\hamburg\hamburg_000000_027304_leftImg8bit.png","C:\Documents\Year 4 , Term 1\multiclass_scsc\data\raw\gtFine\train\hamburg\hamburg_000000_027304_gtFine_labelIds.png","C:\Documents\Year 4 , Term 1\multiclass_scsc\data\raw\gtFine\train\hamburg\hamburg_000000_027304_gtFine_instanceIds.png",34414,203872,32627,18,11,1,True,True,True,1,Tier 1 - Strong and balanced,0.12702971064511484,0.75253679225434,0.1204334971005452,270913,0.25253679225433995,0.74746320774566,1.0,0.7937005259840998,1.0,0.6021674855027259,84.81487362710153
train,bremen,bremen_000217_000019,"C:\Documents\Year 4 , Term 1\multiclass_scsc\data\raw\leftImg8bit\train\bremen\bremen_000217_000019_leftImg8bit.png","C:\Documents\Year 4 , Term 1\multiclass_scsc\data\raw\gtFine\train\bremen\bremen_000217_000019_gtFine_labelIds.png","C:\Documents\Year 4 , Term 1\multiclass_scsc\data\raw\gtFine\train\bremen\bremen_000217_000019_gtFine_instanceIds.png",31794,139971,22140,18,4,1,True,True,True,1,Tier 1 - Strong and balanced,0.16396689100332637,0.7218534849539723,0.11417962404270132,193905,0.2218534849539723,0.7781465150460277,1.0,0.6933612743506347,1.0,0.5708981202135066,84.38077031816815
train,tubingen,tubingen_000056_000019,"C:\Documents\Year 4 , Term 1\multiclass_scsc\data\raw\leftImg8bit\train\tubingen\tubingen_000056_000019_leftImg8bit.png","C:\Documents\Year 4 , Term 1\multiclass_scsc\data\raw\gtFine\train\tubingen\tubingen_000056_000019_gtFine_labelIds.png","C:\Documents\Year 4 , Term 1\multiclass_scsc\data\raw\gtFine\train\tubingen\tubingen_000056_000019_gtFine_instanceIds.png",44924,137835,11450,14,5,1,True,True,True,1,Tier 1 - Strong and balanced,0.23131780710471708,0.709725089980382,0.05895710291490096,194209,0.20972508998038195,0.790274910019618,1.0,0.7469007910928608,1.0,0.29478551457450475,84.28843584005016
train,strasbourg,strasbourg_000000_013223,"C:\Documents\Year 4 , Term 1\multiclass_scsc\data\raw\leftImg8bit\train\strasbourg\strasbourg_000000_013223_leftImg8bit.png","C:\Documents\Year 4 , Term 1\multiclass_scsc\data\raw\gtFine\train\strasbourg\strasbourg_000000_013223_gtFine_labelIds.png","C:\Documents\Year 4 , Term 1\multiclass_scsc\data\raw\gtFine\train\strasbourg\strasbourg_000000_013223_gtFine_instanceIds.png",19007,96293,8204,10,16,2,True,True,True,1,Tier 1 - Strong and balanced,0.1538978494623656,0.7796751522217904,0.06642699831584402,123504,0.2796751522217904,0.7203248477782096,0.9361423310962333,1.0,1.0,0.33213499157922005,83.55793880191149
val,frankfurt,frankfurt_000000_009561,"C:\Documents\Year 4 , Term 1\multiclass_scsc\data\raw\leftImg8bit\val\frankfurt\frankfurt_000000_009561_leftImg8bit.png","C:\Documents\Year 4 , Term 1\multiclass_scsc\data\raw\gtFine\val\frankfurt\frankfurt_000000_009561_gtFine_labelIds.png","C:\Documents\Year 4 , Term 1\multiclass_scsc\data\raw\gtFine\val\frankfurt\frankfurt_000000_009561_gtFine_instanceIds.png",17313,27643,4510,8,8,1,True,True,True,1,Tier 1 - Strong and balanced,0.34999797840941255,0.5588282860955,0.09117373549508753,49466,0.10882626450491249,0.8911737354950875,0.7462427994794805,0.7937005259840998,0.98932,0.45586867747543763,82.11228468132661
train,strasbourg,strasbourg_000001_024152,"C:\Documents\Year 4 , Term 1\multiclass_scsc\data\raw\leftImg8bit\train\strasbourg\strasbourg_000001_024152_leftImg8bit.png","C:\Documents\Year 4 , Term 1\multiclass_scsc\data\raw\gtFine\train\strasbourg\strasbourg_000001_024152_gtFine_labelIds.png","C:\Documents\Year 4 , Term 1\multiclass_scsc\data\raw\gtFine\train\strasbourg\strasbourg_000001_024152_gtFine_instanceIds.png",10840,69052,9193,3,9,1,True,True,True,1,Tier 1 - Strong and balanced,0.12168154010214963,0.7751248807318852,0.1031935791659651,89085,0.27512488073188524,0.7248751192681148,0.9723420925517784,0.7211247851537042,1.0,0.5159678958298255,81.56197880373263
train,zurich,zurich_000014_000019,"C:\Documents\Year 4 , Term 1\multiclass_scsc\data\raw\leftImg8bit\train\zurich\zurich_000014_000019_leftImg8bit.png","C:\Documents\Year 4 , Term 1\multiclass_scsc\data\raw\gtFine\train\zurich\zurich_000014_000019_gtFine_labelIds.png","C:\Documents\Year 4 , Term 1\multiclass_scsc\data\raw\gtFine\train\zurich\zurich_000014_000019_gtFine_instanceIds.png",28478,53986,5556,8,3,1,True,True,True,1,Tier 1 - Strong and balanced,0.3235401045216996,0.6133378777550557,0.06312201772324472,88020,0.1368779822767553,0.8631220177232447,0.8220926127440376,0.6299605249474366,1.0,0.3156100886162236,80.21511740854358
train,aachen,aachen_000047_000019,"C:\Documents\Year 4 , Term 1\multiclass_scsc\data\raw\leftImg8bit\train\aachen\aachen_000047_000019_leftImg8bit.png","C:\Documents\Year 4 , Term 1\multiclass_scsc\data\raw\gtFine\train\aachen\aachen_000047_000019_gtFine_labelIds.png","C:\Documents\Year 4 , Term 1\multiclass_scsc\data\raw\gtFine\train\aachen\aachen_000047_000019_gtFine_instanceIds.png",11976,72467,7722,5,18,1,True,True,True,1,Tier 1 - Strong and balanced,0.1299408669234525,0.7862746161775077,0.08378451689903976,92165,0.2862746161775077,0.7137253838224923,0.9174377350603783,0.7937005259840998,1.0,0.4189225844951988,80.07226821694854
val,munster,munster_000058_000019,"C:\Documents\Year 4 , Term 1\multiclass_scsc\data\raw\leftImg8bit\val\munster\munster_000058_000019_leftImg8bit.png","C:\Documents\Year 4 , Term 1\multiclass_scsc\data\raw\gtFine\val\munster\munster_000058_000019_gtFine_labelIds.png","C:\Documents\Year 4 , Term 1\multiclass_scsc\data\raw\gtFine\val\munster\munster_000058_000019_gtFine_instanceIds.png",15187,77713,7750,5,5,1,True,True,True,1,Tier 1 - Strong and balanced,0.15088922006954794,0.7721112767014406,0.07699950322901143,100650,0.27211127670144064,0.7278887232985594,0.9185452750071139,0.7469007910928608,1.0,0.3849975161450571,79.800406629274
train,stuttgart,stuttgart_000176_000019,"C:\Documents\Year 4 , Term 1\multiclass_scsc\data\raw\leftImg8bit\train\stuttgart\stuttgart_000176_000019_leftImg8bit.png","C:\Documents\Year 4 , Term 1\multiclass_scsc\data\raw\gtFine\train\stuttgart\stuttgart_000176_000019_gtFine_labelIds.png","C:\Documents\Year 4 , Term 1\multiclass_scsc\data\raw\gtFine\train\stuttgart\stuttgart_000176_000019_gtFine_instanceIds.png",12435,43713,3940,13,12,2,True,True,True,1,Tier 1 - Strong and balanced,0.20694647849820264,0.727483024896818,0.06557049660497936,60088,0.22748302489681801,0.772516975103182,0.7331036930185336,1.0,1.0,0.3278524830248968,79.53305220980778
train,zurich,zurich_000011_000019,"C:\Documents\Year 4 , Term 1\multiclass_scsc\data\raw\leftImg8bit\train\zurich\zurich_000011_000019_leftImg8bit.png","C:\Documents\Year 4 , Term 1\multiclass_scsc\data\raw\gtFine\train\zurich\zurich_000011_000019_gtFine_labelIds.png","C:\Documents\Year 4 , Term 1\multiclass_scsc\data\raw\gtFine\train\zurich\zurich_000011_000019_gtFine_instanceIds.png",12521,23859,3218,5,6,2,True,True,True,1,Tier 1 - Strong and balanced,0.3162028385271983,0.6025304308298399,0.08126673064296176,39598,0.11873326935703826,0.8812667306429618,0.634900507279863,1.0,0.79196,0.4063336532148088,79.24895271018842
train,hanover,hanover_000000_003224,"C:\Documents\Year 4 , Term 1\multiclass_scsc\data\raw\leftImg8bit\train\hanover\hanover_000000_003224_leftImg8bit.png","C:\Documents\Year 4 , Term 1\multiclass_scsc\data\raw\gtFine\train\hanover\hanover_000000_003224_gtFine_labelIds.png","C:\Documents\Year 4 , Term 1\multiclass_scsc\data\raw\gtFine\train\hanover\hanover_000000_003224_gtFine_instanceIds.png",18089,51236,4555,5,10,1,True,True,True,1,Tier 1 - Strong and balanced,0.24484298863021114,0.6935029778018408,0.061654033567948026,73880,0.1935029778018408,0.8064970221981592,0.7694188001877681,0.7937005259840998,1.0,0.3082701678397401,78.78930362251961
train,aachen,aachen_000086_000019,"C:\Documents\Year 4 , Term 1\multiclass_scsc\data\raw\leftImg8bit\train\aachen\aachen_000086_000019_leftImg8bit.png","C:\Documents\Year 4 , Term 1\multiclass_scsc\data\raw\gtFine\train\aachen\aachen_000086_000019_gtFine_labelIds.png","C:\Documents\Year 4 , Term 1\multiclass_scsc\data\raw\gtFine\train\aachen\aachen_000086_000019_gtFine_instanceIds.png",16234,78068,6113,10,9,1,True,True,True,1,Tier 1 - Strong and balanced,0.1616690733456157,0.7774535676940696,0.060877358960314695,100415,0.2774535676940696,0.7225464323059304,0.8486946515298388,0.7937005259840998,1.0,0.30438679480157343,77.79013870190174
train,weimar,weimar_000104_000019,"C:\Documents\Year 4 , Term 1\multiclass_scsc\data\raw\leftImg8bit\train\weimar\weimar_000104_000019_leftImg8bit.png","C:\Documents\Year 4 , Term 1\multiclass_scsc\data\raw\gtFine\train\weimar\weimar_000104_000019_gtFine_labelIds.png","C:\Documents\Year 4 , Term 1\multiclass_scsc\data\raw\gtFine\train\weimar\weimar_000104_000019_gtFine_instanceIds.png",11372,51677,4711,9,9,1,True,True,True,1,Tier 1 - Strong and balanced,0.167827626918536,0.7626475796930342,0.06952479338842975,67760,0.2626475796930342,0.7373524203069658,0.7781040958777261,0.7937005259840998,1.0,0.3476239669421487,76.48084741308266
train,hamburg,hamburg_000000_091155,"C:\Documents\Year 4 , Term 1\multiclass_scsc\data\raw\leftImg8bit\train\hamburg\hamburg_000000_091155_leftImg8bit.png","C:\Documents\Year 4 , Term 1\multiclass_scsc\data\raw\gtFine\train\hamburg\hamburg_000000_091155_gtFine_labelIds.png","C:\Documents\Year 4 , Term 1\multiclass_scsc\data\raw\gtFine\train\hamburg\hamburg_000000_091155_gtFine_instanceIds.png",71371,89750,31791,12,7,2,True,True,False,2,Tier 2 - Strong quantities,0.3699666169030439,0.46523803599568714,0.16479534710126897,192912,0.0699666169030439,0.930033383096956,1.0,1.0,1.0,0.8239767355063449,96.32121900140996
val,frankfurt,frankfurt_000000_022254,"C:\Documents\Year 4 , Term 1\multiclass_scsc\data\raw\leftImg8bit\val\frankfurt\frankfurt_000000_022254_leftImg8bit.png","C:\Documents\Year 4 , Term 1\multiclass_scsc\data\raw\gtFine\val\frankfurt\frankfurt_000000_022254_gtFine_labelIds.png","C:\Documents\Year 4 , Term 1\multiclass_scsc\data\raw\gtFine\val\frankfurt\frankfurt_000000_022254_gtFine_instanceIds.png",40943,39143,30031,6,6,3,True,True,False,2,Tier 2 - Strong quantities,0.3718136164261649,0.35546736652832894,0.27271901704550616,110117,0.14453263347167106,0.855467366528329,1.0,1.0,1.0,1.0,94.21869466113317
train,cologne,cologne_000019_000019,"C:\Documents\Year 4 , Term 1\multiclass_scsc\data\raw\leftImg8bit\train\cologne\cologne_000019_000019_leftImg8bit.png","C:\Documents\Year 4 , Term 1\multiclass_scsc\data\raw\gtFine\train\cologne\cologne_000019_000019_gtFine_labelIds.png","C:\Documents\Year 4 , Term 1\multiclass_scsc\data\raw\gtFine\train\cologne\cologne_000019_000019_gtFine_instanceIds.png",120548,131901,103177,6,5,6,True,True,False,2,Tier 2 - Strong quantities,0.3389740907582685,0.3708980783182332,0.2901278309234983,355626,0.12910192168176682,0.8708980783182332,1.0,0.9410360288810286,1.0,1.0,93.95146356594476
train,dusseldorf,dusseldorf_000190_000019,"C:\Documents\Year 4 , Term 1\multiclass_scsc\data\raw\leftImg8bit\train\dusseldorf\dusseldorf_000190_000019_leftImg8bit.png","C:\Documents\Year 4 , Term 1\multiclass_scsc\data\raw\gtFine\train\dusseldorf\dusseldorf_000190_000019_gtFine_labelIds.png","C:\Documents\Year 4 , Term 1\multiclass_scsc\data\raw\gtFine\train\dusseldorf\dusseldorf_000190_000019_gtFine_instanceIds.png",46580,47905,21111,8,4,2,True,True,False,2,Tier 2 - Strong quantities,0.40295511955430985,0.4144174538911381,0.18262742655455205,115596,0.10295511955430986,0.8970448804456901,1.0,0.8735804647362989,1.0,0.9131371327727602,93.55118785273588
val,munster,munster_000084_000019,"C:\Documents\Year 4 , Term 1\multiclass_scsc\data\raw\leftImg8bit\val\munster\munster_000084_000019_leftImg8bit.png","C:\Documents\Year 4 , Term 1\multiclass_scsc\data\raw\gtFine\val\munster\munster_000084_000019_gtFine_labelIds.png","C:\Documents\Year 4 , Term 1\multiclass_scsc\data\raw\gtFine\val\munster\munster_000084_000019_gtFine_instanceIds.png",32193,28853,15624,6,4,2,True,True,False,2,Tier 2 - Strong quantities,0.41989043954610666,0.3763271162123386,0.20378244424155473,76670,0.12367288378766139,0.8763271162123386,0.9870895942756007,0.8735804647362989,1.0,1.0,92.76947944780606
train,strasbourg,strasbourg_000000_033129,"C:\Documents\Year 4 , Term 1\multiclass_scsc\data\raw\leftImg8bit\train\strasbourg\strasbourg_000000_033129_leftImg8bit.png","C:\Documents\Year 4 , Term 1\multiclass_scsc\data\raw\gtFine\train\strasbourg\strasbourg_000000_033129_gtFine_labelIds.png","C:\Documents\Year 4 , Term 1\multiclass_scsc\data\raw\gtFine\train\strasbourg\strasbourg_000000_033129_gtFine_instanceIds.png",63801,99465,11920,12,11,3,True,True,False,2,Tier 2 - Strong quantities,0.36419006084961125,0.5677679723265557,0.06804196682383296,175186,0.13195803317616703,0.8680419668238329,1.0,1.0,1.0,0.3402098341191648,91.42272784354914
train,tubingen,tubingen_000108_000019,"C:\Documents\Year 4 , Term 1\multiclass_scsc\data\raw\leftImg8bit\train\tubingen\tubingen_000108_000019_leftImg8bit.png","C:\Documents\Year 4 , Term 1\multiclass_scsc\data\raw\gtFine\train\tubingen\tubingen_000108_000019_gtFine_labelIds.png","C:\Documents\Year 4 , Term 1\multiclass_scsc\data\raw\gtFine\train\tubingen\tubingen_000108_000019_gtFine_instanceIds.png",51797,53021,11821,16,5,1,True,True,False,2,Tier 2 - Strong quantities,0.4440795960184844,0.4545735131474035,0.1013468908341121,116639,0.1440795960184844,0.8559204039815156,1.0,0.7469007910928608,1.0,0.5067344541705604,87.97400029650633
train,hanover,hanover_000000_027390,"C:\Documents\Year 4 , Term 1\multiclass_scsc\data\raw\leftImg8bit\train\hanover\hanover_000000_027390_leftImg8bit.png","C:\Documents\Year 4 , Term 1\multiclass_scsc\data\raw\gtFine\train\hanover\hanover_000000_027390_gtFine_labelIds.png","C:\Documents\Year 4 , Term 1\multiclass_scsc\data\raw\gtFine\train\hanover\hanover_000000_027390_gtFine_instanceIds.png",33956,317368,96312,28,3,5,True,True,False,2,Tier 2 - Strong quantities,0.07585627608145905,0.7089867660331162,0.21515695788542477,447636,0.22414372391854093,0.7758562760814591,1.0,0.7937005259840998,1.0,1.0,87.93975893301987
train,hamburg,hamburg_000000_099902,"C:\Documents\Year 4 , Term 1\multiclass_scsc\data\raw\leftImg8bit\train\hamburg\hamburg_000000_099902_leftImg8bit.png","C:\Documents\Year 4 , Term 1\multiclass_scsc\data\raw\gtFine\train\hamburg\hamburg_000000_099902_gtFine_labelIds.png","C:\Documents\Year 4 , Term 1\multiclass_scsc\data\raw\gtFine\train\hamburg\hamburg_000000_099902_gtFine_instanceIds.png",47240,36766,11994,98,13,1,True,True,False,2,Tier 2 - Strong quantities,0.4920833333333333,0.38297916666666665,0.1249375,96000,0.19208333333333333,0.8079166666666666,1.0,0.7937005259840998,1.0,0.6246875,87.34561205642817
train,bremen,bremen_000085_000019,"C:\Documents\Year 4 , Term 1\multiclass_scsc\data\raw\leftImg8bit\train\bremen\bremen_000085_000019_leftImg8bit.png","C:\Documents\Year 4 , Term 1\multiclass_scsc\data\raw\gtFine\train\bremen\bremen_000085_000019_gtFine_labelIds.png","C:\Documents\Year 4 , Term 1\multiclass_scsc\data\raw\gtFine\train\bremen\bremen_000085_000019_gtFine_instanceIds.png",31157,20305,14291,5,7,1,True,True,False,2,Tier 2 - Strong quantities,0.4738491019421167,0.3088072027131842,0.2173436953446991,65753,0.19119279728681582,0.8088072027131842,0.8779987811955368,0.7937005259840998,1.0,1.0,85.59775943415498
train,darmstadt,darmstadt_000062_000019,"C:\Documents\Year 4 , Term 1\multiclass_scsc\data\raw\leftImg8bit\train\darmstadt\darmstadt_000062_000019_leftImg8bit.png","C:\Documents\Year 4 , Term 1\multiclass_scsc\data\raw\gtFine\train\darmstadt\darmstadt_000062_000019_gtFine_labelIds.png","C:\Documents\Year 4 , Term 1\multiclass_scsc\data\raw\gtFine\train\darmstadt\darmstadt_000062_000019_gtFine_instanceIds.png",37231,113485,110653,2,11,1,True,True,False,2,Tier 2 - Strong quantities,0.14244612023614123,0.43419456783321664,0.42335931193064213,261369,0.22335931193064212,0.7766406880693579,1.0,0.6299605249474366,1.0,1.0,85.51503539698587
train,aachen,aachen_000089_000019,"C:\Documents\Year 4 , Term 1\multiclass_scsc\data\raw\leftImg8bit\train\aachen\aachen_000089_000019_leftImg8bit.png","C:\Documents\Year 4 , Term 1\multiclass_scsc\data\raw\gtFine\train\aachen\aachen_000089_000019_gtFine_labelIds.png","C:\Documents\Year 4 , Term 1\multiclass_scsc\data\raw\gtFine\train\aachen\aachen_000089_000019_gtFine_instanceIds.png",12315,310794,65985,14,4,7,True,True,False,2,Tier 2 - Strong quantities,0.031650449505774954,0.7987632808524419,0.16958626964178322,389094,0.29876328085244186,0.7012367191475581,1.0,0.8735804647362989,1.0,0.847931348208916,85.39283247799139
train,stuttgart,stuttgart_000182_000019,"C:\Documents\Year 4 , Term 1\multiclass_scsc\data\raw\leftImg8bit\train\stuttgart\stuttgart_000182_000019_leftImg8bit.png","C:\Documents\Year 4 , Term 1\multiclass_scsc\data\raw\gtFine\train\stuttgart\stuttgart_000182_000019_gtFine_labelIds.png","C:\Documents\Year 4 , Term 1\multiclass_scsc\data\raw\gtFine\train\stuttgart\stuttgart_000182_000019_gtFine_instanceIds.png",57069,38206,128736,32,8,8,True,True,False,2,Tier 2 - Strong quantities,0.2547598109021432,0.17055412457423966,0.5746860645236171,224011,0.3746860645236171,0.6253139354763829,1.0,1.0,1.0,1.0,85.01255741905533
val,munster,munster_000040_000019,"C:\Documents\Year 4 , Term 1\multiclass_scsc\data\raw\leftImg8bit\val\munster\munster_000040_000019_leftImg8bit.png","C:\Documents\Year 4 , Term 1\multiclass_scsc\data\raw\gtFine\val\munster\munster_000040_000019_gtFine_labelIds.png","C:\Documents\Year 4 , Term 1\multiclass_scsc\data\raw\gtFine\val\munster\munster_000040_000019_gtFine_instanceIds.png",88224,31655,28093,11,6,1,True,True,False,2,Tier 2 - Strong quantities,0.5962209066580164,0.21392560754737383,0.18985348579460978,147972,0.2962209066580164,0.7037790933419836,1.0,0.7937005259840998,1.0,0.9492674289730488,84.80300876830609
train,hanover,hanover_000000_026804,"C:\Documents\Year 4 , Term 1\multiclass_scsc\data\raw\leftImg8bit\train\hanover\hanover_000000_026804_leftImg8bit.png","C:\Documents\Year 4 , Term 1\multiclass_scsc\data\raw\gtFine\train\hanover\hanover_000000_026804_gtFine_labelIds.png","C:\Documents\Year 4 , Term 1\multiclass_scsc\data\raw\gtFine\train\hanover\hanover_000000_026804_gtFine_instanceIds.png",61170,112423,6165,10,9,5,True,True,False,2,Tier 2 - Strong quantities,0.34029083545655825,0.6254130553299436,0.03429610921349815,179758,0.16570389078650188,0.8342961092134982,0.8510943229322572,1.0,1.0,0.17148054606749072,84.76207678684509
val,frankfurt,frankfurt_000001_064130,"C:\Documents\Year 4 , Term 1\multiclass_scsc\data\raw\leftImg8bit\val\frankfurt\frankfurt_000001_064130_leftImg8bit.png","C:\Documents\Year 4 , Term 1\multiclass_scsc\data\raw\gtFine\val\frankfurt\frankfurt_000001_064130_gtFine_labelIds.png","C:\Documents\Year 4 , Term 1\multiclass_scsc\data\raw\gtFine\val\frankfurt\frankfurt_000001_064130_gtFine_instanceIds.png",11841,64721,109402,4,9,4,True,True,False,2,Tier 2 - Strong quantities,0.06367361424791895,0.3480297261835624,0.5882966595685186,185964,0.3882966595685186,0.6117033404314813,1.0,1.0,1.0,1.0,84.46813361725926
train,strasbourg,strasbourg_000000_028822,"C:\Documents\Year 4 , Term 1\multiclass_scsc\data\raw\leftImg8bit\train\strasbourg\strasbourg_000000_028822_leftImg8bit.png","C:\Documents\Year 4 , Term 1\multiclass_scsc\data\raw\gtFine\train\strasbourg\strasbourg_000000_028822_gtFine_labelIds.png","C:\Documents\Year 4 , Term 1\multiclass_scsc\data\raw\gtFine\train\strasbourg\strasbourg_000000_028822_gtFine_instanceIds.png",85258,71441,9296,28,14,1,True,True,False,2,Tier 2 - Strong quantities,0.5136178800566282,0.43038043314557667,0.05600168679779512,165995,0.21361788005662824,0.7863821199433718,0.9759600449468201,0.7937005259840998,1.0,0.28000843398897557,84.03963620584585
train,hamburg,hamburg_000000_053886,"C:\Documents\Year 4 , Term 1\multiclass_scsc\data\raw\leftImg8bit\train\hamburg\hamburg_000000_053886_leftImg8bit.png","C:\Documents\Year 4 , Term 1\multiclass_scsc\data\raw\gtFine\train\hamburg\hamburg_000000_053886_gtFine_labelIds.png","C:\Documents\Year 4 , Term 1\multiclass_scsc\data\raw\gtFine\train\hamburg\hamburg_000000_053886_gtFine_instanceIds.png",64643,53100,8719,24,7,1,True,True,False,2,Tier 2 - Strong quantities,0.5111654093719853,0.4198889785073777,0.06894561212063703,126462,0.21116540937198527,0.7888345906280148,0.9553347145036838,0.7937005259840998,1.0,0.3447280606031851,83.84257325300854
train,hamburg,hamburg_000000_054029,"C:\Documents\Year 4 , Term 1\multiclass_scsc\data\raw\leftImg8bit\train\hamburg\hamburg_000000_054029_leftImg8bit.png","C:\Documents\Year 4 , Term 1\multiclass_scsc\data\raw\gtFine\train\hamburg\hamburg_000000_054029_gtFine_labelIds.png","C:\Documents\Year 4 , Term 1\multiclass_scsc\data\raw\gtFine\train\hamburg\hamburg_000000_054029_gtFine_instanceIds.png",86413,123782,5140,58,15,2,True,True,False,2,Tier 2 - Strong quantities,0.40129565560638075,0.574834560104024,0.023869784289595283,215335,0.17613021571040474,0.8238697842895952,0.8010403132656571,1.0,1.0,0.11934892144797642,82.58274537679341
train,strasbourg,strasbourg_000001_049776,"C:\Documents\Year 4 , Term 1\multiclass_scsc\data\raw\leftImg8bit\train\strasbourg\strasbourg_000001_049776_leftImg8bit.png","C:\Documents\Year 4 , Term 1\multiclass_scsc\data\raw\gtFine\train\strasbourg\strasbourg_000001_049776_gtFine_labelIds.png","C:\Documents\Year 4 , Term 1\multiclass_scsc\data\raw\gtFine\train\strasbourg\strasbourg_000001_049776_gtFine_instanceIds.png",27967,178360,9392,7,14,2,True,True,False,2,Tier 2 - Strong quantities,0.1296455110583676,0.8268163675893175,0.043538121352314815,215719,0.32681636758931754,0.6731836324106825,0.979308133073873,1.0,1.0,0.21769060676157406,82.39504232245136
train,jena,jena_000076_000019,"C:\Documents\Year 4 , Term 1\multiclass_scsc\data\raw\leftImg8bit\train\jena\jena_000076_000019_leftImg8bit.png","C:\Documents\Year 4 , Term 1\multiclass_scsc\data\raw\gtFine\train\jena\jena_000076_000019_gtFine_labelIds.png","C:\Documents\Year 4 , Term 1\multiclass_scsc\data\raw\gtFine\train\jena\jena_000076_000019_gtFine_instanceIds.png",39040,97716,6153,18,4,2,True,True,False,2,Tier 2 - Strong quantities,0.2731808353567655,0.6837637937428713,0.04305537090036317,142909,0.18376379374287133,0.8162362062571287,0.8505417538284243,0.8735804647362989,1.0,0.21527685450181583,82.34579210869144
train,erfurt,erfurt_000056_000019,"C:\Documents\Year 4 , Term 1\multiclass_scsc\data\raw\leftImg8bit\train\erfurt\erfurt_000056_000019_leftImg8bit.png","C:\Documents\Year 4 , Term 1\multiclass_scsc\data\raw\gtFine\train\erfurt\erfurt_000056_000019_gtFine_labelIds.png","C:\Documents\Year 4 , Term 1\multiclass_scsc\data\raw\gtFine\train\erfurt\erfurt_000056_000019_gtFine_instanceIds.png",140819,209915,5281,9,7,2,True,True,False,2,Tier 2 - Strong quantities,0.3955423226549443,0.5896240326952517,0.014833644649804082,356015,0.18516635535019596,0.814833644649804,0.80829902666129,1.0,1.0,0.0741682232490204,82.21315770207596
train,zurich,zurich_000017_000019,"C:\Documents\Year 4 , Term 1\multiclass_scsc\data\raw\leftImg8bit\train\zurich\zurich_000017_000019_leftImg8bit.png","C:\Documents\Year 4 , Term 1\multiclass_scsc\data\raw\gtFine\train\zurich\zurich_000017_000019_gtFine_labelIds.png","C:\Documents\Year 4 , Term 1\multiclass_scsc\data\raw\gtFine\train\zurich\zurich_000017_000019_gtFine_instanceIds.png",15019,26182,47917,4,3,2,True,True,False,2,Tier 2 - Strong quantities,0.1685293655602684,0.29379025561614935,0.5376803788235822,89118,0.33768037882358226,0.6623196211764177,0.9556389767524276,0.7937005259840998,1.0,1.0,82.06746203939105
train,cologne,cologne_000092_000019,"C:\Documents\Year 4 , Term 1\multiclass_scsc\data\raw\leftImg8bit\train\cologne\cologne_000092_000019_leftImg8bit.png","C:\Documents\Year 4 , Term 1\multiclass_scsc\data\raw\gtFine\train\cologne\cologne_000092_000019_gtFine_labelIds.png","C:\Documents\Year 4 , Term 1\multiclass_scsc\data\raw\gtFine\train\cologne\cologne_000092_000019_gtFine_instanceIds.png",13129,146496,15503,4,16,1,True,True,False,2,Tier 2 - Strong quantities,0.0749680233886072,0.8365081540359052,0.08852382257548765,175128,0.33650815403590517,0.6634918459640948,1.0,0.7937005259840998,1.0,0.4426191128774382,80.65827729271248
train,hamburg,hamburg_000000_081299,"C:\Documents\Year 4 , Term 1\multiclass_scsc\data\raw\leftImg8bit\train\hamburg\hamburg_000000_081299_leftImg8bit.png","C:\Documents\Year 4 , Term 1\multiclass_scsc\data\raw\gtFine\train\hamburg\hamburg_000000_081299_gtFine_labelIds.png","C:\Documents\Year 4 , Term 1\multiclass_scsc\data\raw\gtFine\train\hamburg\hamburg_000000_081299_gtFine_instanceIds.png",60090,175329,6892,24,18,1,True,True,False,2,Tier 2 - Strong quantities,0.2479870909698693,0.7235701226935632,0.02844278633656747,242311,0.22357012269356324,0.7764298773064368,0.8833139507633402,0.7937005259840998,1.0,0.14221393168283733,80.17319116333336
train,bremen,bremen_000221_000019,"C:\Documents\Year 4 , Term 1\multiclass_scsc\data\raw\leftImg8bit\train\bremen\bremen_000221_000019_leftImg8bit.png","C:\Documents\Year 4 , Term 1\multiclass_scsc\data\raw\gtFine\train\bremen\bremen_000221_000019_gtFine_labelIds.png","C:\Documents\Year 4 , Term 1\multiclass_scsc\data\raw\gtFine\train\bremen\bremen_000221_000019_gtFine_instanceIds.png",15507,230888,10867,13,17,2,True,True,False,2,Tier 2 - Strong quantities,0.06027707162348112,0.8974819444768368,0.04224098389968203,257262,0.3974819444768368,0.6025180555231632,1.0,1.0,1.0,0.21120491949841017,80.15674681841858
train,darmstadt,darmstadt_000058_000019,"C:\Documents\Year 4 , Term 1\multiclass_scsc\data\raw\leftImg8bit\train\darmstadt\darmstadt_000058_000019_leftImg8bit.png","C:\Documents\Year 4 , Term 1\multiclass_scsc\data\raw\gtFine\train\darmstadt\darmstadt_000058_000019_gtFine_labelIds.png","C:\Documents\Year 4 , Term 1\multiclass_scsc\data\raw\gtFine\train\darmstadt\darmstadt_000058_000019_gtFine_instanceIds.png",67270,513421,37006,2,10,4,True,True,False,2,Tier 2 - Strong quantities,0.10890452762438542,0.8311858403068171,0.059909632068797486,617697,0.33118584030681714,0.6688141596931829,1.0,0.7937005259840998,1.0,0.2995481603439874,80.15581507920876
train,tubingen,tubingen_000109_000019,"C:\Documents\Year 4 , Term 1\multiclass_scsc\data\raw\leftImg8bit\train\tubingen\tubingen_000109_000019_leftImg8bit.png","C:\Documents\Year 4 , Term 1\multiclass_scsc\data\raw\gtFine\train\tubingen\tubingen_000109_000019_gtFine_labelIds.png","C:\Documents\Year 4 , Term 1\multiclass_scsc\data\raw\gtFine\train\tubingen\tubingen_000109_000019_gtFine_instanceIds.png",30410,28253,4993,8,3,2,True,True,False,2,Tier 2 - Strong quantities,0.47772401658916674,0.4438387583260023,0.07843722508483096,63656,0.17772401658916676,0.8222759834108333,0.7776215608178533,0.7937005259840998,1.0,0.39218612542415476,80.0861246778512
train,aachen,aachen_000009_000019,"C:\Documents\Year 4 , Term 1\multiclass_scsc\data\raw\leftImg8bit\train\aachen\aachen_000009_000019_leftImg8bit.png","C:\Documents\Year 4 , Term 1\multiclass_scsc\data\raw\gtFine\train\aachen\aachen_000009_000019_gtFine_labelIds.png","C:\Documents\Year 4 , Term 1\multiclass_scsc\data\raw\gtFine\train\aachen\aachen_000009_000019_gtFine_instanceIds.png",19544,28377,3522,5,9,1,True,True,False,2,Tier 2 - Strong quantities,0.3799156347802422,0.5516202398771456,0.06846412534261222,51443,0.1315358746573878,0.8684641253426122,0.693231346459216,0.7937005259840998,1.0,0.34232062671306107,79.15261643080778
train,hanover,hanover_000000_026356,"C:\Documents\Year 4 , Term 1\multiclass_scsc\data\raw\leftImg8bit\train\hanover\hanover_000000_026356_leftImg8bit.png","C:\Documents\Year 4 , Term 1\multiclass_scsc\data\raw\gtFine\train\hanover\hanover_000000_026356_gtFine_labelIds.png","C:\Documents\Year 4 , Term 1\multiclass_scsc\data\raw\gtFine\train\hanover\hanover_000000_026356_gtFine_instanceIds.png",54883,66765,4256,14,10,1,True,True,False,2,Tier 2 - Strong quantities,0.4359114881179311,0.5302849790316432,0.03380353285042572,125904,0.1661964671495743,0.8338035328504256,0.7522009422271212,0.7937005259840998,1.0,0.16901766425212858,78.66876579185279
train,ulm,ulm_000018_000019,"C:\Documents\Year 4 , Term 1\multiclass_scsc\data\raw\leftImg8bit\train\ulm\ulm_000018_000019_leftImg8bit.png","C:\Documents\Year 4 , Term 1\multiclass_scsc\data\raw\gtFine\train\ulm\ulm_000018_000019_gtFine_labelIds.png","C:\Documents\Year 4 , Term 1\multiclass_scsc\data\raw\gtFine\train\ulm\ulm_000018_000019_gtFine_instanceIds.png",48242,63538,4109,11,16,1,True,True,False,2,Tier 2 - Strong quantities,0.41627764498787634,0.5482660131677726,0.03545634184435106,115889,0.16454365815564892,0.835456341844351,0.7434390692400666,0.7937005259840998,1.0,0.17728170922175526,78.51334218684633
train,monchengladbach,monchengladbach_000000_011383,"C:\Documents\Year 4 , Term 1\multiclass_scsc\data\raw\leftImg8bit\train\monchengladbach\monchengladbach_000000_011383_leftImg8bit.png","C:\Documents\Year 4 , Term 1\multiclass_scsc\data\raw\gtFine\train\monchengladbach\monchengladbach_000000_011383_gtFine_labelIds.png","C:\Documents\Year 4 , Term 1\multiclass_scsc\data\raw\gtFine\train\monchengladbach\monchengladbach_000000_011383_gtFine_instanceIds.png",66656,34421,7834,7,5,1,True,True,False,2,Tier 2 - Strong quantities,0.612022660704612,0.31604704758931607,0.07193029170607193,108911,0.312022660704612,0.6879773392953881,0.921851972038012,0.7469007910928608,1.0,0.3596514585303596,78.17642189200058
train,monchengladbach,monchengladbach_000000_018720,"C:\Documents\Year 4 , Term 1\multiclass_scsc\data\raw\leftImg8bit\train\monchengladbach\monchengladbach_000000_018720_leftImg8bit.png","C:\Documents\Year 4 , Term 1\multiclass_scsc\data\raw\gtFine\train\monchengladbach\monchengladbach_000000_018720_gtFine_labelIds.png","C:\Documents\Year 4 , Term 1\multiclass_scsc\data\raw\gtFine\train\monchengladbach\monchengladbach_000000_018720_gtFine_instanceIds.png",26459,23059,4590,8,3,2,True,True,False,2,Tier 2 - Strong quantities,0.48900347453241666,0.4261661861462261,0.08483033932135728,54108,0.18900347453241667,0.8109965254675833,0.7066059661678327,0.7937005259840998,1.0,0.42415169660678637,77.66430637653374
train,hanover,hanover_000000_038927,"C:\Documents\Year 4 , Term 1\multiclass_scsc\data\raw\leftImg8bit\train\hanover\hanover_000000_038927_leftImg8bit.png","C:\Documents\Year 4 , Term 1\multiclass_scsc\data\raw\gtFine\train\hanover\hanover_000000_038927_gtFine_labelIds.png","C:\Documents\Year 4 , Term 1\multiclass_scsc\data\raw\gtFine\train\hanover\hanover_000000_038927_gtFine_instanceIds.png",35544,22215,6415,46,10,1,True,True,False,2,Tier 2 - Strong quantities,0.553869168198959,0.34616823012434944,0.09996260167669149,64174,0.25386916819895905,0.7461308318010409,0.7802622118645227,0.7937005259840998,1.0,0.49981300838345744,77.6576725596561
train,darmstadt,darmstadt_000051_000019,"C:\Documents\Year 4 , Term 1\multiclass_scsc\data\raw\leftImg8bit\train\darmstadt\darmstadt_000051_000019_leftImg8bit.png","C:\Documents\Year 4 , Term 1\multiclass_scsc\data\raw\gtFine\train\darmstadt\darmstadt_000051_000019_gtFine_labelIds.png","C:\Documents\Year 4 , Term 1\multiclass_scsc\data\raw\gtFine\train\darmstadt\darmstadt_000051_000019_gtFine_instanceIds.png",15826,124057,8479,7,5,1,True,True,False,2,Tier 2 - Strong quantities,0.10667151966136881,0.8361777274504253,0.057150752888205876,148362,0.3361777274504253,0.6638222725495747,0.9464874906105499,0.7469007910928608,1.0,0.28575376444102935,77.57979630889756
train,hamburg,hamburg_000000_084865,"C:\Documents\Year 4 , Term 1\multiclass_scsc\data\raw\leftImg8bit\train\hamburg\hamburg_000000_084865_leftImg8bit.png","C:\Documents\Year 4 , Term 1\multiclass_scsc\data\raw\gtFine\train\hamburg\hamburg_000000_084865_gtFine_labelIds.png","C:\Documents\Year 4 , Term 1\multiclass_scsc\data\raw\gtFine\train\hamburg\hamburg_000000_084865_gtFine_instanceIds.png",26479,144589,5297,21,17,3,True,True,False,2,Tier 2 - Strong quantities,0.1501374989368639,0.8198281972046608,0.03003430385847532,176365,0.3198281972046608,0.6801718027953392,0.8091145127069433,1.0,1.0,0.1501715192923766,77.23116508948375
train,hamburg,hamburg_000000_020211,"C:\Documents\Year 4 , Term 1\multiclass_scsc\data\raw\leftImg8bit\train\hamburg\hamburg_000000_020211_leftImg8bit.png","C:\Documents\Year 4 , Term 1\multiclass_scsc\data\raw\gtFine\train\hamburg\hamburg_000000_020211_gtFine_labelIds.png","C:\Documents\Year 4 , Term 1\multiclass_scsc\data\raw\gtFine\train\hamburg\hamburg_000000_020211_gtFine_instanceIds.png",10154,199650,10826,12,10,1,True,True,False,2,Tier 2 - Strong quantities,0.04602275302542719,0.9049086706250283,0.049068576349544486,220630,0.40490867062502833,0.5950913293749717,1.0,0.7937005259840998,1.0,0.24534288174772242,76.93587547349898
train,bremen,bremen_000098_000019,"C:\Documents\Year 4 , Term 1\multiclass_scsc\data\raw\leftImg8bit\train\bremen\bremen_000098_000019_leftImg8bit.png","C:\Documents\Year 4 , Term 1\multiclass_scsc\data\raw\gtFine\train\bremen\bremen_000098_000019_gtFine_labelIds.png","C:\Documents\Year 4 , Term 1\multiclass_scsc\data\raw\gtFine\train\bremen\bremen_000098_000019_gtFine_instanceIds.png",61197,139439,3759,21,10,1,True,True,False,2,Tier 2 - Strong quantities,0.2994055627583845,0.6822035764084249,0.018390860833190636,204395,0.18220357640842488,0.8177964235915751,0.7217012240763416,0.7937005259840998,1.0,0.09195430416595318,76.72817307654452
val,frankfurt,frankfurt_000001_067735,"C:\Documents\Year 4 , Term 1\multiclass_scsc\data\raw\leftImg8bit\val\frankfurt\frankfurt_000001_067735_leftImg8bit.png","C:\Documents\Year 4 , Term 1\multiclass_scsc\data\raw\gtFine\val\frankfurt\frankfurt_000001_067735_gtFine_labelIds.png","C:\Documents\Year 4 , Term 1\multiclass_scsc\data\raw\gtFine\val\frankfurt\frankfurt_000001_067735_gtFine_instanceIds.png",17872,335666,22585,3,16,1,True,True,False,2,Tier 2 - Strong quantities,0.0475163709743887,0.8924367826482295,0.06004684637738187,376123,0.39243678264822945,0.6075632173517705,1.0,0.7211247851537042,1.0,0.30023423188690934,76.62057163081091
train,hamburg,hamburg_000000_044400,"C:\Documents\Year 4 , Term 1\multiclass_scsc\data\raw\leftImg8bit\train\hamburg\hamburg_000000_044400_leftImg8bit.png","C:\Documents\Year 4 , Term 1\multiclass_scsc\data\raw\gtFine\train\hamburg\hamburg_000000_044400_gtFine_labelIds.png","C:\Documents\Year 4 , Term 1\multiclass_scsc\data\raw\gtFine\train\hamburg\hamburg_000000_044400_gtFine_instanceIds.png",15564,190451,8901,34,10,1,True,True,False,2,Tier 2 - Strong quantities,0.07241899160602282,0.8861648271882968,0.04141618120568036,214916,0.3861648271882968,0.6138351728117032,0.9619361964821478,0.7937005259840998,1.0,0.2070809060284018,76.35240522683605
train,ulm,ulm_000073_000019,"C:\Documents\Year 4 , Term 1\multiclass_scsc\data\raw\leftImg8bit\train\ulm\ulm_000073_000019_leftImg8bit.png","C:\Documents\Year 4 , Term 1\multiclass_scsc\data\raw\gtFine\train\ulm\ulm_000073_000019_gtFine_labelIds.png","C:\Documents\Year 4 , Term 1\multiclass_scsc\data\raw\gtFine\train\ulm\ulm_000073_000019_gtFine_instanceIds.png",19689,127801,6836,21,9,1,True,True,False,2,Tier 2 - Strong quantities,0.12758057618288557,0.8281235825460389,0.04429584127107552,154326,0.3281235825460389,0.6718764174539611,0.8809150261851609,0.7937005259840998,1.0,0.22147920635537757,76.31541140525167
val,frankfurt,frankfurt_000001_014221,"C:\Documents\Year 4 , Term 1\multiclass_scsc\data\raw\leftImg8bit\val\frankfurt\frankfurt_000001_014221_leftImg8bit.png","C:\Documents\Year 4 , Term 1\multiclass_scsc\data\raw\gtFine\val\frankfurt\frankfurt_000001_014221_gtFine_labelIds.png","C:\Documents\Year 4 , Term 1\multiclass_scsc\data\raw\gtFine\val\frankfurt\frankfurt_000001_014221_gtFine_instanceIds.png",19943,201573,6441,40,8,3,True,True,False,2,Tier 2 - Strong quantities,0.08748579776010387,0.8842588733840154,0.028255328855880713,227957,0.38425887338401543,0.6157411266159846,0.8636102065443071,1.0,1.0,0.14127664427940356,76.24433448236562
train,zurich,zurich_000042_000019,"C:\Documents\Year 4 , Term 1\multiclass_scsc\data\raw\leftImg8bit\train\zurich\zurich_000042_000019_leftImg8bit.png","C:\Documents\Year 4 , Term 1\multiclass_scsc\data\raw\gtFine\train\zurich\zurich_000042_000019_gtFine_labelIds.png","C:\Documents\Year 4 , Term 1\multiclass_scsc\data\raw\gtFine\train\zurich\zurich_000042_000019_gtFine_instanceIds.png",145051,177454,3673,26,10,1,True,True,False,2,Tier 2 - Strong quantities,0.4446989067319071,0.5440403705951965,0.011260722672896394,326178,0.1887392773271036,0.8112607226728964,0.7161549137875258,0.7937005259840998,1.0,0.05630361336448197,76.12210227712552
train,hamburg,hamburg_000000_047157,"C:\Documents\Year 4 , Term 1\multiclass_scsc\data\raw\leftImg8bit\train\hamburg\hamburg_000000_047157_leftImg8bit.png","C:\Documents\Year 4 , Term 1\multiclass_scsc\data\raw\gtFine\train\hamburg\hamburg_000000_047157_gtFine_labelIds.png","C:\Documents\Year 4 , Term 1\multiclass_scsc\data\raw\gtFine\train\hamburg\hamburg_000000_047157_gtFine_instanceIds.png",111191,87395,4740,34,14,1,True,True,False,2,Tier 2 - Strong quantities,0.5468607064517081,0.4298269773663968,0.023312316181895085,203326,0.24686070645170816,0.7531392935482919,0.7796974500505973,0.7937005259840998,1.0,0.11656158090947542,76.00481103775847
train,stuttgart,stuttgart_000092_000019,"C:\Documents\Year 4 , Term 1\multiclass_scsc\data\raw\leftImg8bit\train\stuttgart\stuttgart_000092_000019_leftImg8bit.png","C:\Documents\Year 4 , Term 1\multiclass_scsc\data\raw\gtFine\train\stuttgart\stuttgart_000092_000019_gtFine_labelIds.png","C:\Documents\Year 4 , Term 1\multiclass_scsc\data\raw\gtFine\train\stuttgart\stuttgart_000092_000019_gtFine_instanceIds.png",161470,29160,20458,5,6,1,True,True,False,2,Tier 2 - Strong quantities,0.76494163571591,0.13814143864170395,0.09691692564238612,211088,0.46494163571590996,0.53505836428409,0.990578174668388,0.7937005259840998,1.0,0.48458462821193055,75.44811084223639
val,frankfurt,frankfurt_000000_011810,"C:\Documents\Year 4 , Term 1\multiclass_scsc\data\raw\leftImg8bit\val\frankfurt\frankfurt_000000_011810_leftImg8bit.png","C:\Documents\Year 4 , Term 1\multiclass_scsc\data\raw\gtFine\val\frankfurt\frankfurt_000000_011810_gtFine_labelIds.png","C:\Documents\Year 4 , Term 1\multiclass_scsc\data\raw\gtFine\val\frankfurt\frankfurt_000000_011810_gtFine_instanceIds.png",13410,189557,6068,6,8,2,True,True,False,2,Tier 2 - Strong quantities,0.06415193627861362,0.9068194321525104,0.029028631568876025,209035,0.4068194321525104,0.5931805678474896,0.8466070045654597,1.0,1.0,0.14514315784438012,74.85114864008527
train,bremen,bremen_000261_000019,"C:\Documents\Year 4 , Term 1\multiclass_scsc\data\raw\leftImg8bit\train\bremen\bremen_000261_000019_leftImg8bit.png","C:\Documents\Year 4 , Term 1\multiclass_scsc\data\raw\gtFine\train\bremen\bremen_000261_000019_gtFine_labelIds.png","C:\Documents\Year 4 , Term 1\multiclass_scsc\data\raw\gtFine\train\bremen\bremen_000261_000019_gtFine_instanceIds.png",10267,117135,5641,5,5,3,True,True,False,2,Tier 2 - Strong quantities,0.07717053884834227,0.8804296355313695,0.04239982562028818,133043,0.38042963553136955,0.6195703644686305,0.8262637503500284,0.9410360288810286,1.0,0.21199912810144086,74.7462631629687
val,munster,munster_000068_000019,"C:\Documents\Year 4 , Term 1\multiclass_scsc\data\raw\leftImg8bit\val\munster\munster_000068_000019_leftImg8bit.png","C:\Documents\Year 4 , Term 1\multiclass_scsc\data\raw\gtFine\val\munster\munster_000068_000019_gtFine_labelIds.png","C:\Documents\Year 4 , Term 1\multiclass_scsc\data\raw\gtFine\val\munster\munster_000068_000019_gtFine_instanceIds.png",11059,105003,6050,6,18,1,True,True,False,2,Tier 2 - Strong quantities,0.0905643998951782,0.8598909198113207,0.04954468029350105,122112,0.3598909198113207,0.6401090801886793,0.8457690558114921,0.7937005259840998,1.0,0.24772340146750524,74.12155977899096
train,strasbourg,strasbourg_000000_032962,"C:\Documents\Year 4 , Term 1\multiclass_scsc\data\raw\leftImg8bit\train\strasbourg\strasbourg_000000_032962_leftImg8bit.png","C:\Documents\Year 4 , Term 1\multiclass_scsc\data\raw\gtFine\train\strasbourg\strasbourg_000000_032962_gtFine_labelIds.png","C:\Documents\Year 4 , Term 1\multiclass_scsc\data\raw\gtFine\train\strasbourg\strasbourg_000000_032962_gtFine_instanceIds.png",71710,474944,4373,10,7,3,True,True,False,2,Tier 2 - Strong quantities,0.13013881352456413,0.8619250962294044,0.0079360902460315,551027,0.3619250962294044,0.6380749037705956,0.759031545757192,1.0,1.0,0.0396804512301575,73.49234477969037
val,frankfurt,frankfurt_000000_020880,"C:\Documents\Year 4 , Term 1\multiclass_scsc\data\raw\leftImg8bit\val\frankfurt\frankfurt_000000_020880_leftImg8bit.png","C:\Documents\Year 4 , Term 1\multiclass_scsc\data\raw\gtFine\val\frankfurt\frankfurt_000000_020880_gtFine_labelIds.png","C:\Documents\Year 4 , Term 1\multiclass_scsc\data\raw\gtFine\val\frankfurt\frankfurt_000000_020880_gtFine_instanceIds.png",35079,150089,4205,10,15,1,True,True,False,2,Tier 2 - Strong quantities,0.1852375998690415,0.7925575451621931,0.022204854968765345,189373,0.2925575451621931,0.7074424548378069,0.7491842983478969,0.7937005259840998,1.0,0.11102427484382672,73.23385640792982
train,hamburg,hamburg_000000_057816,"C:\Documents\Year 4 , Term 1\multiclass_scsc\data\raw\leftImg8bit\train\hamburg\hamburg_000000_057816_leftImg8bit.png","C:\Documents\Year 4 , Term 1\multiclass_scsc\data\raw\gtFine\train\hamburg\hamburg_000000_057816_gtFine_labelIds.png","C:\Documents\Year 4 , Term 1\multiclass_scsc\data\raw\gtFine\train\hamburg\hamburg_000000_057816_gtFine_instanceIds.png",11299,110311,5641,11,15,1,True,True,False,2,Tier 2 - Strong quantities,0.088793015379054,0.8668772740489269,0.04432971057201908,127251,0.3668772740489269,0.6331227259510731,0.8262637503500284,0.7937005259840998,1.0,0.22164855286009538,73.12657220260576
train,hamburg,hamburg_000000_090742,"C:\Documents\Year 4 , Term 1\multiclass_scsc\data\raw\leftImg8bit\train\hamburg\hamburg_000000_090742_leftImg8bit.png","C:\Documents\Year 4 , Term 1\multiclass_scsc\data\raw\gtFine\train\hamburg\hamburg_000000_090742_gtFine_labelIds.png","C:\Documents\Year 4 , Term 1\multiclass_scsc\data\raw\gtFine\train\hamburg\hamburg_000000_090742_gtFine_instanceIds.png",45917,212758,4247,16,16,1,True,True,False,2,Tier 2 - Strong quantities,0.17464114832535885,0.8092057720540693,0.01615307962057188,262922,0.3092057720540693,0.6907942279459307,0.75167035121478,0.7937005259840998,1.0,0.08076539810285939,72.49121453455642
train,tubingen,tubingen_000064_000019,"C:\Documents\Year 4 , Term 1\multiclass_scsc\data\raw\leftImg8bit\train\tubingen\tubingen_000064_000019_leftImg8bit.png","C:\Documents\Year 4 , Term 1\multiclass_scsc\data\raw\gtFine\train\tubingen\tubingen_000064_000019_gtFine_labelIds.png","C:\Documents\Year 4 , Term 1\multiclass_scsc\data\raw\gtFine\train\tubingen\tubingen_000064_000019_gtFine_instanceIds.png",74911,475693,3716,4,12,2,True,True,False,2,Tier 2 - Strong quantities,0.13514035214316641,0.8581559388079087,0.006703709048924809,554320,0.35815593880790875,0.6418440611920913,0.7189387657948938,1.0,1.0,0.03351854524462404,72.40951814775359
train,stuttgart,stuttgart_000161_000019,"C:\Documents\Year 4 , Term 1\multiclass_scsc\data\raw\leftImg8bit\train\stuttgart\stuttgart_000161_000019_leftImg8bit.png","C:\Documents\Year 4 , Term 1\multiclass_scsc\data\raw\gtFine\train\stuttgart\stuttgart_000161_000019_gtFine_labelIds.png","C:\Documents\Year 4 , Term 1\multiclass_scsc\data\raw\gtFine\train\stuttgart\stuttgart_000161_000019_gtFine_instanceIds.png",32375,130422,3552,16,19,1,True,True,False,2,Tier 2 - Strong quantities,0.19462094752598452,0.7840263542311646,0.021352698242850875,166349,0.2840263542311646,0.7159736457688354,0.7082028210138239,0.7937005259840998,1.0,0.10676349121425437,72.3243558070009
train,bremen,bremen_000083_000019,"C:\Documents\Year 4 , Term 1\multiclass_scsc\data\raw\leftImg8bit\train\bremen\bremen_000083_000019_leftImg8bit.png","C:\Documents\Year 4 , Term 1\multiclass_scsc\data\raw\gtFine\train\bremen\bremen_000083_000019_gtFine_labelIds.png","C:\Documents\Year 4 , Term 1\multiclass_scsc\data\raw\gtFine\train\bremen\bremen_000083_000019_gtFine_instanceIds.png",16062,78509,3495,10,10,1,True,True,False,2,Tier 2 - Strong quantities,0.16378765321314218,0.8005730834336059,0.03563926335325189,98066,0.3005730834336059,0.6994269165663941,0.7043941276229405,0.7937005259840998,1.0,0.17819631676625944,71.90538996493677
train,cologne,cologne_000022_000019,"C:\Documents\Year 4 , Term 1\multiclass_scsc\data\raw\leftImg8bit\train\cologne\cologne_000022_000019_leftImg8bit.png","C:\Documents\Year 4 , Term 1\multiclass_scsc\data\raw\gtFine\train\cologne\cologne_000022_000019_gtFine_labelIds.png","C:\Documents\Year 4 , Term 1\multiclass_scsc\data\raw\gtFine\train\cologne\cologne_000022_000019_gtFine_instanceIds.png",65333,26429,5162,15,9,1,True,True,False,2,Tier 2 - Strong quantities,0.674064215261442,0.2726775618009987,0.05325822293755932,96924,0.37406421526144196,0.625935784738558,0.7689990892936914,0.7937005259840998,1.0,0.2662911146877966,71.34436753155353
train,krefeld,krefeld_000000_000926,"C:\Documents\Year 4 , Term 1\multiclass_scsc\data\raw\leftImg8bit\train\krefeld\krefeld_000000_000926_leftImg8bit.png","C:\Documents\Year 4 , Term 1\multiclass_scsc\data\raw\gtFine\train\krefeld\krefeld_000000_000926_gtFine_labelIds.png","C:\Documents\Year 4 , Term 1\multiclass_scsc\data\raw\gtFine\train\krefeld\krefeld_000000_000926_gtFine_instanceIds.png",12430,68868,3839,2,14,1,True,True,False,2,Tier 2 - Strong quantities,0.1459999765084511,0.8089079953486733,0.0450920281428756,85137,0.3089079953486733,0.6910920046513267,0.7267851371900844,0.6299605249474366,1.0,0.22546014071437798,70.02394287953904
train,hamburg,hamburg_000000_057678,"C:\Documents\Year 4 , Term 1\multiclass_scsc\data\raw\leftImg8bit\train\hamburg\hamburg_000000_057678_leftImg8bit.png","C:\Documents\Year 4 , Term 1\multiclass_scsc\data\raw\gtFine\train\hamburg\hamburg_000000_057678_gtFine_labelIds.png","C:\Documents\Year 4 , Term 1\multiclass_scsc\data\raw\gtFine\train\hamburg\hamburg_000000_057678_gtFine_instanceIds.png",11482,97654,3461,9,16,1,True,True,False,2,Tier 2 - Strong quantities,0.10197429771663544,0.8672877607751539,0.030737941508210697,112597,0.3672877607751539,0.6327122392248461,0.7021025220731631,0.7937005259840998,1.0,0.1536897075410535,69.0455216586555
train,strasbourg,strasbourg_000001_035276,"C:\Documents\Year 4 , Term 1\multiclass_scsc\data\raw\leftImg8bit\train\strasbourg\strasbourg_000001_035276_leftImg8bit.png","C:\Documents\Year 4 , Term 1\multiclass_scsc\data\raw\gtFine\train\strasbourg\strasbourg_000001_035276_gtFine_labelIds.png","C:\Documents\Year 4 , Term 1\multiclass_scsc\data\raw\gtFine\train\strasbourg\strasbourg_000001_035276_gtFine_instanceIds.png",11286,181899,3212,12,6,2,True,True,False,2,Tier 2 - Strong quantities,0.057465236230695986,0.9261801351344471,0.016354628634856948,196397,0.426180135134447,0.573819864865553,0.6848443001300306,1.0,1.0,0.08177314317428473,68.90698931439447
train,cologne,cologne_000001_000019,"C:\Documents\Year 4 , Term 1\multiclass_scsc\data\raw\leftImg8bit\train\cologne\cologne_000001_000019_leftImg8bit.png","C:\Documents\Year 4 , Term 1\multiclass_scsc\data\raw\gtFine\train\cologne\cologne_000001_000019_gtFine_labelIds.png","C:\Documents\Year 4 , Term 1\multiclass_scsc\data\raw\gtFine\train\cologne\cologne_000001_000019_gtFine_instanceIds.png",10801,133540,4007,4,19,1,True,True,False,2,Tier 2 - Strong quantities,0.07280853129128806,0.9001806562946585,0.027010812414053443,148348,0.4001806562946585,0.5998193437053415,0.7372358529275788,0.7937005259840998,1.0,0.1350540620702672,68.69062753615384
train,hamburg,hamburg_000000_045704,"C:\Documents\Year 4 , Term 1\multiclass_scsc\data\raw\leftImg8bit\train\hamburg\hamburg_000000_045704_leftImg8bit.png","C:\Documents\Year 4 , Term 1\multiclass_scsc\data\raw\gtFine\train\hamburg\hamburg_000000_045704_gtFine_labelIds.png","C:\Documents\Year 4 , Term 1\multiclass_scsc\data\raw\gtFine\train\hamburg\hamburg_000000_045704_gtFine_instanceIds.png",54047,525599,4138,56,15,1,True,True,False,2,Tier 2 - Strong quantities,0.09258047497019446,0.9003312869143382,0.007088238115467365,583784,0.40033128691433817,0.5996687130856618,0.7451839552947344,0.7937005259840998,1.0,0.03544119057733682,68.42498102491669
train,jena,jena_000008_000019,"C:\Documents\Year 4 , Term 1\multiclass_scsc\data\raw\leftImg8bit\train\jena\jena_000008_000019_leftImg8bit.png","C:\Documents\Year 4 , Term 1\multiclass_scsc\data\raw\gtFine\train\jena\jena_000008_000019_gtFine_labelIds.png","C:\Documents\Year 4 , Term 1\multiclass_scsc\data\raw\gtFine\train\jena\jena_000008_000019_gtFine_instanceIds.png",18472,267015,4423,4,19,1,True,True,False,2,Tier 2 - Strong quantities,0.06371632575626919,0.9210272153426926,0.015256458901038253,289910,0.4210272153426926,0.5789727846573074,0.761913460962186,0.7937005259840998,1.0,0.07628229450519126,68.30323457744534
train,hamburg,hamburg_000000_100300,"C:\Documents\Year 4 , Term 1\multiclass_scsc\data\raw\leftImg8bit\train\hamburg\hamburg_000000_100300_leftImg8bit.png","C:\Documents\Year 4 , Term 1\multiclass_scsc\data\raw\gtFine\train\hamburg\hamburg_000000_100300_gtFine_labelIds.png","C:\Documents\Year 4 , Term 1\multiclass_scsc\data\raw\gtFine\train\hamburg\hamburg_000000_100300_gtFine_instanceIds.png",185990,29925,5234,91,6,2,True,True,False,2,Tier 2 - Strong quantities,0.8410166901048615,0.13531600866384202,0.023667301231296546,221149,0.5410166901048614,0.4589833098951386,0.8052218310246984,1.0,1.0,0.11833650615648272,68.1076698573289
train,cologne,cologne_000071_000019,"C:\Documents\Year 4 , Term 1\multiclass_scsc\data\raw\leftImg8bit\train\cologne\cologne_000071_000019_leftImg8bit.png","C:\Documents\Year 4 , Term 1\multiclass_scsc\data\raw\gtFine\train\cologne\cologne_000071_000019_gtFine_labelIds.png","C:\Documents\Year 4 , Term 1\multiclass_scsc\data\raw\gtFine\train\cologne\cologne_000071_000019_gtFine_instanceIds.png",12751,301222,4756,5,13,1,True,True,False,2,Tier 2 - Strong quantities,0.040005772929353776,0.9450724596757747,0.014921767394871506,318729,0.4450724596757747,0.5549275403242253,0.7805737614934518,0.7937005259840998,1.0,0.07460883697435752,67.89286653240583
train,jena,jena_000029_000019,"C:\Documents\Year 4 , Term 1\multiclass_scsc\data\raw\leftImg8bit\train\jena\jena_000029_000019_leftImg8bit.png","C:\Documents\Year 4 , Term 1\multiclass_scsc\data\raw\gtFine\train\jena\jena_000029_000019_gtFine_labelIds.png","C:\Documents\Year 4 , Term 1\multiclass_scsc\data\raw\gtFine\train\jena\jena_000029_000019_gtFine_instanceIds.png",16899,122315,3299,3,15,1,True,True,False,2,Tier 2 - Strong quantities,0.11857865598226126,0.8582725786419485,0.02314876537579028,142513,0.3582725786419485,0.6417274213580515,0.6909725136943499,0.7211247851537042,1.0,0.11574382687895139,67.79386317685287
train,hamburg,hamburg_000000_046619,"C:\Documents\Year 4 , Term 1\multiclass_scsc\data\raw\leftImg8bit\train\hamburg\hamburg_000000_046619_leftImg8bit.png","C:\Documents\Year 4 , Term 1\multiclass_scsc\data\raw\gtFine\train\hamburg\hamburg_000000_046619_gtFine_labelIds.png","C:\Documents\Year 4 , Term 1\multiclass_scsc\data\raw\gtFine\train\hamburg\hamburg_000000_046619_gtFine_instanceIds.png",208965,43278,3941,59,10,2,True,True,False,2,Tier 2 - Strong quantities,0.8156832589076601,0.16893326671454892,0.015383474377790963,256184,0.5156832589076601,0.4843167410923399,0.7331657100810931,1.0,1.0,0.07691737188895481,66.75222780557115
train,cologne,cologne_000055_000019,"C:\Documents\Year 4 , Term 1\multiclass_scsc\data\raw\leftImg8bit\train\cologne\cologne_000055_000019_leftImg8bit.png","C:\Documents\Year 4 , Term 1\multiclass_scsc\data\raw\gtFine\train\cologne\cologne_000055_000019_gtFine_labelIds.png","C:\Documents\Year 4 , Term 1\multiclass_scsc\data\raw\gtFine\train\cologne\cologne_000055_000019_gtFine_instanceIds.png",13757,280501,3936,15,19,1,True,True,False,2,Tier 2 - Strong quantities,0.046134395728954974,0.9406661435173075,0.0131994607537375,298194,0.4406661435173075,0.5593338564826925,0.7328555197791848,0.7937005259840998,1.0,0.0659973037686875,66.59451426128818
train,dusseldorf,dusseldorf_000104_000019,"C:\Documents\Year 4 , Term 1\multiclass_scsc\data\raw\leftImg8bit\train\dusseldorf\dusseldorf_000104_000019_leftImg8bit.png","C:\Documents\Year 4 , Term 1\multiclass_scsc\data\raw\gtFine\train\dusseldorf\dusseldorf_000104_000019_gtFine_labelIds.png","C:\Documents\Year 4 , Term 1\multiclass_scsc\data\raw\gtFine\train\dusseldorf\dusseldorf_000104_000019_gtFine_instanceIds.png",11415,200646,3250,2,11,1,True,True,False,2,Tier 2 - Strong quantities,0.0530163345114741,0.9318892207086493,0.01509444477987655,215311,0.4318892207086493,0.5681107792913507,0.6875344335370706,0.6299605249474366,1.0,0.07547222389938275,63.1772331714746
val,frankfurt,frankfurt_000001_083199,"C:\Documents\Year 4 , Term 1\multiclass_scsc\data\raw\leftImg8bit\val\frankfurt\frankfurt_000001_083199_leftImg8bit.png","C:\Documents\Year 4 , Term 1\multiclass_scsc\data\raw\gtFine\val\frankfurt\frankfurt_000001_083199_gtFine_labelIds.png","C:\Documents\Year 4 , Term 1\multiclass_scsc\data\raw\gtFine\val\frankfurt\frankfurt_000001_083199_gtFine_instanceIds.png",7449,38671,18022,6,14,5,True,False,True,3,Tier 3 - All classes present,0.11613295500608026,0.6028966979514203,0.28097034704249946,64142,0.18386704499391973,0.8161329550060803,0.9064962073816872,1.0,1.0,1.0,89.84020442169383
val,munster,munster_000059_000019,"C:\Documents\Year 4 , Term 1\multiclass_scsc\data\raw\leftImg8bit\val\munster\munster_000059_000019_leftImg8bit.png","C:\Documents\Year 4 , Term 1\multiclass_scsc\data\raw\gtFine\val\munster\munster_000059_000019_gtFine_labelIds.png","C:\Documents\Year 4 , Term 1\multiclass_scsc\data\raw\gtFine\val\munster\munster_000059_000019_gtFine_instanceIds.png",18729,17749,12985,15,6,5,True,False,False,3,Tier 3 - All classes present,0.37864666518407697,0.35883387582637527,0.26251945898954776,49463,0.14116612417362473,0.8588338758263753,0.8394939002257042,1.0,0.98926,1.0,89.43077203982614
train,hanover,hanover_000000_045004,"C:\Documents\Year 4 , Term 1\multiclass_scsc\data\raw\leftImg8bit\train\hanover\hanover_000000_045004_leftImg8bit.png","C:\Documents\Year 4 , Term 1\multiclass_scsc\data\raw\gtFine\train\hanover\hanover_000000_045004_gtFine_labelIds.png","C:\Documents\Year 4 , Term 1\multiclass_scsc\data\raw\gtFine\train\hanover\hanover_000000_045004_gtFine_instanceIds.png",8706,64524,16297,7,15,2,True,False,False,3,Tier 3 - All classes present,0.0972444067152926,0.7207211232365655,0.1820344700481419,89527,0.22072112323656545,0.7792788767634345,0.9548596780388655,1.0,1.0,0.9101723502407095,89.3678071629069
train,ulm,ulm_000014_000019,"C:\Documents\Year 4 , Term 1\multiclass_scsc\data\raw\leftImg8bit\train\ulm\ulm_000014_000019_leftImg8bit.png","C:\Documents\Year 4 , Term 1\multiclass_scsc\data\raw\gtFine\train\ulm\ulm_000014_000019_gtFine_labelIds.png","C:\Documents\Year 4 , Term 1\multiclass_scsc\data\raw\gtFine\train\ulm\ulm_000014_000019_gtFine_instanceIds.png",48673,62107,12215,9,2,2,True,False,False,3,Tier 3 - All classes present,0.39573153380218706,0.5049554859953657,0.09931298020244725,122995,0.10068701979755275,0.8993129802024472,1.0,0.6933612743506347,1.0,0.4965649010122362,88.85576282841858
train,hanover,hanover_000000_042770,"C:\Documents\Year 4 , Term 1\multiclass_scsc\data\raw\leftImg8bit\train\hanover\hanover_000000_042770_leftImg8bit.png","C:\Documents\Year 4 , Term 1\multiclass_scsc\data\raw\gtFine\train\hanover\hanover_000000_042770_gtFine_labelIds.png","C:\Documents\Year 4 , Term 1\multiclass_scsc\data\raw\gtFine\train\hanover\hanover_000000_042770_gtFine_instanceIds.png",8180,166078,45315,8,13,5,True,False,False,3,Tier 3 - All classes present,0.037254125051805094,0.7563680416080302,0.20637783334016477,219573,0.2627458749481949,0.7372541250518051,0.9352285751899475,1.0,1.0,1.0,87.54702225777064
train,jena,jena_000035_000019,"C:\Documents\Year 4 , Term 1\multiclass_scsc\data\raw\leftImg8bit\train\jena\jena_000035_000019_leftImg8bit.png","C:\Documents\Year 4 , Term 1\multiclass_scsc\data\raw\gtFine\train\jena\jena_000035_000019_gtFine_labelIds.png","C:\Documents\Year 4 , Term 1\multiclass_scsc\data\raw\gtFine\train\jena\jena_000035_000019_gtFine_instanceIds.png",42809,42291,13295,3,2,2,True,False,False,3,Tier 3 - All classes present,0.4350729203719701,0.429808425224859,0.1351186544031709,98395,0.1350729203719701,0.86492707962803,1.0,0.6299605249474366,1.0,0.6755932720158544,87.42445741941202
train,zurich,zurich_000119_000019,"C:\Documents\Year 4 , Term 1\multiclass_scsc\data\raw\leftImg8bit\train\zurich\zurich_000119_000019_leftImg8bit.png","C:\Documents\Year 4 , Term 1\multiclass_scsc\data\raw\gtFine\train\zurich\zurich_000119_000019_gtFine_labelIds.png","C:\Documents\Year 4 , Term 1\multiclass_scsc\data\raw\gtFine\train\zurich\zurich_000119_000019_gtFine_instanceIds.png",15798,44490,16691,3,1,1,True,False,True,3,Tier 3 - All classes present,0.20522480156925915,0.577949830473246,0.2168253679574949,76979,0.09477519843074086,0.9052248015692591,1.0,0.3968502629920499,1.0,1.0,87.16174600765112
train,ulm,ulm_000062_000019,"C:\Documents\Year 4 , Term 1\multiclass_scsc\data\raw\leftImg8bit\train\ulm\ulm_000062_000019_leftImg8bit.png","C:\Documents\Year 4 , Term 1\multiclass_scsc\data\raw\gtFine\train\ulm\ulm_000062_000019_gtFine_labelIds.png","C:\Documents\Year 4 , Term 1\multiclass_scsc\data\raw\gtFine\train\ulm\ulm_000062_000019_gtFine_instanceIds.png",16183,85964,63187,1,6,2,True,False,False,3,Tier 3 - All classes present,0.0978806537070415,0.5199414518489844,0.38217789444397404,165334,0.20211934629295847,0.7978806537070415,1.0,0.6299605249474366,1.0,1.0,86.36463402249322
train,stuttgart,stuttgart_000072_000019,"C:\Documents\Year 4 , Term 1\multiclass_scsc\data\raw\leftImg8bit\train\stuttgart\stuttgart_000072_000019_leftImg8bit.png","C:\Documents\Year 4 , Term 1\multiclass_scsc\data\raw\gtFine\train\stuttgart\stuttgart_000072_000019_gtFine_labelIds.png","C:\Documents\Year 4 , Term 1\multiclass_scsc\data\raw\gtFine\train\stuttgart\stuttgart_000072_000019_gtFine_instanceIds.png",21093,16756,19750,8,10,2,True,False,False,3,Tier 3 - All classes present,0.36620427437976355,0.29090782826090733,0.3428878973593292,57599,0.2090921717390927,0.7909078282609073,0.823536841336201,1.0,1.0,1.0,86.34241837052232
val,frankfurt,frankfurt_000001_014406,"C:\Documents\Year 4 , Term 1\multiclass_scsc\data\raw\leftImg8bit\val\frankfurt\frankfurt_000001_014406_leftImg8bit.png","C:\Documents\Year 4 , Term 1\multiclass_scsc\data\raw\gtFine\val\frankfurt\frankfurt_000001_014406_gtFine_labelIds.png","C:\Documents\Year 4 , Term 1\multiclass_scsc\data\raw\gtFine\val\frankfurt\frankfurt_000001_014406_gtFine_instanceIds.png",58361,44599,15804,25,2,2,True,False,False,3,Tier 3 - All classes present,0.49140311879020576,0.37552625374692666,0.13307062746286755,118764,0.19140311879020577,0.8085968812097942,1.0,0.6933612743506347,1.0,0.6653531373143377,86.07106005022298
train,hanover,hanover_000000_020655,"C:\Documents\Year 4 , Term 1\multiclass_scsc\data\raw\leftImg8bit\train\hanover\hanover_000000_020655_leftImg8bit.png","C:\Documents\Year 4 , Term 1\multiclass_scsc\data\raw\gtFine\train\hanover\hanover_000000_020655_gtFine_labelIds.png","C:\Documents\Year 4 , Term 1\multiclass_scsc\data\raw\gtFine\train\hanover\hanover_000000_020655_gtFine_instanceIds.png",40110,117145,90572,1,11,1,True,False,False,3,Tier 3 - All classes present,0.16184677214347104,0.4726886093928426,0.3654646184636864,247827,0.16546461846368637,0.8345353815363137,1.0,0.5,1.0,1.0,85.88141526145256
val,frankfurt,frankfurt_000001_048654,"C:\Documents\Year 4 , Term 1\multiclass_scsc\data\raw\leftImg8bit\val\frankfurt\frankfurt_000001_048654_leftImg8bit.png","C:\Documents\Year 4 , Term 1\multiclass_scsc\data\raw\gtFine\val\frankfurt\frankfurt_000001_048654_gtFine_labelIds.png","C:\Documents\Year 4 , Term 1\multiclass_scsc\data\raw\gtFine\val\frankfurt\frankfurt_000001_048654_gtFine_instanceIds.png",5637,32047,14348,3,14,2,True,False,True,3,Tier 3 - All classes present,0.10833717712177121,0.6159094403444034,0.27575338253382536,52032,0.19166282287822878,0.8083371771217712,0.8260684045775495,0.9085602964160698,1.0,1.0,85.74394366843838
train,cologne,cologne_000034_000019,"C:\Documents\Year 4 , Term 1\multiclass_scsc\data\raw\leftImg8bit\train\cologne\cologne_000034_000019_leftImg8bit.png","C:\Documents\Year 4 , Term 1\multiclass_scsc\data\raw\gtFine\train\cologne\cologne_000034_000019_gtFine_labelIds.png","C:\Documents\Year 4 , Term 1\multiclass_scsc\data\raw\gtFine\train\cologne\cologne_000034_000019_gtFine_instanceIds.png",7625,31179,8271,4,6,1,True,False,True,3,Tier 3 - All classes present,0.16197557089750397,0.6623260754115773,0.17569835369091874,47075,0.1623260754115773,0.8376739245884227,0.8575628447737486,0.7937005259840998,0.9415,0.8784917684545936,84.94680905878384
train,bremen,bremen_000178_000019,"C:\Documents\Year 4 , Term 1\multiclass_scsc\data\raw\leftImg8bit\train\bremen\bremen_000178_000019_leftImg8bit.png","C:\Documents\Year 4 , Term 1\multiclass_scsc\data\raw\gtFine\train\bremen\bremen_000178_000019_gtFine_labelIds.png","C:\Documents\Year 4 , Term 1\multiclass_scsc\data\raw\gtFine\train\bremen\bremen_000178_000019_gtFine_instanceIds.png",7566,46654,8606,4,11,2,True,False,True,3,Tier 3 - All classes present,0.1204278483430427,0.7425906471842868,0.13698150447267055,62826,0.24259064718428677,0.7574093528157132,0.8667407714412307,1.0,1.0,0.6849075223633527,84.72313486768222
train,dusseldorf,dusseldorf_000162_000019,"C:\Documents\Year 4 , Term 1\multiclass_scsc\data\raw\leftImg8bit\train\dusseldorf\dusseldorf_000162_000019_leftImg8bit.png","C:\Documents\Year 4 , Term 1\multiclass_scsc\data\raw\gtFine\train\dusseldorf\dusseldorf_000162_000019_gtFine_labelIds.png","C:\Documents\Year 4 , Term 1\multiclass_scsc\data\raw\gtFine\train\dusseldorf\dusseldorf_000162_000019_gtFine_instanceIds.png",7870,48418,41746,3,9,1,True,False,False,3,Tier 3 - All classes present,0.08027827080400678,0.4938898749413469,0.42583185425464637,98034,0.22583185425464633,0.7741681457453536,0.9232618931318731,0.7211247851537042,1.0,1.0,84.48145440107591
train,aachen,aachen_000038_000019,"C:\Documents\Year 4 , Term 1\multiclass_scsc\data\raw\leftImg8bit\train\aachen\aachen_000038_000019_leftImg8bit.png","C:\Documents\Year 4 , Term 1\multiclass_scsc\data\raw\gtFine\train\aachen\aachen_000038_000019_gtFine_labelIds.png","C:\Documents\Year 4 , Term 1\multiclass_scsc\data\raw\gtFine\train\aachen\aachen_000038_000019_gtFine_instanceIds.png",12205,19813,19519,2,4,4,True,False,False,3,Tier 3 - All classes present,0.23682014863108058,0.3844422453771077,0.3787376059918117,51537,0.1787376059918117,0.8212623940081882,0.8708492756455579,0.6933612743506347,1.0,1.0,84.37639314495378
train,jena,jena_000031_000019,"C:\Documents\Year 4 , Term 1\multiclass_scsc\data\raw\leftImg8bit\train\jena\jena_000031_000019_leftImg8bit.png","C:\Documents\Year 4 , Term 1\multiclass_scsc\data\raw\gtFine\train\jena\jena_000031_000019_gtFine_labelIds.png","C:\Documents\Year 4 , Term 1\multiclass_scsc\data\raw\gtFine\train\jena\jena_000031_000019_gtFine_instanceIds.png",8001,88428,13430,6,11,4,True,False,False,3,Tier 3 - All classes present,0.07282971809319218,0.8049226736088987,0.12224760829790914,109859,0.30492267360889874,0.6950773263911012,0.9283564450179517,1.0,1.0,0.6112380414895456,83.70997661363032
train,strasbourg,strasbourg_000001_061285,"C:\Documents\Year 4 , Term 1\multiclass_scsc\data\raw\leftImg8bit\train\strasbourg\strasbourg_000001_061285_leftImg8bit.png","C:\Documents\Year 4 , Term 1\multiclass_scsc\data\raw\gtFine\train\strasbourg\strasbourg_000001_061285_gtFine_labelIds.png","C:\Documents\Year 4 , Term 1\multiclass_scsc\data\raw\gtFine\train\strasbourg\strasbourg_000001_061285_gtFine_instanceIds.png",23419,25353,7657,10,1,1,True,False,False,3,Tier 3 - All classes present,0.41501710113594076,0.4492902585549983,0.13569264030906095,56429,0.11501710113594076,0.8849828988640592,0.8649458440038563,0.43679023236814946,1.0,0.6784632015453047,81.29186076792682
train,bremen,bremen_000084_000019,"C:\Documents\Year 4 , Term 1\multiclass_scsc\data\raw\leftImg8bit\train\bremen\bremen_000084_000019_leftImg8bit.png","C:\Documents\Year 4 , Term 1\multiclass_scsc\data\raw\gtFine\train\bremen\bremen_000084_000019_gtFine_labelIds.png","C:\Documents\Year 4 , Term 1\multiclass_scsc\data\raw\gtFine\train\bremen\bremen_000084_000019_gtFine_instanceIds.png",86107,67484,10627,7,2,1,True,False,False,3,Tier 3 - All classes present,0.5243456868309199,0.41094155330109977,0.06471275986798036,164218,0.22434568683091988,0.7756543131690801,1.0,0.5503212081491045,1.0,0.3235637993399018,80.89880964569927
train,aachen,aachen_000008_000019,"C:\Documents\Year 4 , Term 1\multiclass_scsc\data\raw\leftImg8bit\train\aachen\aachen_000008_000019_leftImg8bit.png","C:\Documents\Year 4 , Term 1\multiclass_scsc\data\raw\gtFine\train\aachen\aachen_000008_000019_gtFine_labelIds.png","C:\Documents\Year 4 , Term 1\multiclass_scsc\data\raw\gtFine\train\aachen\aachen_000008_000019_gtFine_instanceIds.png",11066,11412,7863,11,5,2,True,False,False,3,Tier 3 - All classes present,0.36472100458125967,0.37612471573118883,0.2591542796875515,30341,0.12387528426881117,0.8761247157311889,0.6687691965258485,0.9410360288810286,0.60682,1.0,80.29180495823846
train,tubingen,tubingen_000055_000019,"C:\Documents\Year 4 , Term 1\multiclass_scsc\data\raw\leftImg8bit\train\tubingen\tubingen_000055_000019_leftImg8bit.png","C:\Documents\Year 4 , Term 1\multiclass_scsc\data\raw\gtFine\train\tubingen\tubingen_000055_000019_gtFine_labelIds.png","C:\Documents\Year 4 , Term 1\multiclass_scsc\data\raw\gtFine\train\tubingen\tubingen_000055_000019_gtFine_instanceIds.png",95891,82110,7338,8,2,2,True,False,False,3,Tier 3 - All classes present,0.5173816627908859,0.4430260225856404,0.03959231462347374,185339,0.21738166279088592,0.7826183372091141,0.9019709890489556,0.6933612743506347,1.0,0.1979615731173687,79.75409014067961
train,bremen,bremen_000055_000019,"C:\Documents\Year 4 , Term 1\multiclass_scsc\data\raw\leftImg8bit\train\bremen\bremen_000055_000019_leftImg8bit.png","C:\Documents\Year 4 , Term 1\multiclass_scsc\data\raw\gtFine\train\bremen\bremen_000055_000019_gtFine_labelIds.png","C:\Documents\Year 4 , Term 1\multiclass_scsc\data\raw\gtFine\train\bremen\bremen_000055_000019_gtFine_instanceIds.png",20307,15222,9892,5,2,1,True,False,False,3,Tier 3 - All classes present,0.44708394795358974,0.3351313269192664,0.21778472512714384,45421,0.1648686730807336,0.8351313269192664,0.7947152072481916,0.5503212081491045,0.90842,1.0,79.58572741645297
train,strasbourg,strasbourg_000000_029915,"C:\Documents\Year 4 , Term 1\multiclass_scsc\data\raw\leftImg8bit\train\strasbourg\strasbourg_000000_029915_leftImg8bit.png","C:\Documents\Year 4 , Term 1\multiclass_scsc\data\raw\gtFine\train\strasbourg\strasbourg_000000_029915_gtFine_labelIds.png","C:\Documents\Year 4 , Term 1\multiclass_scsc\data\raw\gtFine\train\strasbourg\strasbourg_000000_029915_gtFine_instanceIds.png",115466,30470,163819,16,2,7,True,False,False,3,Tier 3 - All classes present,0.37276557279139966,0.09836806508369518,0.5288663621249051,309755,0.4016319349163048,0.5983680650836952,1.0,0.6933612743506347,1.0,1.0,79.33514171860733
train,hamburg,hamburg_000000_080438,"C:\Documents\Year 4 , Term 1\multiclass_scsc\data\raw\leftImg8bit\train\hamburg\hamburg_000000_080438_leftImg8bit.png","C:\Documents\Year 4 , Term 1\multiclass_scsc\data\raw\gtFine\train\hamburg\hamburg_000000_080438_gtFine_labelIds.png","C:\Documents\Year 4 , Term 1\multiclass_scsc\data\raw\gtFine\train\hamburg\hamburg_000000_080438_gtFine_instanceIds.png",3192,129437,71988,5,7,3,True,False,False,3,Tier 3 - All classes present,0.015599876843077554,0.6325818480380418,0.35181827511888064,204617,0.2844001231569224,0.7155998768430776,0.6834199110343202,1.0,1.0,1.0,79.12659240475271
train,tubingen,tubingen_000131_000019,"C:\Documents\Year 4 , Term 1\multiclass_scsc\data\raw\leftImg8bit\train\tubingen\tubingen_000131_000019_leftImg8bit.png","C:\Documents\Year 4 , Term 1\multiclass_scsc\data\raw\gtFine\train\tubingen\tubingen_000131_000019_gtFine_labelIds.png","C:\Documents\Year 4 , Term 1\multiclass_scsc\data\raw\gtFine\train\tubingen\tubingen_000131_000019_gtFine_instanceIds.png",8279,17925,5350,7,15,1,True,False,True,3,Tier 3 - All classes present,0.2623756100652849,0.5680737782848451,0.16955061164987006,31554,0.06807377828484504,0.9319262217151549,0.6420317784546589,0.7937005259840998,0.63108,0.8477530582493503,78.99307540325421
train,tubingen,tubingen_000063_000019,"C:\Documents\Year 4 , Term 1\multiclass_scsc\data\raw\leftImg8bit\train\tubingen\tubingen_000063_000019_leftImg8bit.png","C:\Documents\Year 4 , Term 1\multiclass_scsc\data\raw\gtFine\train\tubingen\tubingen_000063_000019_gtFine_labelIds.png","C:\Documents\Year 4 , Term 1\multiclass_scsc\data\raw\gtFine\train\tubingen\tubingen_000063_000019_gtFine_instanceIds.png",5685,42806,19063,1,3,3,True,False,False,3,Tier 3 - All classes present,0.08415489830357936,0.633656038132457,0.28218906356396367,67554,0.21584510169642063,0.7841548983035793,0.8284064843513896,0.5,1.0,1.0,78.71839046268487
train,strasbourg,strasbourg_000001_049143,"C:\Documents\Year 4 , Term 1\multiclass_scsc\data\raw\leftImg8bit\train\strasbourg\strasbourg_000001_049143_leftImg8bit.png","C:\Documents\Year 4 , Term 1\multiclass_scsc\data\raw\gtFine\train\strasbourg\strasbourg_000001_049143_gtFine_labelIds.png","C:\Documents\Year 4 , Term 1\multiclass_scsc\data\raw\gtFine\train\strasbourg\strasbourg_000001_049143_gtFine_instanceIds.png",17978,17712,26358,1,11,1,True,False,False,3,Tier 3 - All classes present,0.28974342444559054,0.2854564208354822,0.4248001547189273,62048,0.22480015471892725,0.7751998452810728,0.8389101512250579,0.5,1.0,1.0,78.67529834799464
train,aachen,aachen_000101_000019,"C:\Documents\Year 4 , Term 1\multiclass_scsc\data\raw\leftImg8bit\train\aachen\aachen_000101_000019_leftImg8bit.png","C:\Documents\Year 4 , Term 1\multiclass_scsc\data\raw\gtFine\train\aachen\aachen_000101_000019_gtFine_labelIds.png","C:\Documents\Year 4 , Term 1\multiclass_scsc\data\raw\gtFine\train\aachen\aachen_000101_000019_gtFine_instanceIds.png",34893,16147,15974,16,3,1,True,False,False,3,Tier 3 - All classes present,0.5206822455009401,0.24094965231145732,0.2383681021876026,67014,0.2590503476885427,0.7409496523114574,0.813436264556696,0.6299605249474366,1.0,1.0,78.49048190337072
train,strasbourg,strasbourg_000001_057517,"C:\Documents\Year 4 , Term 1\multiclass_scsc\data\raw\leftImg8bit\train\strasbourg\strasbourg_000001_057517_leftImg8bit.png","C:\Documents\Year 4 , Term 1\multiclass_scsc\data\raw\gtFine\train\strasbourg\strasbourg_000001_057517_gtFine_labelIds.png","C:\Documents\Year 4 , Term 1\multiclass_scsc\data\raw\gtFine\train\strasbourg\strasbourg_000001_057517_gtFine_instanceIds.png",9852,45528,5393,6,21,1,True,False,True,3,Tier 3 - All classes present,0.1621114639724878,0.7491484705379033,0.08874006548960887,60773,0.24914847053790332,0.7508515294620967,0.8099376876314393,0.7937005259840998,1.0,0.44370032744804433,78.45620133442875
train,dusseldorf,dusseldorf_000080_000019,"C:\Documents\Year 4 , Term 1\multiclass_scsc\data\raw\leftImg8bit\train\dusseldorf\dusseldorf_000080_000019_leftImg8bit.png","C:\Documents\Year 4 , Term 1\multiclass_scsc\data\raw\gtFine\train\dusseldorf\dusseldorf_000080_000019_gtFine_labelIds.png","C:\Documents\Year 4 , Term 1\multiclass_scsc\data\raw\gtFine\train\dusseldorf\dusseldorf_000080_000019_gtFine_instanceIds.png",6193,17008,7636,7,7,1,True,False,True,3,Tier 3 - All classes present,0.20083017154716737,0.5515452216493174,0.24762460680351525,30837,0.09916982845283263,0.9008301715471674,0.644811831143519,0.7937005259840998,0.61674,1.0,78.45046968595378
train,stuttgart,stuttgart_000063_000019,"C:\Documents\Year 4 , Term 1\multiclass_scsc\data\raw\leftImg8bit\train\stuttgart\stuttgart_000063_000019_leftImg8bit.png","C:\Documents\Year 4 , Term 1\multiclass_scsc\data\raw\gtFine\train\stuttgart\stuttgart_000063_000019_gtFine_labelIds.png","C:\Documents\Year 4 , Term 1\multiclass_scsc\data\raw\gtFine\train\stuttgart\stuttgart_000063_000019_gtFine_instanceIds.png",8409,119115,18661,1,21,2,True,False,False,3,Tier 3 - All classes present,0.05752300167595854,0.8148236823203475,0.12765331600369395,146185,0.3148236823203475,0.6851763176796525,0.943875653927007,0.6299605249474366,1.0,0.6382665800184697,78.3640630993002
train,strasbourg,strasbourg_000000_013322,"C:\Documents\Year 4 , Term 1\multiclass_scsc\data\raw\leftImg8bit\train\strasbourg\strasbourg_000000_013322_leftImg8bit.png","C:\Documents\Year 4 , Term 1\multiclass_scsc\data\raw\gtFine\train\strasbourg\strasbourg_000000_013322_gtFine_labelIds.png","C:\Documents\Year 4 , Term 1\multiclass_scsc\data\raw\gtFine\train\strasbourg\strasbourg_000000_013322_gtFine_instanceIds.png",9512,59445,5072,4,8,2,True,False,False,3,Tier 3 - All classes present,0.12849018627835038,0.8029961231409313,0.06851369058071836,74029,0.3029961231409313,0.6970038768590687,0.7843026736377319,1.0,1.0,0.3425684529035918,78.12207754801265
train,monchengladbach,monchengladbach_000001_002353,"C:\Documents\Year 4 , Term 1\multiclass_scsc\data\raw\leftImg8bit\train\monchengladbach\monchengladbach_000001_002353_leftImg8bit.png","C:\Documents\Year 4 , Term 1\multiclass_scsc\data\raw\gtFine\train\monchengladbach\monchengladbach_000001_002353_gtFine_labelIds.png","C:\Documents\Year 4 , Term 1\multiclass_scsc\data\raw\gtFine\train\monchengladbach\monchengladbach_000001_002353_gtFine_instanceIds.png",4569,18087,9278,3,14,2,True,False,True,3,Tier 3 - All classes present,0.14307634496148305,0.5663869230287468,0.29053673200977015,31934,0.15692365503851696,0.8430763449614831,0.6346100371107465,0.9085602964160698,0.63868,1.0,77.77655935802278
val,frankfurt,frankfurt_000000_015389,"C:\Documents\Year 4 , Term 1\multiclass_scsc\data\raw\leftImg8bit\val\frankfurt\frankfurt_000000_015389_leftImg8bit.png","C:\Documents\Year 4 , Term 1\multiclass_scsc\data\raw\gtFine\val\frankfurt\frankfurt_000000_015389_gtFine_labelIds.png","C:\Documents\Year 4 , Term 1\multiclass_scsc\data\raw\gtFine\val\frankfurt\frankfurt_000000_015389_gtFine_instanceIds.png",6164,21698,9034,5,2,1,True,False,True,3,Tier 3 - All classes present,0.16706418039895923,0.5880854293148309,0.2448503902862099,36896,0.13293581960104076,0.8670641803989593,0.7384941433421793,0.5503212081491045,0.73792,1.0,77.47140963846032
train,hamburg,hamburg_000000_032719,"C:\Documents\Year 4 , Term 1\multiclass_scsc\data\raw\leftImg8bit\train\hamburg\hamburg_000000_032719_leftImg8bit.png","C:\Documents\Year 4 , Term 1\multiclass_scsc\data\raw\gtFine\train\hamburg\hamburg_000000_032719_gtFine_labelIds.png","C:\Documents\Year 4 , Term 1\multiclass_scsc\data\raw\gtFine\train\hamburg\hamburg_000000_032719_gtFine_instanceIds.png",30238,179093,12567,5,1,2,True,False,False,3,Tier 3 - All classes present,0.13626981766397173,0.8070960531415335,0.056634129194494766,221898,0.30709605314153354,0.6929039468584665,1.0,0.5503212081491045,1.0,0.2831706459724738,77.3868292264376
train,darmstadt,darmstadt_000036_000019,"C:\Documents\Year 4 , Term 1\multiclass_scsc\data\raw\leftImg8bit\train\darmstadt\darmstadt_000036_000019_leftImg8bit.png","C:\Documents\Year 4 , Term 1\multiclass_scsc\data\raw\gtFine\train\darmstadt\darmstadt_000036_000019_gtFine_labelIds.png","C:\Documents\Year 4 , Term 1\multiclass_scsc\data\raw\gtFine\train\darmstadt\darmstadt_000036_000019_gtFine_instanceIds.png",2497,126974,77180,6,14,7,True,False,False,3,Tier 3 - All classes present,0.012083174047064858,0.6144369008618396,0.3734799250910956,206651,0.2879168259529351,0.7120831740470649,0.629708439876524,1.0,1.0,1.0,77.37458015817832
train,strasbourg,strasbourg_000001_049399,"C:\Documents\Year 4 , Term 1\multiclass_scsc\data\raw\leftImg8bit\train\strasbourg\strasbourg_000001_049399_leftImg8bit.png","C:\Documents\Year 4 , Term 1\multiclass_scsc\data\raw\gtFine\train\strasbourg\strasbourg_000001_049399_gtFine_labelIds.png","C:\Documents\Year 4 , Term 1\multiclass_scsc\data\raw\gtFine\train\strasbourg\strasbourg_000001_049399_gtFine_instanceIds.png",19686,12066,15510,7,4,1,True,False,False,3,Tier 3 - All classes present,0.41652913545766157,0.25530024120858197,0.3281706233337565,47262,0.24469975879141806,0.755300241208582,0.7381546423291498,0.6933612743506347,0.94524,1.0,77.20946803347731
val,frankfurt,frankfurt_000001_010444,"C:\Documents\Year 4 , Term 1\multiclass_scsc\data\raw\leftImg8bit\val\frankfurt\frankfurt_000001_010444_leftImg8bit.png","C:\Documents\Year 4 , Term 1\multiclass_scsc\data\raw\gtFine\val\frankfurt\frankfurt_000001_010444_gtFine_labelIds.png","C:\Documents\Year 4 , Term 1\multiclass_scsc\data\raw\gtFine\val\frankfurt\frankfurt_000001_010444_gtFine_instanceIds.png",60250,17695,17926,10,4,1,True,False,False,3,Tier 3 - All classes present,0.6284486445327575,0.18457093385903975,0.1869804216082027,95871,0.3284486445327575,0.6715513554672425,0.8386416696357059,0.6933612743506347,1.0,0.9349021080410134,77.09623396322546
train,tubingen,tubingen_000054_000019,"C:\Documents\Year 4 , Term 1\multiclass_scsc\data\raw\leftImg8bit\train\tubingen\tubingen_000054_000019_leftImg8bit.png","C:\Documents\Year 4 , Term 1\multiclass_scsc\data\raw\gtFine\train\tubingen\tubingen_000054_000019_gtFine_labelIds.png","C:\Documents\Year 4 , Term 1\multiclass_scsc\data\raw\gtFine\train\tubingen\tubingen_000054_000019_gtFine_instanceIds.png",65823,130436,2622,17,8,2,True,False,False,3,Tier 3 - All classes present,0.3309667590166984,0.6558494778284502,0.013183763154851393,198881,0.1868162368451486,0.8131837631548514,0.64004556967191,1.0,1.0,0.06591881577425696,77.05831169522264
train,strasbourg,strasbourg_000000_029281,"C:\Documents\Year 4 , Term 1\multiclass_scsc\data\raw\leftImg8bit\train\strasbourg\strasbourg_000000_029281_leftImg8bit.png","C:\Documents\Year 4 , Term 1\multiclass_scsc\data\raw\gtFine\train\strasbourg\strasbourg_000000_029281_gtFine_labelIds.png","C:\Documents\Year 4 , Term 1\multiclass_scsc\data\raw\gtFine\train\strasbourg\strasbourg_000000_029281_gtFine_instanceIds.png",70541,20893,27222,36,2,1,True,False,False,3,Tier 3 - All classes present,0.5945000674217907,0.17608043419633226,0.22941949838187703,118656,0.32391956580366776,0.6760804341963322,0.8863934057833031,0.5503212081491045,1.0,1.0,76.88983766358895
val,frankfurt,frankfurt_000001_032556,"C:\Documents\Year 4 , Term 1\multiclass_scsc\data\raw\leftImg8bit\val\frankfurt\frankfurt_000001_032556_leftImg8bit.png","C:\Documents\Year 4 , Term 1\multiclass_scsc\data\raw\gtFine\val\frankfurt\frankfurt_000001_032556_gtFine_labelIds.png","C:\Documents\Year 4 , Term 1\multiclass_scsc\data\raw\gtFine\val\frankfurt\frankfurt_000001_032556_gtFine_instanceIds.png",18749,23494,2307,17,14,3,True,False,False,3,Tier 3 - All classes present,0.4208529741863075,0.5273625140291807,0.05178451178451179,44550,0.1482154882154882,0.8517845117845118,0.5653201099328297,1.0,0.891,0.25892255892255894,76.23559656397816
train,bremen,bremen_000053_000019,"C:\Documents\Year 4 , Term 1\multiclass_scsc\data\raw\leftImg8bit\train\bremen\bremen_000053_000019_leftImg8bit.png","C:\Documents\Year 4 , Term 1\multiclass_scsc\data\raw\gtFine\train\bremen\bremen_000053_000019_gtFine_labelIds.png","C:\Documents\Year 4 , Term 1\multiclass_scsc\data\raw\gtFine\train\bremen\bremen_000053_000019_gtFine_instanceIds.png",77569,35562,11419,19,1,1,True,False,False,3,Tier 3 - All classes present,0.6227940586109996,0.2855238859895624,0.09168205539943798,124550,0.3227940586109996,0.6772059413890004,1.0,0.43679023236814946,1.0,0.4584102769971899,75.9321425260682
train,erfurt,erfurt_000108_000019,"C:\Documents\Year 4 , Term 1\multiclass_scsc\data\raw\leftImg8bit\train\erfurt\erfurt_000108_000019_leftImg8bit.png","C:\Documents\Year 4 , Term 1\multiclass_scsc\data\raw\gtFine\train\erfurt\erfurt_000108_000019_gtFine_labelIds.png","C:\Documents\Year 4 , Term 1\multiclass_scsc\data\raw\gtFine\train\erfurt\erfurt_000108_000019_gtFine_instanceIds.png",7962,350641,39459,3,15,1,True,False,False,3,Tier 3 - All classes present,0.02000190925031779,0.8808703166843356,0.0991277740653466,398062,0.3808703166843356,0.6191296833156644,0.9268455968566643,0.7211247851537042,1.0,0.495638870326733,75.86562136726573
train,stuttgart,stuttgart_000016_000019,"C:\Documents\Year 4 , Term 1\multiclass_scsc\data\raw\leftImg8bit\train\stuttgart\stuttgart_000016_000019_leftImg8bit.png","C:\Documents\Year 4 , Term 1\multiclass_scsc\data\raw\gtFine\train\stuttgart\stuttgart_000016_000019_gtFine_labelIds.png","C:\Documents\Year 4 , Term 1\multiclass_scsc\data\raw\gtFine\train\stuttgart\stuttgart_000016_000019_gtFine_instanceIds.png",17064,17114,4716,5,5,1,True,False,False,3,Tier 3 - All classes present,0.43873090965187433,0.4400164549802026,0.12125263536792308,38894,0.13873090965187435,0.8612690903481257,0.6455571413500897,0.7469007910928608,0.77788,0.6062631768396154,75.8311056050187
train,aachen,aachen_000042_000019,"C:\Documents\Year 4 , Term 1\multiclass_scsc\data\raw\leftImg8bit\train\aachen\aachen_000042_000019_leftImg8bit.png","C:\Documents\Year 4 , Term 1\multiclass_scsc\data\raw\gtFine\train\aachen\aachen_000042_000019_gtFine_labelIds.png","C:\Documents\Year 4 , Term 1\multiclass_scsc\data\raw\gtFine\train\aachen\aachen_000042_000019_gtFine_instanceIds.png",61177,15876,58235,21,5,1,True,False,False,3,Tier 3 - All classes present,0.4521982733132281,0.11734965407131454,0.43045207261545737,135288,0.3826503459286854,0.6173496540713146,0.8088598499327552,0.7469007910928608,1.0,1.0,75.16329352722815
train,darmstadt,darmstadt_000084_000019,"C:\Documents\Year 4 , Term 1\multiclass_scsc\data\raw\leftImg8bit\train\darmstadt\darmstadt_000084_000019_leftImg8bit.png","C:\Documents\Year 4 , Term 1\multiclass_scsc\data\raw\gtFine\train\darmstadt\darmstadt_000084_000019_gtFine_labelIds.png","C:\Documents\Year 4 , Term 1\multiclass_scsc\data\raw\gtFine\train\darmstadt\darmstadt_000084_000019_gtFine_instanceIds.png",3984,12616,9292,4,15,2,True,False,False,3,Tier 3 - All classes present,0.15386992121118492,0.4872547505020856,0.35887532828672947,25892,0.15887532828672946,0.8411246717132705,0.5379513298979034,1.0,0.51784,1.0,74.96192676546794
train,hamburg,hamburg_000000_006192,"C:\Documents\Year 4 , Term 1\multiclass_scsc\data\raw\leftImg8bit\train\hamburg\hamburg_000000_006192_leftImg8bit.png","C:\Documents\Year 4 , Term 1\multiclass_scsc\data\raw\gtFine\train\hamburg\hamburg_000000_006192_gtFine_labelIds.png","C:\Documents\Year 4 , Term 1\multiclass_scsc\data\raw\gtFine\train\hamburg\hamburg_000000_006192_gtFine_instanceIds.png",8091,24482,5681,1,11,1,True,False,True,3,Tier 3 - All classes present,0.21150729335494328,0.6399853610079992,0.14850734563705756,38254,0.1399853610079992,0.8600146389920008,0.7211919599540071,0.5,0.76508,0.7425367281852877,74.89982799922669
val,munster,munster_000094_000019,"C:\Documents\Year 4 , Term 1\multiclass_scsc\data\raw\leftImg8bit\val\munster\munster_000094_000019_leftImg8bit.png","C:\Documents\Year 4 , Term 1\multiclass_scsc\data\raw\gtFine\val\munster\munster_000094_000019_gtFine_labelIds.png","C:\Documents\Year 4 , Term 1\multiclass_scsc\data\raw\gtFine\val\munster\munster_000094_000019_gtFine_instanceIds.png",6671,95297,8958,8,24,1,True,False,False,3,Tier 3 - All classes present,0.0601391918936949,0.8591042677100049,0.08075654039630023,110926,0.35910426771000487,0.6408957322899951,0.8423010322412064,0.7937005259840998,1.0,0.4037827019815011,74.82928165850501
train,weimar,weimar_000072_000019,"C:\Documents\Year 4 , Term 1\multiclass_scsc\data\raw\leftImg8bit\train\weimar\weimar_000072_000019_leftImg8bit.png","C:\Documents\Year 4 , Term 1\multiclass_scsc\data\raw\gtFine\train\weimar\weimar_000072_000019_gtFine_labelIds.png","C:\Documents\Year 4 , Term 1\multiclass_scsc\data\raw\gtFine\train\weimar\weimar_000072_000019_gtFine_instanceIds.png",5015,15769,5575,5,4,2,True,False,True,3,Tier 3 - All classes present,0.19025759702568382,0.5982396904283167,0.21150271254599948,26359,0.10974240297431617,0.8902575970256839,0.5277151582673731,0.8735804647362989,0.52718,1.0,74.81726560009304
val,frankfurt,frankfurt_000001_020287,"C:\Documents\Year 4 , Term 1\multiclass_scsc\data\raw\leftImg8bit\val\frankfurt\frankfurt_000001_020287_leftImg8bit.png","C:\Documents\Year 4 , Term 1\multiclass_scsc\data\raw\gtFine\val\frankfurt\frankfurt_000001_020287_gtFine_labelIds.png","C:\Documents\Year 4 , Term 1\multiclass_scsc\data\raw\gtFine\val\frankfurt\frankfurt_000001_020287_gtFine_instanceIds.png",13247,28135,2472,6,15,1,True,False,True,3,Tier 3 - All classes present,0.30207050668126056,0.6415606330095316,0.056368860309207826,43854,0.14363113969079216,0.8563688603092079,0.614315363888621,0.7937005259840998,0.87708,0.2818443015460391,74.76974472651864
train,stuttgart,stuttgart_000089_000019,"C:\Documents\Year 4 , Term 1\multiclass_scsc\data\raw\leftImg8bit\train\stuttgart\stuttgart_000089_000019_leftImg8bit.png","C:\Documents\Year 4 , Term 1\multiclass_scsc\data\raw\gtFine\train\stuttgart\stuttgart_000089_000019_gtFine_labelIds.png","C:\Documents\Year 4 , Term 1\multiclass_scsc\data\raw\gtFine\train\stuttgart\stuttgart_000089_000019_gtFine_instanceIds.png",1922,113051,50984,3,12,2,True,False,False,3,Tier 3 - All classes present,0.011581313231740753,0.6812065776074525,0.3072121091608067,165957,0.2884186867682592,0.7115813132317408,0.5771000710505758,0.9085602964160698,1.0,1.0,74.40465910702795
train,strasbourg,strasbourg_000000_017450,"C:\Documents\Year 4 , Term 1\multiclass_scsc\data\raw\leftImg8bit\train\strasbourg\strasbourg_000000_017450_leftImg8bit.png","C:\Documents\Year 4 , Term 1\multiclass_scsc\data\raw\gtFine\train\strasbourg\strasbourg_000000_017450_gtFine_labelIds.png","C:\Documents\Year 4 , Term 1\multiclass_scsc\data\raw\gtFine\train\strasbourg\strasbourg_000000_017450_gtFine_instanceIds.png",16136,29088,2216,9,7,1,True,False,False,3,Tier 3 - All classes present,0.3401349072512648,0.6131534569983137,0.04671163575042159,47440,0.15328836424957845,0.8467116357504215,0.5989457040741419,0.7937005259840998,0.9488,0.23355817875210794,74.39813533576316
train,hanover,hanover_000000_001620,"C:\Documents\Year 4 , Term 1\multiclass_scsc\data\raw\leftImg8bit\train\hanover\hanover_000000_001620_leftImg8bit.png","C:\Documents\Year 4 , Term 1\multiclass_scsc\data\raw\gtFine\train\hanover\hanover_000000_001620_gtFine_labelIds.png","C:\Documents\Year 4 , Term 1\multiclass_scsc\data\raw\gtFine\train\hanover\hanover_000000_001620_gtFine_instanceIds.png",15672,379732,41119,1,4,1,True,False,False,3,Tier 3 - All classes present,0.03590188833119904,0.8699014714001324,0.09419664026866854,436523,0.3699014714001324,0.6300985285998676,1.0,0.43679023236814946,1.0,0.4709832013433427,74.11071063623366
train,cologne,cologne_000021_000019,"C:\Documents\Year 4 , Term 1\multiclass_scsc\data\raw\leftImg8bit\train\cologne\cologne_000021_000019_leftImg8bit.png","C:\Documents\Year 4 , Term 1\multiclass_scsc\data\raw\gtFine\train\cologne\cologne_000021_000019_gtFine_labelIds.png","C:\Documents\Year 4 , Term 1\multiclass_scsc\data\raw\gtFine\train\cologne\cologne_000021_000019_gtFine_instanceIds.png",63179,21016,115612,6,1,2,True,False,False,3,Tier 3 - All classes present,0.31620013312846895,0.10518150014764248,0.5786183667238886,199807,0.3948184998523575,0.6051815001476425,0.8881294439261473,0.5503212081491045,1.0,1.0,74.10596144592668
train,bochum,bochum_000000_014803,"C:\Documents\Year 4 , Term 1\multiclass_scsc\data\raw\leftImg8bit\train\bochum\bochum_000000_014803_leftImg8bit.png","C:\Documents\Year 4 , Term 1\multiclass_scsc\data\raw\gtFine\train\bochum\bochum_000000_014803_gtFine_labelIds.png","C:\Documents\Year 4 , Term 1\multiclass_scsc\data\raw\gtFine\train\bochum\bochum_000000_014803_gtFine_instanceIds.png",6943,186656,10728,9,8,1,True,False,False,3,Tier 3 - All classes present,0.03397984603111679,0.9135160796174759,0.052504074351407304,204327,0.4135160796174759,0.5864839203825241,0.8854874053440885,0.7937005259840998,1.0,0.2625203717570365,73.24208872417029
val,frankfurt,frankfurt_000000_005898,"C:\Documents\Year 4 , Term 1\multiclass_scsc\data\raw\leftImg8bit\val\frankfurt\frankfurt_000000_005898_leftImg8bit.png","C:\Documents\Year 4 , Term 1\multiclass_scsc\data\raw\gtFine\val\frankfurt\frankfurt_000000_005898_gtFine_labelIds.png","C:\Documents\Year 4 , Term 1\multiclass_scsc\data\raw\gtFine\val\frankfurt\frankfurt_000000_005898_gtFine_instanceIds.png",7369,50958,4871,5,6,1,True,False,False,3,Tier 3 - All classes present,0.11660179119592393,0.8063229849045855,0.0770752238994905,63198,0.3063229849045856,0.6936770150954144,0.710682402828415,0.7937005259840998,1.0,0.38537611949745243,72.89994117591777
train,stuttgart,stuttgart_000097_000019,"C:\Documents\Year 4 , Term 1\multiclass_scsc\data\raw\leftImg8bit\train\stuttgart\stuttgart_000097_000019_leftImg8bit.png","C:\Documents\Year 4 , Term 1\multiclass_scsc\data\raw\gtFine\train\stuttgart\stuttgart_000097_000019_gtFine_labelIds.png","C:\Documents\Year 4 , Term 1\multiclass_scsc\data\raw\gtFine\train\stuttgart\stuttgart_000097_000019_gtFine_instanceIds.png",8530,59266,5722,2,9,1,True,False,False,3,Tier 3 - All classes present,0.11602600723632307,0.8061427133491118,0.07783127941456514,73518,0.3061427133491118,0.6938572866508882,0.7873460049937606,0.6299605249474366,1.0,0.3891563970728257,72.76986147542401
train,ulm,ulm_000017_000019,"C:\Documents\Year 4 , Term 1\multiclass_scsc\data\raw\leftImg8bit\train\ulm\ulm_000017_000019_leftImg8bit.png","C:\Documents\Year 4 , Term 1\multiclass_scsc\data\raw\gtFine\train\ulm\ulm_000017_000019_gtFine_labelIds.png","C:\Documents\Year 4 , Term 1\multiclass_scsc\data\raw\gtFine\train\ulm\ulm_000017_000019_gtFine_instanceIds.png",3007,16965,11768,3,5,2,True,False,False,3,Tier 3 - All classes present,0.09473850031505986,0.5344990548204159,0.37076244486452425,31740,0.20526149968494015,0.7947385003150599,0.5540156238127003,0.8549879733383485,0.6348,1.0,72.58282832705864
train,zurich,zurich_000005_000019,"C:\Documents\Year 4 , Term 1\multiclass_scsc\data\raw\leftImg8bit\train\zurich\zurich_000005_000019_leftImg8bit.png","C:\Documents\Year 4 , Term 1\multiclass_scsc\data\raw\gtFine\train\zurich\zurich_000005_000019_gtFine_labelIds.png","C:\Documents\Year 4 , Term 1\multiclass_scsc\data\raw\gtFine\train\zurich\zurich_000005_000019_gtFine_instanceIds.png",8727,298987,9013,5,12,1,True,False,False,3,Tier 3 - All classes present,0.02755369766391877,0.9439896188199932,0.02845668351608799,316727,0.4439896188199932,0.5560103811800068,0.9230915646662623,0.7937005259840998,1.0,0.14228341758043994,72.55008716485183
train,cologne,cologne_000068_000019,"C:\Documents\Year 4 , Term 1\multiclass_scsc\data\raw\leftImg8bit\train\cologne\cologne_000068_000019_leftImg8bit.png","C:\Documents\Year 4 , Term 1\multiclass_scsc\data\raw\gtFine\train\cologne\cologne_000068_000019_gtFine_labelIds.png","C:\Documents\Year 4 , Term 1\multiclass_scsc\data\raw\gtFine\train\cologne\cologne_000068_000019_gtFine_instanceIds.png",45290,72900,1968,21,10,1,True,False,False,3,Tier 3 - All classes present,0.37692038815559514,0.6067011767839012,0.01637843506050367,120158,0.18362156493949636,0.8163784350605037,0.5816678115190898,0.7937005259840998,1.0,0.08189217530251836,72.42014051426692
train,strasbourg,strasbourg_000001_042869,"C:\Documents\Year 4 , Term 1\multiclass_scsc\data\raw\leftImg8bit\train\strasbourg\strasbourg_000001_042869_leftImg8bit.png","C:\Documents\Year 4 , Term 1\multiclass_scsc\data\raw\gtFine\train\strasbourg\strasbourg_000001_042869_gtFine_labelIds.png","C:\Documents\Year 4 , Term 1\multiclass_scsc\data\raw\gtFine\train\strasbourg\strasbourg_000001_042869_gtFine_instanceIds.png",9015,67997,4563,4,9,1,True,False,False,3,Tier 3 - All classes present,0.11051179895801409,0.8335519460619062,0.05593625498007968,81575,0.33355194606190625,0.6664480539380937,0.7437130462066992,0.7937005259840998,1.0,0.2796812749003984,72.2732278079882
train,stuttgart,stuttgart_000188_000019,"C:\Documents\Year 4 , Term 1\multiclass_scsc\data\raw\leftImg8bit\train\stuttgart\stuttgart_000188_000019_leftImg8bit.png","C:\Documents\Year 4 , Term 1\multiclass_scsc\data\raw\gtFine\train\stuttgart\stuttgart_000188_000019_gtFine_labelIds.png","C:\Documents\Year 4 , Term 1\multiclass_scsc\data\raw\gtFine\train\stuttgart\stuttgart_000188_000019_gtFine_instanceIds.png",15123,15663,83740,17,5,4,True,False,False,3,Tier 3 - All classes present,0.1320486177811152,0.1367637043116847,0.7311876779072001,114526,0.5311876779072,0.4688123220928,0.8052262008515839,0.9410360288810286,1.0,1.0,72.02481934247494
train,ulm,ulm_000059_000019,"C:\Documents\Year 4 , Term 1\multiclass_scsc\data\raw\leftImg8bit\train\ulm\ulm_000059_000019_leftImg8bit.png","C:\Documents\Year 4 , Term 1\multiclass_scsc\data\raw\gtFine\train\ulm\ulm_000059_000019_gtFine_labelIds.png","C:\Documents\Year 4 , Term 1\multiclass_scsc\data\raw\gtFine\train\ulm\ulm_000059_000019_gtFine_instanceIds.png",9608,302589,19129,1,12,1,True,False,False,3,Tier 3 - All classes present,0.02899862974834453,0.9132666920193405,0.057734678232315,331326,0.4132666920193405,0.5867333079806595,0.986758777213566,0.5,1.0,0.288673391161575,72.01546259144122
train,krefeld,krefeld_000000_034389,"C:\Documents\Year 4 , Term 1\multiclass_scsc\data\raw\leftImg8bit\train\krefeld\krefeld_000000_034389_leftImg8bit.png","C:\Documents\Year 4 , Term 1\multiclass_scsc\data\raw\gtFine\train\krefeld\krefeld_000000_034389_gtFine_labelIds.png","C:\Documents\Year 4 , Term 1\multiclass_scsc\data\raw\gtFine\train\krefeld\krefeld_000000_034389_gtFine_instanceIds.png",16932,9125,5919,5,4,2,True,False,False,3,Tier 3 - All classes present,0.5295221416062047,0.2853702777082812,0.18510758068551414,31976,0.22952214160620468,0.7704778583937953,0.5646595176245502,0.8735804647362989,0.63952,0.9255379034275707,71.88549635267066
train,bremen,bremen_000210_000019,"C:\Documents\Year 4 , Term 1\multiclass_scsc\data\raw\leftImg8bit\train\bremen\bremen_000210_000019_leftImg8bit.png","C:\Documents\Year 4 , Term 1\multiclass_scsc\data\raw\gtFine\train\bremen\bremen_000210_000019_gtFine_labelIds.png","C:\Documents\Year 4 , Term 1\multiclass_scsc\data\raw\gtFine\train\bremen\bremen_000210_000019_gtFine_instanceIds.png",5371,187400,8475,9,10,2,True,False,False,3,Tier 3 - All classes present,0.026688729216978225,0.9311986325194042,0.04211263826361766,201246,0.43119863251940416,0.5688013674805958,0.7692454800391808,1.0,1.0,0.21056319131808832,71.8822350569897
train,aachen,aachen_000039_000019,"C:\Documents\Year 4 , Term 1\multiclass_scsc\data\raw\leftImg8bit\train\aachen\aachen_000039_000019_leftImg8bit.png","C:\Documents\Year 4 , Term 1\multiclass_scsc\data\raw\gtFine\train\aachen\aachen_000039_000019_gtFine_labelIds.png","C:\Documents\Year 4 , Term 1\multiclass_scsc\data\raw\gtFine\train\aachen\aachen_000039_000019_gtFine_instanceIds.png",9233,338267,11641,2,3,2,True,False,False,3,Tier 3 - All classes present,0.02570856571652916,0.9418779810715011,0.03241345321196967,359141,0.4418779810715011,0.5581220189284989,0.9737503165298174,0.6299605249474366,1.0,0.16206726605984836,71.79713445754527
train,hamburg,hamburg_000000_019760,"C:\Documents\Year 4 , Term 1\multiclass_scsc\data\raw\leftImg8bit\train\hamburg\hamburg_000000_019760_leftImg8bit.png","C:\Documents\Year 4 , Term 1\multiclass_scsc\data\raw\gtFine\train\hamburg\hamburg_000000_019760_gtFine_labelIds.png","C:\Documents\Year 4 , Term 1\multiclass_scsc\data\raw\gtFine\train\hamburg\hamburg_000000_019760_gtFine_instanceIds.png",30434,97577,2622,14,17,1,True,False,False,3,Tier 3 - All classes present,0.2329732915878836,0.7469552103985976,0.02007149801351879,130633,0.24695521039859758,0.7530447896014024,0.64004556967191,0.7937005259840998,1.0,0.10035749006759395,71.73045401431285
train,monchengladbach,monchengladbach_000000_018114,"C:\Documents\Year 4 , Term 1\multiclass_scsc\data\raw\leftImg8bit\train\monchengladbach\monchengladbach_000000_018114_leftImg8bit.png","C:\Documents\Year 4 , Term 1\multiclass_scsc\data\raw\gtFine\train\monchengladbach\monchengladbach_000000_018114_gtFine_labelIds.png","C:\Documents\Year 4 , Term 1\multiclass_scsc\data\raw\gtFine\train\monchengladbach\monchengladbach_000000_018114_gtFine_instanceIds.png",5444,103849,10650,3,4,1,True,False,False,3,Tier 3 - All classes present,0.04538822607405184,0.8658195976422134,0.08879217628373477,119943,0.3658195976422134,0.6341804023577866,0.816531052496446,0.6299605249474366,1.0,0.44396088141867385,71.53235995050976
train,zurich,zurich_000039_000019,"C:\Documents\Year 4 , Term 1\multiclass_scsc\data\raw\leftImg8bit\train\zurich\zurich_000039_000019_leftImg8bit.png","C:\Documents\Year 4 , Term 1\multiclass_scsc\data\raw\gtFine\train\zurich\zurich_000039_000019_gtFine_labelIds.png","C:\Documents\Year 4 , Term 1\multiclass_scsc\data\raw\gtFine\train\zurich\zurich_000039_000019_gtFine_instanceIds.png",112132,116536,1051,12,7,2,True,False,False,3,Tier 3 - All classes present,0.48812679839281903,0.5072980467440655,0.004575154863115371,229719,0.1954248451368846,0.8045751548631154,0.4719191185742441,1.0,1.0,0.022875774315576854,71.45495862332982
train,tubingen,tubingen_000030_000019,"C:\Documents\Year 4 , Term 1\multiclass_scsc\data\raw\leftImg8bit\train\tubingen\tubingen_000030_000019_leftImg8bit.png","C:\Documents\Year 4 , Term 1\multiclass_scsc\data\raw\gtFine\train\tubingen\tubingen_000030_000019_gtFine_labelIds.png","C:\Documents\Year 4 , Term 1\multiclass_scsc\data\raw\gtFine\train\tubingen\tubingen_000030_000019_gtFine_instanceIds.png",2336,125741,18980,3,6,2,True,False,False,3,Tier 3 - All classes present,0.01588499697396248,0.8550494026125924,0.12906560041344511,147057,0.35504940261259244,0.6449505973874076,0.6158726897188344,0.9085602964160698,1.0,0.6453280020672255,71.1292490436385
val,frankfurt,frankfurt_000001_014741,"C:\Documents\Year 4 , Term 1\multiclass_scsc\data\raw\leftImg8bit\val\frankfurt\frankfurt_000001_014741_leftImg8bit.png","C:\Documents\Year 4 , Term 1\multiclass_scsc\data\raw\gtFine\val\frankfurt\frankfurt_000001_014741_gtFine_labelIds.png","C:\Documents\Year 4 , Term 1\multiclass_scsc\data\raw\gtFine\val\frankfurt\frankfurt_000001_014741_gtFine_instanceIds.png",24696,24328,1072,11,8,2,True,False,False,3,Tier 3 - All classes present,0.49297349089747683,0.48562759501756625,0.021398914084956883,50096,0.19297349089747684,0.8070265091025232,0.44298937775204056,1.0,1.0,0.10699457042478441,71.10571454878607
train,bremen,bremen_000102_000019,"C:\Documents\Year 4 , Term 1\multiclass_scsc\data\raw\leftImg8bit\train\bremen\bremen_000102_000019_leftImg8bit.png","C:\Documents\Year 4 , Term 1\multiclass_scsc\data\raw\gtFine\train\bremen\bremen_000102_000019_gtFine_labelIds.png","C:\Documents\Year 4 , Term 1\multiclass_scsc\data\raw\gtFine\train\bremen\bremen_000102_000019_gtFine_instanceIds.png",118125,18813,14189,24,9,1,True,False,False,3,Tier 3 - All classes present,0.7816273730041621,0.12448470491705652,0.09388792207878142,151127,0.48162737300416203,0.518372626995838,0.8559444893690945,0.7937005259840998,1.0,0.4694396103939071,70.66594570263737
train,stuttgart,stuttgart_000088_000019,"C:\Documents\Year 4 , Term 1\multiclass_scsc\data\raw\leftImg8bit\train\stuttgart\stuttgart_000088_000019_leftImg8bit.png","C:\Documents\Year 4 , Term 1\multiclass_scsc\data\raw\gtFine\train\stuttgart\stuttgart_000088_000019_gtFine_labelIds.png","C:\Documents\Year 4 , Term 1\multiclass_scsc\data\raw\gtFine\train\stuttgart\stuttgart_000088_000019_gtFine_instanceIds.png",33709,100758,2048,8,10,1,True,False,False,3,Tier 3 - All classes present,0.24692524630992932,0.7380727392594221,0.015002014430648646,136515,0.23807273925942204,0.7619272607405779,0.5894450397824619,0.7937005259840998,1.0,0.07501007215324322,70.44099987362469
train,hanover,hanover_000000_030346,"C:\Documents\Year 4 , Term 1\multiclass_scsc\data\raw\leftImg8bit\train\hanover\hanover_000000_030346_leftImg8bit.png","C:\Documents\Year 4 , Term 1\multiclass_scsc\data\raw\gtFine\train\hanover\hanover_000000_030346_gtFine_labelIds.png","C:\Documents\Year 4 , Term 1\multiclass_scsc\data\raw\gtFine\train\hanover\hanover_000000_030346_gtFine_instanceIds.png",14609,40400,1573,20,6,1,True,False,False,3,Tier 3 - All classes present,0.2581916510551059,0.7140079884062069,0.027800360538687216,56582,0.2140079884062069,0.7859920115937931,0.5398124634559534,0.7937005259840998,1.0,0.13900180269343607,70.23457127065899
val,frankfurt,frankfurt_000001_069633,"C:\Documents\Year 4 , Term 1\multiclass_scsc\data\raw\leftImg8bit\val\frankfurt\frankfurt_000001_069633_leftImg8bit.png","C:\Documents\Year 4 , Term 1\multiclass_scsc\data\raw\gtFine\val\frankfurt\frankfurt_000001_069633_gtFine_labelIds.png","C:\Documents\Year 4 , Term 1\multiclass_scsc\data\raw\gtFine\val\frankfurt\frankfurt_000001_069633_gtFine_instanceIds.png",48881,112620,1438,11,22,1,True,False,False,3,Tier 3 - All classes present,0.2999957039137346,0.69117890744389,0.008825388642375368,162939,0.19117890744389002,0.80882109255611,0.5239055051716431,0.7937005259840998,1.0,0.04412694321187684,70.19615146321459
train,tubingen,tubingen_000132_000019,"C:\Documents\Year 4 , Term 1\multiclass_scsc\data\raw\leftImg8bit\train\tubingen\tubingen_000132_000019_leftImg8bit.png","C:\Documents\Year 4 , Term 1\multiclass_scsc\data\raw\gtFine\train\tubingen\tubingen_000132_000019_gtFine_labelIds.png","C:\Documents\Year 4 , Term 1\multiclass_scsc\data\raw\gtFine\train\tubingen\tubingen_000132_000019_gtFine_instanceIds.png",8098,214776,15834,1,4,1,True,False,False,3,Tier 3 - All classes present,0.03392429244097391,0.8997436198200311,0.06633208773899492,238708,0.39974361982003115,0.6002563801799689,0.9320930236804702,0.43679023236814946,1.0,0.3316604386949746,70.18320159660996
train,stuttgart,stuttgart_000032_000019,"C:\Documents\Year 4 , Term 1\multiclass_scsc\data\raw\leftImg8bit\train\stuttgart\stuttgart_000032_000019_leftImg8bit.png","C:\Documents\Year 4 , Term 1\multiclass_scsc\data\raw\gtFine\train\stuttgart\stuttgart_000032_000019_gtFine_labelIds.png","C:\Documents\Year 4 , Term 1\multiclass_scsc\data\raw\gtFine\train\stuttgart\stuttgart_000032_000019_gtFine_instanceIds.png",8112,169984,8035,3,2,2,True,False,False,3,Tier 3 - All classes present,0.04358220822968769,0.9132492706749548,0.04316852109535757,186131,0.41324927067495476,0.5867507293250452,0.8670376189794112,0.6299605249474366,1.0,0.21584260547678785,70.00977864397964
val,frankfurt,frankfurt_000001_073911,"C:\Documents\Year 4 , Term 1\multiclass_scsc\data\raw\leftImg8bit\val\frankfurt\frankfurt_000001_073911_leftImg8bit.png","C:\Documents\Year 4 , Term 1\multiclass_scsc\data\raw\gtFine\val\frankfurt\frankfurt_000001_073911_gtFine_labelIds.png","C:\Documents\Year 4 , Term 1\multiclass_scsc\data\raw\gtFine\val\frankfurt\frankfurt_000001_073911_gtFine_instanceIds.png",5905,84385,8936,1,25,1,True,False,False,3,Tier 3 - All classes present,0.05951061213794771,0.8504323463608329,0.09005704150121945,99226,0.35043234636083287,0.6495676536391671,0.8080799924072154,0.5,1.0,0.4502852075060972,69.97653195531363
val,frankfurt,frankfurt_000001_082087,"C:\Documents\Year 4 , Term 1\multiclass_scsc\data\raw\leftImg8bit\val\frankfurt\frankfurt_000001_082087_leftImg8bit.png","C:\Documents\Year 4 , Term 1\multiclass_scsc\data\raw\gtFine\val\frankfurt\frankfurt_000001_082087_gtFine_labelIds.png","C:\Documents\Year 4 , Term 1\multiclass_scsc\data\raw\gtFine\val\frankfurt\frankfurt_000001_082087_gtFine_instanceIds.png",1279,21128,11834,7,12,2,True,False,False,3,Tier 3 - All classes present,0.03735288104903478,0.6170380537951579,0.34560906515580736,34241,0.2626471189509652,0.7373528810490348,0.44826609581479954,1.0,0.68482,1.0,69.7902981164054
train,hamburg,hamburg_000000_060907,"C:\Documents\Year 4 , Term 1\multiclass_scsc\data\raw\leftImg8bit\train\hamburg\hamburg_000000_060907_leftImg8bit.png","C:\Documents\Year 4 , Term 1\multiclass_scsc\data\raw\gtFine\train\hamburg\hamburg_000000_060907_gtFine_labelIds.png","C:\Documents\Year 4 , Term 1\multiclass_scsc\data\raw\gtFine\train\hamburg\hamburg_000000_060907_gtFine_instanceIds.png",25027,52605,669,24,10,2,True,False,False,3,Tier 3 - All classes present,0.3196255475664423,0.671830500249039,0.008543952184518717,78301,0.1914560478154813,0.8085439521845187,0.40595264236057166,1.0,1.0,0.04271976092259358,69.73393616281088
train,aachen,aachen_000110_000019,"C:\Documents\Year 4 , Term 1\multiclass_scsc\data\raw\leftImg8bit\train\aachen\aachen_000110_000019_leftImg8bit.png","C:\Documents\Year 4 , Term 1\multiclass_scsc\data\raw\gtFine\train\aachen\aachen_000110_000019_gtFine_labelIds.png","C:\Documents\Year 4 , Term 1\multiclass_scsc\data\raw\gtFine\train\aachen\aachen_000110_000019_gtFine_instanceIds.png",6505,262165,8728,8,13,1,True,False,False,3,Tier 3 - All classes present,0.023450060923294328,0.9450861217456507,0.03146381733105502,277398,0.44508612174565065,0.5549138782543493,0.8280451405606194,0.7937005259840998,1.0,0.1573190866552751,69.73001267003042
train,hamburg,hamburg_000000_063403,"C:\Documents\Year 4 , Term 1\multiclass_scsc\data\raw\leftImg8bit\train\hamburg\hamburg_000000_063403_leftImg8bit.png","C:\Documents\Year 4 , Term 1\multiclass_scsc\data\raw\gtFine\train\hamburg\hamburg_000000_063403_gtFine_labelIds.png","C:\Documents\Year 4 , Term 1\multiclass_scsc\data\raw\gtFine\train\hamburg\hamburg_000000_063403_gtFine_instanceIds.png",71725,78165,1312,10,11,1,True,False,False,3,Tier 3 - All classes present,0.47436541844684593,0.5169574476528088,0.008677133900345234,151202,0.19132286609965476,0.8086771339003452,0.5081336371089924,0.7937005259840998,1.0,0.04338566950172617,69.71353070655371
train,zurich,zurich_000077_000019,"C:\Documents\Year 4 , Term 1\multiclass_scsc\data\raw\leftImg8bit\train\zurich\zurich_000077_000019_leftImg8bit.png","C:\Documents\Year 4 , Term 1\multiclass_scsc\data\raw\gtFine\train\zurich\zurich_000077_000019_gtFine_labelIds.png","C:\Documents\Year 4 , Term 1\multiclass_scsc\data\raw\gtFine\train\zurich\zurich_000077_000019_gtFine_instanceIds.png",19825,28584,1257,17,5,1,True,False,False,3,Tier 3 - All classes present,0.39916643176418476,0.5755245036846132,0.02530906455120203,49666,0.17469093544879796,0.825309064551202,0.4929229156977336,0.7469007910928608,0.99332,0.12654532275601016,69.56948853315306
val,frankfurt,frankfurt_000001_062793,"C:\Documents\Year 4 , Term 1\multiclass_scsc\data\raw\leftImg8bit\val\frankfurt\frankfurt_000001_062793_leftImg8bit.png","C:\Documents\Year 4 , Term 1\multiclass_scsc\data\raw\gtFine\val\frankfurt\frankfurt_000001_062793_gtFine_labelIds.png","C:\Documents\Year 4 , Term 1\multiclass_scsc\data\raw\gtFine\val\frankfurt\frankfurt_000001_062793_gtFine_instanceIds.png",33159,23105,2447,16,10,1,True,False,False,3,Tier 3 - All classes present,0.5647834307029347,0.39353783788387187,0.04167873141319344,58711,0.2647834307029347,0.7352165692970654,0.5733320619976616,0.7937005259840998,1.0,0.20839365706596719,69.55610080690379
train,strasbourg,strasbourg_000001_054639,"C:\Documents\Year 4 , Term 1\multiclass_scsc\data\raw\leftImg8bit\train\strasbourg\strasbourg_000001_054639_leftImg8bit.png","C:\Documents\Year 4 , Term 1\multiclass_scsc\data\raw\gtFine\train\strasbourg\strasbourg_000001_054639_gtFine_labelIds.png","C:\Documents\Year 4 , Term 1\multiclass_scsc\data\raw\gtFine\train\strasbourg\strasbourg_000001_054639_gtFine_instanceIds.png",20599,6395,22809,5,5,1,True,False,False,3,Tier 3 - All classes present,0.4136096219103267,0.1284059193221292,0.4579844587675441,49803,0.3715940806778708,0.6284059193221292,0.5973649880032528,0.7469007910928608,0.99606,1.0,69.22129827937566
val,munster,munster_000023_000019,"C:\Documents\Year 4 , Term 1\multiclass_scsc\data\raw\leftImg8bit\val\munster\munster_000023_000019_leftImg8bit.png","C:\Documents\Year 4 , Term 1\multiclass_scsc\data\raw\gtFine\val\munster\munster_000023_000019_gtFine_labelIds.png","C:\Documents\Year 4 , Term 1\multiclass_scsc\data\raw\gtFine\val\munster\munster_000023_000019_gtFine_instanceIds.png",13310,22525,1633,2,8,2,True,False,False,3,Tier 3 - All classes present,0.35523646845307993,0.6011796733212341,0.04358385822568592,37468,0.15641614177431407,0.8435838582256859,0.4967942682718106,0.7937005259840998,0.74936,0.2179192911284296,69.13588672258541
val,frankfurt,frankfurt_000001_067295,"C:\Documents\Year 4 , Term 1\multiclass_scsc\data\raw\leftImg8bit\val\frankfurt\frankfurt_000001_067295_leftImg8bit.png","C:\Documents\Year 4 , Term 1\multiclass_scsc\data\raw\gtFine\val\frankfurt\frankfurt_000001_067295_gtFine_labelIds.png","C:\Documents\Year 4 , Term 1\multiclass_scsc\data\raw\gtFine\val\frankfurt\frankfurt_000001_067295_gtFine_instanceIds.png",76365,105894,1197,28,7,1,True,False,False,3,Tier 3 - All classes present,0.4162578492935636,0.5772174254317112,0.006524725274725275,183456,0.19347527472527476,0.8065247252747252,0.4928310365143878,0.7937005259840998,1.0,0.032623626373626376,69.11454612805026
train,strasbourg,strasbourg_000000_025089,"C:\Documents\Year 4 , Term 1\multiclass_scsc\data\raw\leftImg8bit\train\strasbourg\strasbourg_000000_025089_leftImg8bit.png","C:\Documents\Year 4 , Term 1\multiclass_scsc\data\raw\gtFine\train\strasbourg\strasbourg_000000_025089_gtFine_labelIds.png","C:\Documents\Year 4 , Term 1\multiclass_scsc\data\raw\gtFine\train\strasbourg\strasbourg_000000_025089_gtFine_instanceIds.png",6939,34381,2971,5,18,1,True,False,True,3,Tier 3 - All classes present,0.15666839764286197,0.7762525117969791,0.06707909056015895,44291,0.27625251179697907,0.7237474882030209,0.5907447169769247,0.7937005259840998,0.88582,0.33539545280079475,69.11292619119406
train,strasbourg,strasbourg_000000_029729,"C:\Documents\Year 4 , Term 1\multiclass_scsc\data\raw\leftImg8bit\train\strasbourg\strasbourg_000000_029729_leftImg8bit.png","C:\Documents\Year 4 , Term 1\multiclass_scsc\data\raw\gtFine\train\strasbourg\strasbourg_000000_029729_gtFine_labelIds.png","C:\Documents\Year 4 , Term 1\multiclass_scsc\data\raw\gtFine\train\strasbourg\strasbourg_000000_029729_gtFine_instanceIds.png",76221,88254,2116,25,2,1,True,False,False,3,Tier 3 - All classes present,0.4575337203090203,0.5297645130889423,0.012701766602037324,166591,0.18729823339796267,0.8127017666020373,0.5958979450800578,0.5503212081491045,1.0,0.06350883301018662,68.95737130377071
train,tubingen,tubingen_000065_000019,"C:\Documents\Year 4 , Term 1\multiclass_scsc\data\raw\leftImg8bit\train\tubingen\tubingen_000065_000019_leftImg8bit.png","C:\Documents\Year 4 , Term 1\multiclass_scsc\data\raw\gtFine\train\tubingen\tubingen_000065_000019_gtFine_labelIds.png","C:\Documents\Year 4 , Term 1\multiclass_scsc\data\raw\gtFine\train\tubingen\tubingen_000065_000019_gtFine_instanceIds.png",9014,364259,8678,1,5,2,True,False,False,3,Tier 3 - All classes present,0.02359988584923197,0.9536799222936974,0.022720191857070672,381951,0.45367992229369736,0.5463200777063026,0.9213947496005669,0.5928155507483438,1.0,0.11360095928535335,68.95488365392103
train,hamburg,hamburg_000000_069417,"C:\Documents\Year 4 , Term 1\multiclass_scsc\data\raw\leftImg8bit\train\hamburg\hamburg_000000_069417_leftImg8bit.png","C:\Documents\Year 4 , Term 1\multiclass_scsc\data\raw\gtFine\train\hamburg\hamburg_000000_069417_gtFine_labelIds.png","C:\Documents\Year 4 , Term 1\multiclass_scsc\data\raw\gtFine\train\hamburg\hamburg_000000_069417_gtFine_instanceIds.png",41628,91656,1124,48,11,1,True,False,False,3,Tier 3 - All classes present,0.3097137075174097,0.6819236950181536,0.008362597464436641,134408,0.19163740253556336,0.8083625974644366,0.4826016144366093,0.7937005259840998,1.0,0.04181298732218321,68.92712515804816
train,stuttgart,stuttgart_000112_000019,"C:\Documents\Year 4 , Term 1\multiclass_scsc\data\raw\leftImg8bit\train\stuttgart\stuttgart_000112_000019_leftImg8bit.png","C:\Documents\Year 4 , Term 1\multiclass_scsc\data\raw\gtFine\train\stuttgart\stuttgart_000112_000019_gtFine_labelIds.png","C:\Documents\Year 4 , Term 1\multiclass_scsc\data\raw\gtFine\train\stuttgart\stuttgart_000112_000019_gtFine_instanceIds.png",1456,60848,41915,1,11,2,True,False,False,3,Tier 3 - All classes present,0.01397058118001516,0.5838474750285456,0.4021819437914392,104219,0.2860294188199848,0.7139705811800152,0.5260824228571251,0.6299605249474366,1.0,1.0,68.79070380712591
train,ulm,ulm_000065_000019,"C:\Documents\Year 4 , Term 1\multiclass_scsc\data\raw\leftImg8bit\train\ulm\ulm_000065_000019_leftImg8bit.png","C:\Documents\Year 4 , Term 1\multiclass_scsc\data\raw\gtFine\train\ulm\ulm_000065_000019_gtFine_labelIds.png","C:\Documents\Year 4 , Term 1\multiclass_scsc\data\raw\gtFine\train\ulm\ulm_000065_000019_gtFine_instanceIds.png",5071,39222,3879,5,3,3,True,False,False,3,Tier 3 - All classes present,0.10526862077555427,0.8142074233994852,0.08052395582496055,48172,0.31420742339948515,0.6857925766005148,0.5815733047017905,0.7937005259840998,0.96344,0.40261977912480273,68.43190899045982
train,hanover,hanover_000000_029325,"C:\Documents\Year 4 , Term 1\multiclass_scsc\data\raw\leftImg8bit\train\hanover\hanover_000000_029325_leftImg8bit.png","C:\Documents\Year 4 , Term 1\multiclass_scsc\data\raw\gtFine\train\hanover\hanover_000000_029325_gtFine_labelIds.png","C:\Documents\Year 4 , Term 1\multiclass_scsc\data\raw\gtFine\train\hanover\hanover_000000_029325_gtFine_instanceIds.png",22894,53205,950,31,9,1,True,False,False,3,Tier 3 - All classes present,0.29713558904074033,0.6905345948682008,0.012329816091058937,77049,0.19053459486820076,0.8094654051317992,0.45629026353869667,0.7937005259840998,1.0,0.06164908045529468,68.28107740347083
train,strasbourg,strasbourg_000000_033062,"C:\Documents\Year 4 , Term 1\multiclass_scsc\data\raw\leftImg8bit\train\strasbourg\strasbourg_000000_033062_leftImg8bit.png","C:\Documents\Year 4 , Term 1\multiclass_scsc\data\raw\gtFine\train\strasbourg\strasbourg_000000_033062_gtFine_labelIds.png","C:\Documents\Year 4 , Term 1\multiclass_scsc\data\raw\gtFine\train\strasbourg\strasbourg_000000_033062_gtFine_instanceIds.png",52084,89279,978,23,11,1,True,False,False,3,Tier 3 - All classes present,0.3659100329490449,0.627219142762802,0.006870824288153097,142341,0.1931291757118469,0.806870824288153,0.46072978048447893,0.7937005259840998,1.0,0.03435412144076548,68.1740048830258
train,aachen,aachen_000004_000019,"C:\Documents\Year 4 , Term 1\multiclass_scsc\data\raw\leftImg8bit\train\aachen\aachen_000004_000019_leftImg8bit.png","C:\Documents\Year 4 , Term 1\multiclass_scsc\data\raw\gtFine\train\aachen\aachen_000004_000019_gtFine_labelIds.png","C:\Documents\Year 4 , Term 1\multiclass_scsc\data\raw\gtFine\train\aachen\aachen_000004_000019_gtFine_instanceIds.png",13846,57898,1099,7,15,2,True,False,False,3,Tier 3 - All classes present,0.19008003514407698,0.7948327224304326,0.015087242425490439,72843,0.29483272243043257,0.7051672775695674,0.47899674714457463,1.0,1.0,0.07543621212745219,67.9537745777572
val,frankfurt,frankfurt_000001_055387,"C:\Documents\Year 4 , Term 1\multiclass_scsc\data\raw\leftImg8bit\val\frankfurt\frankfurt_000001_055387_leftImg8bit.png","C:\Documents\Year 4 , Term 1\multiclass_scsc\data\raw\gtFine\val\frankfurt\frankfurt_000001_055387_gtFine_labelIds.png","C:\Documents\Year 4 , Term 1\multiclass_scsc\data\raw\gtFine\val\frankfurt\frankfurt_000001_055387_gtFine_instanceIds.png",41836,5847,47752,25,4,6,True,False,False,3,Tier 3 - All classes present,0.4383716665793472,0.06126683082726463,0.5003615025933882,95435,0.4387331691727353,0.5612668308272647,0.5797898564906535,0.8735804647362989,1.0,1.0,67.94807589885468
train,strasbourg,strasbourg_000001_009618,"C:\Documents\Year 4 , Term 1\multiclass_scsc\data\raw\leftImg8bit\train\strasbourg\strasbourg_000001_009618_leftImg8bit.png","C:\Documents\Year 4 , Term 1\multiclass_scsc\data\raw\gtFine\train\strasbourg\strasbourg_000001_009618_gtFine_labelIds.png","C:\Documents\Year 4 , Term 1\multiclass_scsc\data\raw\gtFine\train\strasbourg\strasbourg_000001_009618_gtFine_instanceIds.png",30561,74634,965,25,16,1,True,False,False,3,Tier 3 - All classes present,0.28787678975131875,0.703033157498116,0.009090052750565184,106160,0.20303315749811604,0.796966842501884,0.45867926134215514,0.7937005259840998,1.0,0.04545026375282592,67.77181074886563
train,hanover,hanover_000000_027282,"C:\Documents\Year 4 , Term 1\multiclass_scsc\data\raw\leftImg8bit\train\hanover\hanover_000000_027282_leftImg8bit.png","C:\Documents\Year 4 , Term 1\multiclass_scsc\data\raw\gtFine\train\hanover\hanover_000000_027282_gtFine_labelIds.png","C:\Documents\Year 4 , Term 1\multiclass_scsc\data\raw\gtFine\train\hanover\hanover_000000_027282_gtFine_instanceIds.png",24404,134624,1535,22,11,2,True,False,False,3,Tier 3 - All classes present,0.15199018453815635,0.8384497051001788,0.009560110361664891,160563,0.3384497051001788,0.6615502948998212,0.5354301138367603,1.0,1.0,0.04780055180832445,67.76391797013727
train,strasbourg,strasbourg_000001_052840,"C:\Documents\Year 4 , Term 1\multiclass_scsc\data\raw\leftImg8bit\train\strasbourg\strasbourg_000001_052840_leftImg8bit.png","C:\Documents\Year 4 , Term 1\multiclass_scsc\data\raw\gtFine\train\strasbourg\strasbourg_000001_052840_gtFine_labelIds.png","C:\Documents\Year 4 , Term 1\multiclass_scsc\data\raw\gtFine\train\strasbourg\strasbourg_000001_052840_gtFine_instanceIds.png",15993,14392,3644,16,2,1,True,False,False,3,Tier 3 - All classes present,0.46998148637926473,0.42293338035205263,0.10708513326868259,34029,0.16998148637926477,0.8300185136207352,0.5591471144045685,0.5503212081491045,0.68058,0.5354256663434129,67.71290043092009
val,frankfurt,frankfurt_000001_064305,"C:\Documents\Year 4 , Term 1\multiclass_scsc\data\raw\leftImg8bit\val\frankfurt\frankfurt_000001_064305_leftImg8bit.png","C:\Documents\Year 4 , Term 1\multiclass_scsc\data\raw\gtFine\val\frankfurt\frankfurt_000001_064305_gtFine_labelIds.png","C:\Documents\Year 4 , Term 1\multiclass_scsc\data\raw\gtFine\val\frankfurt\frankfurt_000001_064305_gtFine_instanceIds.png",1214,82411,45175,1,11,6,True,False,False,3,Tier 3 - All classes present,0.009425465838509317,0.6398369565217391,0.35073757763975155,128800,0.29057453416149065,0.7094254658385093,0.4951531682583971,0.6299605249474366,1.0,1.0,67.68102155550383
train,monchengladbach,monchengladbach_000000_007695,"C:\Documents\Year 4 , Term 1\multiclass_scsc\data\raw\leftImg8bit\train\monchengladbach\monchengladbach_000000_007695_leftImg8bit.png","C:\Documents\Year 4 , Term 1\multiclass_scsc\data\raw\gtFine\train\monchengladbach\monchengladbach_000000_007695_gtFine_labelIds.png","C:\Documents\Year 4 , Term 1\multiclass_scsc\data\raw\gtFine\train\monchengladbach\monchengladbach_000000_007695_gtFine_instanceIds.png",16045,36861,789,5,9,1,True,False,False,3,Tier 3 - All classes present,0.29881739454325357,0.6864884998603222,0.014694105596424248,53695,0.1864884998603222,0.8135115001396778,0.4289029181379588,0.7937005259840998,1.0,0.07347052798212124,67.68040807939796
train,zurich,zurich_000063_000019,"C:\Documents\Year 4 , Term 1\multiclass_scsc\data\raw\leftImg8bit\train\zurich\zurich_000063_000019_leftImg8bit.png","C:\Documents\Year 4 , Term 1\multiclass_scsc\data\raw\gtFine\train\zurich\zurich_000063_000019_gtFine_labelIds.png","C:\Documents\Year 4 , Term 1\multiclass_scsc\data\raw\gtFine\train\zurich\zurich_000063_000019_gtFine_instanceIds.png",62031,216038,1657,16,11,1,True,False,False,3,Tier 3 - All classes present,0.2217562900838678,0.7723200560548537,0.005923653861278537,279726,0.27232005605485365,0.7276799439451463,0.5492551901811876,0.7937005259840998,1.0,0.029618269306392685,67.63845269953495
train,zurich,zurich_000067_000019,"C:\Documents\Year 4 , Term 1\multiclass_scsc\data\raw\leftImg8bit\train\zurich\zurich_000067_000019_leftImg8bit.png","C:\Documents\Year 4 , Term 1\multiclass_scsc\data\raw\gtFine\train\zurich\zurich_000067_000019_gtFine_labelIds.png","C:\Documents\Year 4 , Term 1\multiclass_scsc\data\raw\gtFine\train\zurich\zurich_000067_000019_gtFine_instanceIds.png",78732,183271,881,18,18,1,True,False,False,3,Tier 3 - All classes present,0.2994933126397955,0.6971553993396327,0.003351288020571811,262884,0.19715539933963266,0.8028446006603673,0.44496443767487026,0.7937005259840998,1.0,0.016756440102859056,67.45200724693659
train,aachen,aachen_000138_000019,"C:\Documents\Year 4 , Term 1\multiclass_scsc\data\raw\leftImg8bit\train\aachen\aachen_000138_000019_leftImg8bit.png","C:\Documents\Year 4 , Term 1\multiclass_scsc\data\raw\gtFine\train\aachen\aachen_000138_000019_gtFine_labelIds.png","C:\Documents\Year 4 , Term 1\multiclass_scsc\data\raw\gtFine\train\aachen\aachen_000138_000019_gtFine_instanceIds.png",29965,189740,2677,7,8,1,True,False,False,3,Tier 3 - All classes present,0.13474561790072936,0.8532165373096744,0.01203784478959628,222382,0.35321653730967434,0.6467834626903257,0.6444899117962599,0.7937005259840998,1.0,0.060189223947981395,67.41248987100224
val,munster,munster_000148_000019,"C:\Documents\Year 4 , Term 1\multiclass_scsc\data\raw\leftImg8bit\val\munster\munster_000148_000019_leftImg8bit.png","C:\Documents\Year 4 , Term 1\multiclass_scsc\data\raw\gtFine\val\munster\munster_000148_000019_gtFine_labelIds.png","C:\Documents\Year 4 , Term 1\multiclass_scsc\data\raw\gtFine\val\munster\munster_000148_000019_gtFine_instanceIds.png",47297,39089,1526,28,4,1,True,False,False,3,Tier 3 - All classes present,0.538003913003913,0.4446378196378196,0.017358267358267357,87912,0.23800391300391305,0.7619960869960869,0.5343816187637045,0.6933612743506347,1.0,0.08679133679133678,67.34566784197081
train,strasbourg,strasbourg_000001_049977,"C:\Documents\Year 4 , Term 1\multiclass_scsc\data\raw\leftImg8bit\train\strasbourg\strasbourg_000001_049977_leftImg8bit.png","C:\Documents\Year 4 , Term 1\multiclass_scsc\data\raw\gtFine\train\strasbourg\strasbourg_000001_049977_gtFine_labelIds.png","C:\Documents\Year 4 , Term 1\multiclass_scsc\data\raw\gtFine\train\strasbourg\strasbourg_000001_049977_gtFine_instanceIds.png",45479,9753,10374,15,1,2,True,False,False,3,Tier 3 - All classes present,0.6932140353016493,0.1486601835198,0.15812578117855075,65606,0.3932140353016493,0.6067859646983507,0.6876049426580179,0.5503212081491045,1.0,0.7906289058927537,67.1075495193749
train,zurich,zurich_000026_000019,"C:\Documents\Year 4 , Term 1\multiclass_scsc\data\raw\leftImg8bit\train\zurich\zurich_000026_000019_leftImg8bit.png","C:\Documents\Year 4 , Term 1\multiclass_scsc\data\raw\gtFine\train\zurich\zurich_000026_000019_gtFine_labelIds.png","C:\Documents\Year 4 , Term 1\multiclass_scsc\data\raw\gtFine\train\zurich\zurich_000026_000019_gtFine_instanceIds.png",6470,293739,13695,1,17,1,True,False,False,3,Tier 3 - All classes present,0.020611397115041542,0.9357606147102299,0.04362798817472858,313904,0.43576061471022987,0.5642393852897701,0.8649043742508192,0.5,1.0,0.21813994087364288,67.10740634348359
train,aachen,aachen_000053_000019,"C:\Documents\Year 4 , Term 1\multiclass_scsc\data\raw\leftImg8bit\train\aachen\aachen_000053_000019_leftImg8bit.png","C:\Documents\Year 4 , Term 1\multiclass_scsc\data\raw\gtFine\train\aachen\aachen_000053_000019_gtFine_labelIds.png","C:\Documents\Year 4 , Term 1\multiclass_scsc\data\raw\gtFine\train\aachen\aachen_000053_000019_gtFine_instanceIds.png",2850,16235,4769,4,15,1,True,False,True,3,Tier 3 - All classes present,0.11947681730527375,0.6805986417372348,0.1999245409574914,23854,0.18059864173723483,0.8194013582627652,0.4189875068187314,0.7937005259840998,0.47708,0.999622704787457,67.02010094877132
train,krefeld,krefeld_000000_034156,"C:\Documents\Year 4 , Term 1\multiclass_scsc\data\raw\leftImg8bit\train\krefeld\krefeld_000000_034156_leftImg8bit.png","C:\Documents\Year 4 , Term 1\multiclass_scsc\data\raw\gtFine\train\krefeld\krefeld_000000_034156_gtFine_labelIds.png","C:\Documents\Year 4 , Term 1\multiclass_scsc\data\raw\gtFine\train\krefeld\krefeld_000000_034156_gtFine_instanceIds.png",14923,61379,1824,3,8,1,True,False,False,3,Tier 3 - All classes present,0.1910119550469754,0.7856411437933595,0.023346901159665156,78126,0.2856411437933595,0.7143588562066405,0.5671199756070765,0.7211247851537042,1.0,0.11673450579832577,66.9884978227751
train,stuttgart,stuttgart_000073_000019,"C:\Documents\Year 4 , Term 1\multiclass_scsc\data\raw\leftImg8bit\train\stuttgart\stuttgart_000073_000019_leftImg8bit.png","C:\Documents\Year 4 , Term 1\multiclass_scsc\data\raw\gtFine\train\stuttgart\stuttgart_000073_000019_gtFine_labelIds.png","C:\Documents\Year 4 , Term 1\multiclass_scsc\data\raw\gtFine\train\stuttgart\stuttgart_000073_000019_gtFine_instanceIds.png",2764,352658,29244,4,15,1,True,False,False,3,Tier 3 - All classes present,0.007185454394201723,0.9167901504162053,0.07602439518959304,384666,0.4167901504162052,0.5832098495837947,0.6513973881803252,0.7937005259840998,1.0,0.3801219759479652,66.67643339826286
train,erfurt,erfurt_000057_000019,"C:\Documents\Year 4 , Term 1\multiclass_scsc\data\raw\leftImg8bit\train\erfurt\erfurt_000057_000019_leftImg8bit.png","C:\Documents\Year 4 , Term 1\multiclass_scsc\data\raw\gtFine\train\erfurt\erfurt_000057_000019_gtFine_labelIds.png","C:\Documents\Year 4 , Term 1\multiclass_scsc\data\raw\gtFine\train\erfurt\erfurt_000057_000019_gtFine_instanceIds.png",104101,140638,645,14,7,1,True,False,False,3,Tier 3 - All classes present,0.4242371140742673,0.5731343526880318,0.0026285332377009095,245384,0.1973714667622991,0.8026285332377009,0.40103896570584013,0.7937005259840998,1.0,0.013142666188504546,66.10753152138726
train,dusseldorf,dusseldorf_000081_000019,"C:\Documents\Year 4 , Term 1\multiclass_scsc\data\raw\leftImg8bit\train\dusseldorf\dusseldorf_000081_000019_leftImg8bit.png","C:\Documents\Year 4 , Term 1\multiclass_scsc\data\raw\gtFine\train\dusseldorf\dusseldorf_000081_000019_gtFine_labelIds.png","C:\Documents\Year 4 , Term 1\multiclass_scsc\data\raw\gtFine\train\dusseldorf\dusseldorf_000081_000019_gtFine_instanceIds.png",6478,137230,3257,5,18,2,True,False,False,3,Tier 3 - All classes present,0.04407852209709795,0.9337597387132991,0.022161739189602965,146965,0.4337597387132991,0.5662402612867009,0.5953233277883071,1.0,1.0,0.11080869594801482,66.06335376485733
train,hanover,hanover_000000_004752,"C:\Documents\Year 4 , Term 1\multiclass_scsc\data\raw\leftImg8bit\train\hanover\hanover_000000_004752_leftImg8bit.png","C:\Documents\Year 4 , Term 1\multiclass_scsc\data\raw\gtFine\train\hanover\hanover_000000_004752_gtFine_labelIds.png","C:\Documents\Year 4 , Term 1\multiclass_scsc\data\raw\gtFine\train\hanover\hanover_000000_004752_gtFine_instanceIds.png",9407,66886,2133,9,14,1,True,False,False,3,Tier 3 - All classes present,0.1199474664014485,0.8528549205620585,0.027197613036493,78426,0.3528549205620585,0.6471450794379414,0.5854376737831081,0.7937005259840998,1.0,0.13598806518246498,66.03438160668472
train,monchengladbach,monchengladbach_000000_034930,"C:\Documents\Year 4 , Term 1\multiclass_scsc\data\raw\leftImg8bit\train\monchengladbach\monchengladbach_000000_034930_leftImg8bit.png","C:\Documents\Year 4 , Term 1\multiclass_scsc\data\raw\gtFine\train\monchengladbach\monchengladbach_000000_034930_gtFine_labelIds.png","C:\Documents\Year 4 , Term 1\multiclass_scsc\data\raw\gtFine\train\monchengladbach\monchengladbach_000000_034930_gtFine_instanceIds.png",10661,69126,2365,8,4,1,True,False,False,3,Tier 3 - All classes present,0.12977164280845263,0.8414402570844288,0.028788100107118512,82152,0.3414402570844288,0.6585597429155712,0.6184107755235415,0.6933612743506347,1.0,0.14394050053559254,66.01483460026658
train,zurich,zurich_000023_000019,"C:\Documents\Year 4 , Term 1\multiclass_scsc\data\raw\leftImg8bit\train\zurich\zurich_000023_000019_leftImg8bit.png","C:\Documents\Year 4 , Term 1\multiclass_scsc\data\raw\gtFine\train\zurich\zurich_000023_000019_gtFine_labelIds.png","C:\Documents\Year 4 , Term 1\multiclass_scsc\data\raw\gtFine\train\zurich\zurich_000023_000019_gtFine_instanceIds.png",9358,31560,1275,4,15,1,True,False,False,3,Tier 3 - All classes present,0.22179034436991918,0.74799137297656,0.030218282653520726,42193,0.24799137297656007,0.75200862702344,0.492301404980301,0.7937005259840998,0.84386,0.1510914132676036,65.94895218644614
train,weimar,weimar_000042_000019,"C:\Documents\Year 4 , Term 1\multiclass_scsc\data\raw\leftImg8bit\train\weimar\weimar_000042_000019_leftImg8bit.png","C:\Documents\Year 4 , Term 1\multiclass_scsc\data\raw\gtFine\train\weimar\weimar_000042_000019_gtFine_labelIds.png","C:\Documents\Year 4 , Term 1\multiclass_scsc\data\raw\gtFine\train\weimar\weimar_000042_000019_gtFine_instanceIds.png",56699,15651,3781,11,8,2,True,False,False,3,Tier 3 - All classes present,0.7447557499573104,0.2055798557749143,0.04966439426777528,76131,0.4447557499573104,0.5552442500426896,0.582115510663629,1.0,1.0,0.2483219713388764,65.91484517831083
train,hamburg,hamburg_000000_088939,"C:\Documents\Year 4 , Term 1\multiclass_scsc\data\raw\leftImg8bit\train\hamburg\hamburg_000000_088939_leftImg8bit.png","C:\Documents\Year 4 , Term 1\multiclass_scsc\data\raw\gtFine\train\hamburg\hamburg_000000_088939_gtFine_labelIds.png","C:\Documents\Year 4 , Term 1\multiclass_scsc\data\raw\gtFine\train\hamburg\hamburg_000000_088939_gtFine_instanceIds.png",31352,270257,2642,11,22,1,True,False,False,3,Tier 3 - All classes present,0.1030464977929407,0.8882698824325967,0.008683619774462532,304251,0.38826988243259675,0.6117301175674033,0.6416688217914537,0.7937005259840998,1.0,0.04341809887231266,65.84186774056279
train,zurich,zurich_000089_000019,"C:\Documents\Year 4 , Term 1\multiclass_scsc\data\raw\leftImg8bit\train\zurich\zurich_000089_000019_leftImg8bit.png","C:\Documents\Year 4 , Term 1\multiclass_scsc\data\raw\gtFine\train\zurich\zurich_000089_000019_gtFine_labelIds.png","C:\Documents\Year 4 , Term 1\multiclass_scsc\data\raw\gtFine\train\zurich\zurich_000089_000019_gtFine_instanceIds.png",23531,226250,2724,7,18,1,True,False,False,3,Tier 3 - All classes present,0.09319023385675532,0.8960218609532484,0.010787905189996238,252505,0.39602186095324843,0.6039781390467516,0.6482398136920093,0.7937005259840998,1.0,0.053939525949981186,65.78152549214174
val,munster,munster_000060_000019,"C:\Documents\Year 4 , Term 1\multiclass_scsc\data\raw\leftImg8bit\val\munster\munster_000060_000019_leftImg8bit.png","C:\Documents\Year 4 , Term 1\multiclass_scsc\data\raw\gtFine\val\munster\munster_000060_000019_gtFine_labelIds.png","C:\Documents\Year 4 , Term 1\multiclass_scsc\data\raw\gtFine\val\munster\munster_000060_000019_gtFine_instanceIds.png",30387,148240,1671,25,7,1,True,False,False,3,Tier 3 - All classes present,0.16853764323508857,0.8221943671033511,0.009267989661560306,180298,0.32219436710335114,0.6778056328966489,0.5507977404398245,0.7937005259840998,1.0,0.046339948307801526,65.7733651603612
val,frankfurt,frankfurt_000000_017228,"C:\Documents\Year 4 , Term 1\multiclass_scsc\data\raw\leftImg8bit\val\frankfurt\frankfurt_000000_017228_leftImg8bit.png","C:\Documents\Year 4 , Term 1\multiclass_scsc\data\raw\gtFine\val\frankfurt\frankfurt_000000_017228_gtFine_labelIds.png","C:\Documents\Year 4 , Term 1\multiclass_scsc\data\raw\gtFine\val\frankfurt\frankfurt_000000_017228_gtFine_instanceIds.png",4642,21185,2407,4,8,3,True,False,True,3,Tier 3 - All classes present,0.16441170220301765,0.7503364737550471,0.08525182404193525,28234,0.2503364737550471,0.7496635262449529,0.4289066830945742,1.0,0.56468,0.4262591202096762,65.63183714368371
train,zurich,zurich_000045_000019,"C:\Documents\Year 4 , Term 1\multiclass_scsc\data\raw\leftImg8bit\train\zurich\zurich_000045_000019_leftImg8bit.png","C:\Documents\Year 4 , Term 1\multiclass_scsc\data\raw\gtFine\train\zurich\zurich_000045_000019_gtFine_labelIds.png","C:\Documents\Year 4 , Term 1\multiclass_scsc\data\raw\gtFine\train\zurich\zurich_000045_000019_gtFine_instanceIds.png",64749,32738,2112,13,5,1,True,False,False,3,Tier 3 - All classes present,0.6500968885229771,0.32869807929798495,0.021205032179037943,99599,0.3500968885229771,0.6499031114770228,0.595522221181531,0.7469007910928608,1.0,0.10602516089518971,65.5954287653957
train,hamburg,hamburg_000000_039420,"C:\Documents\Year 4 , Term 1\multiclass_scsc\data\raw\leftImg8bit\train\hamburg\hamburg_000000_039420_leftImg8bit.png","C:\Documents\Year 4 , Term 1\multiclass_scsc\data\raw\gtFine\train\hamburg\hamburg_000000_039420_gtFine_labelIds.png","C:\Documents\Year 4 , Term 1\multiclass_scsc\data\raw\gtFine\train\hamburg\hamburg_000000_039420_gtFine_instanceIds.png",35694,33447,709,37,5,1,True,False,False,3,Tier 3 - All classes present,0.5110093056549749,0.478840372226199,0.010150322118826056,69850,0.21100930565497494,0.7889906943450251,0.41388727901186717,0.7469007910928608,1.0,0.05075161059413028,65.43351606352059
train,hamburg,hamburg_000000_003488,"C:\Documents\Year 4 , Term 1\multiclass_scsc\data\raw\leftImg8bit\train\hamburg\hamburg_000000_003488_leftImg8bit.png","C:\Documents\Year 4 , Term 1\multiclass_scsc\data\raw\gtFine\train\hamburg\hamburg_000000_003488_gtFine_labelIds.png","C:\Documents\Year 4 , Term 1\multiclass_scsc\data\raw\gtFine\train\hamburg\hamburg_000000_003488_gtFine_instanceIds.png",3065,29182,5200,2,16,1,True,False,False,3,Tier 3 - All classes present,0.08184901327209122,0.7792880604587817,0.13886292626912702,37447,0.27928806045878174,0.7207119395412183,0.5372080851296882,0.6299605249474366,0.74894,0.6943146313456351,65.3551011664791
train,stuttgart,stuttgart_000019_000019,"C:\Documents\Year 4 , Term 1\multiclass_scsc\data\raw\leftImg8bit\train\stuttgart\stuttgart_000019_000019_leftImg8bit.png","C:\Documents\Year 4 , Term 1\multiclass_scsc\data\raw\gtFine\train\stuttgart\stuttgart_000019_000019_gtFine_labelIds.png","C:\Documents\Year 4 , Term 1\multiclass_scsc\data\raw\gtFine\train\stuttgart\stuttgart_000019_000019_gtFine_instanceIds.png",52046,18284,10971,3,1,0,True,False,False,3,Tier 3 - All classes present,0.6401643276220464,0.2248926827468297,0.13494298963112386,81301,0.3401643276220464,0.6598356723779536,0.8478453695347945,0.0,1.0,0.6747149481556193,65.20236272194006
train,hanover,hanover_000000_030781,"C:\Documents\Year 4 , Term 1\multiclass_scsc\data\raw\leftImg8bit\train\hanover\hanover_000000_030781_leftImg8bit.png","C:\Documents\Year 4 , Term 1\multiclass_scsc\data\raw\gtFine\train\hanover\hanover_000000_030781_gtFine_labelIds.png","C:\Documents\Year 4 , Term 1\multiclass_scsc\data\raw\gtFine\train\hanover\hanover_000000_030781_gtFine_instanceIds.png",11656,36593,1208,8,3,1,True,False,False,3,Tier 3 - All classes present,0.2356794791434984,0.7398952625513072,0.02442525830519441,49457,0.23989526255130722,0.7601047374486928,0.49433608233779236,0.6299605249474366,0.98914,0.12212629152597204,65.18571129992289
val,frankfurt,frankfurt_000000_016286,"C:\Documents\Year 4 , Term 1\multiclass_scsc\data\raw\leftImg8bit\val\frankfurt\frankfurt_000000_016286_leftImg8bit.png","C:\Documents\Year 4 , Term 1\multiclass_scsc\data\raw\gtFine\val\frankfurt\frankfurt_000000_016286_gtFine_labelIds.png","C:\Documents\Year 4 , Term 1\multiclass_scsc\data\raw\gtFine\val\frankfurt\frankfurt_000000_016286_gtFine_instanceIds.png",37738,82741,863,2,12,1,True,False,False,3,Tier 3 - All classes present,0.31100525786619637,0.6818826127804059,0.0071121293533978345,121342,0.1928878706466022,0.8071121293533978,0.44191315697936023,0.6299605249474366,1.0,0.03556064676698917,65.16909099156322
train,strasbourg,strasbourg_000000_033838,"C:\Documents\Year 4 , Term 1\multiclass_scsc\data\raw\leftImg8bit\train\strasbourg\strasbourg_000000_033838_leftImg8bit.png","C:\Documents\Year 4 , Term 1\multiclass_scsc\data\raw\gtFine\train\strasbourg\strasbourg_000000_033838_gtFine_labelIds.png","C:\Documents\Year 4 , Term 1\multiclass_scsc\data\raw\gtFine\train\strasbourg\strasbourg_000000_033838_gtFine_instanceIds.png",49018,59273,478,14,10,1,True,False,False,3,Tier 3 - All classes present,0.45066149362410246,0.5449438718752586,0.004394634500638969,108769,0.19560536549936106,0.804394634500639,0.3629186601692638,0.7937005259840998,1.0,0.021973172503194846,65.07871893738094
val,frankfurt,frankfurt_000000_019607,"C:\Documents\Year 4 , Term 1\multiclass_scsc\data\raw\leftImg8bit\val\frankfurt\frankfurt_000000_019607_leftImg8bit.png","C:\Documents\Year 4 , Term 1\multiclass_scsc\data\raw\gtFine\val\frankfurt\frankfurt_000000_019607_gtFine_labelIds.png","C:\Documents\Year 4 , Term 1\multiclass_scsc\data\raw\gtFine\val\frankfurt\frankfurt_000000_019607_gtFine_instanceIds.png",56243,37698,1126,12,7,1,True,False,False,3,Tier 3 - All classes present,0.5916143351531026,0.3965413866010287,0.011844278245868704,95067,0.2916143351531026,0.7083856648468974,0.48288768540723903,0.7937005259840998,1.0,0.059221391229343515,65.02367200200128
train,dusseldorf,dusseldorf_000152_000019,"C:\Documents\Year 4 , Term 1\multiclass_scsc\data\raw\leftImg8bit\train\dusseldorf\dusseldorf_000152_000019_leftImg8bit.png","C:\Documents\Year 4 , Term 1\multiclass_scsc\data\raw\gtFine\train\dusseldorf\dusseldorf_000152_000019_gtFine_labelIds.png","C:\Documents\Year 4 , Term 1\multiclass_scsc\data\raw\gtFine\train\dusseldorf\dusseldorf_000152_000019_gtFine_instanceIds.png",14095,139953,2325,8,10,1,True,False,False,3,Tier 3 - All classes present,0.09013704411886962,0.8949946602034878,0.01486829567764256,156373,0.39499466020348784,0.6050053397965122,0.61490447323205,0.7937005259840998,1.0,0.0743414783882128,64.92456307052454
train,stuttgart,stuttgart_000192_000019,"C:\Documents\Year 4 , Term 1\multiclass_scsc\data\raw\leftImg8bit\train\stuttgart\stuttgart_000192_000019_leftImg8bit.png","C:\Documents\Year 4 , Term 1\multiclass_scsc\data\raw\gtFine\train\stuttgart\stuttgart_000192_000019_gtFine_labelIds.png","C:\Documents\Year 4 , Term 1\multiclass_scsc\data\raw\gtFine\train\stuttgart\stuttgart_000192_000019_gtFine_instanceIds.png",60310,52693,653,11,11,1,True,False,False,3,Tier 3 - All classes present,0.5306363060463152,0.46361828676004785,0.00574540719363694,113656,0.2306363060463152,0.7693636939536848,0.40269019983411597,0.7937005259840998,1.0,0.028727035968184697,64.9043968227733
val,frankfurt,frankfurt_000001_048196,"C:\Documents\Year 4 , Term 1\multiclass_scsc\data\raw\leftImg8bit\val\frankfurt\frankfurt_000001_048196_leftImg8bit.png","C:\Documents\Year 4 , Term 1\multiclass_scsc\data\raw\gtFine\val\frankfurt\frankfurt_000001_048196_gtFine_labelIds.png","C:\Documents\Year 4 , Term 1\multiclass_scsc\data\raw\gtFine\val\frankfurt\frankfurt_000001_048196_gtFine_instanceIds.png",8245,122473,4131,2,15,1,True,False,False,3,Tier 3 - All classes present,0.06114246305126475,0.9082232719560397,0.030634264992695535,134849,0.4082232719560397,0.5917767280439603,0.6983641734199286,0.6299605249474366,1.0,0.15317132496347766,64.8372588233852
train,aachen,aachen_000137_000019,"C:\Documents\Year 4 , Term 1\multiclass_scsc\data\raw\leftImg8bit\train\aachen\aachen_000137_000019_leftImg8bit.png","C:\Documents\Year 4 , Term 1\multiclass_scsc\data\raw\gtFine\train\aachen\aachen_000137_000019_gtFine_labelIds.png","C:\Documents\Year 4 , Term 1\multiclass_scsc\data\raw\gtFine\train\aachen\aachen_000137_000019_gtFine_instanceIds.png",2688,50098,109319,2,25,1,True,False,False,3,Tier 3 - All classes present,0.01658184510039789,0.30904660559513897,0.6743715493044632,162105,0.4743715493044631,0.5256284506955369,0.6453714584098175,0.6299605249474366,1.0,1.0,64.83568965432755
train,hanover,hanover_000000_014537,"C:\Documents\Year 4 , Term 1\multiclass_scsc\data\raw\leftImg8bit\train\hanover\hanover_000000_014537_leftImg8bit.png","C:\Documents\Year 4 , Term 1\multiclass_scsc\data\raw\gtFine\train\hanover\hanover_000000_014537_gtFine_labelIds.png","C:\Documents\Year 4 , Term 1\multiclass_scsc\data\raw\gtFine\train\hanover\hanover_000000_014537_gtFine_instanceIds.png",1757,140175,13456,4,17,1,True,False,False,3,Tier 3 - All classes present,0.01130717944757639,0.9020966870028574,0.08659613354956625,155388,0.4020966870028574,0.5979033129971426,0.5600892714824625,0.7937005259840998,1.0,0.4329806677478312,64.78922189286023
train,hamburg,hamburg_000000_000042,"C:\Documents\Year 4 , Term 1\multiclass_scsc\data\raw\leftImg8bit\train\hamburg\hamburg_000000_000042_leftImg8bit.png","C:\Documents\Year 4 , Term 1\multiclass_scsc\data\raw\gtFine\train\hamburg\hamburg_000000_000042_gtFine_labelIds.png","C:\Documents\Year 4 , Term 1\multiclass_scsc\data\raw\gtFine\train\hamburg\hamburg_000000_000042_gtFine_instanceIds.png",13414,35344,245,10,7,2,True,False,False,3,Tier 3 - All classes present,0.2737383425504561,0.7212619635532519,0.0049996938962920635,49003,0.22126196355325187,0.7787380364467481,0.29043928667818525,1.0,0.98006,0.024998469481460315,64.7882924056228
train,dusseldorf,dusseldorf_000005_000019,"C:\Documents\Year 4 , Term 1\multiclass_scsc\data\raw\leftImg8bit\train\dusseldorf\dusseldorf_000005_000019_leftImg8bit.png","C:\Documents\Year 4 , Term 1\multiclass_scsc\data\raw\gtFine\train\dusseldorf\dusseldorf_000005_000019_gtFine_labelIds.png","C:\Documents\Year 4 , Term 1\multiclass_scsc\data\raw\gtFine\train\dusseldorf\dusseldorf_000005_000019_gtFine_instanceIds.png",1044,196393,72302,1,10,1,True,False,False,3,Tier 3 - All classes present,0.0038704080611257547,0.7280852972688414,0.2680442946700329,269739,0.2961295919388742,0.7038704080611258,0.4708690725648969,0.5,1.0,1.0,64.78088849939195
train,zurich,zurich_000025_000019,"C:\Documents\Year 4 , Term 1\multiclass_scsc\data\raw\leftImg8bit\train\zurich\zurich_000025_000019_leftImg8bit.png","C:\Documents\Year 4 , Term 1\multiclass_scsc\data\raw\gtFine\train\zurich\zurich_000025_000019_gtFine_labelIds.png","C:\Documents\Year 4 , Term 1\multiclass_scsc\data\raw\gtFine\train\zurich\zurich_000025_000019_gtFine_instanceIds.png",16135,84378,794,5,6,2,True,False,False,3,Tier 3 - All classes present,0.15926836250209758,0.832894074446978,0.007837563050924418,101307,0.33289407444697805,0.667105925553022,0.42980701634056884,1.0,1.0,0.03918781525462209,64.77438658861105
train,hamburg,hamburg_000000_059339,"C:\Documents\Year 4 , Term 1\multiclass_scsc\data\raw\leftImg8bit\train\hamburg\hamburg_000000_059339_leftImg8bit.png","C:\Documents\Year 4 , Term 1\multiclass_scsc\data\raw\gtFine\train\hamburg\hamburg_000000_059339_gtFine_labelIds.png","C:\Documents\Year 4 , Term 1\multiclass_scsc\data\raw\gtFine\train\hamburg\hamburg_000000_059339_gtFine_instanceIds.png",45223,73891,433,21,11,1,True,False,False,3,Tier 3 - All classes present,0.37828636435878776,0.6180916292336905,0.003622006407521728,119547,0.19637799359247832,0.8036220064075217,0.3511526623307931,0.7937005259840998,1.0,0.018110032037608637,64.6755181761742
val,frankfurt,frankfurt_000001_021825,"C:\Documents\Year 4 , Term 1\multiclass_scsc\data\raw\leftImg8bit\val\frankfurt\frankfurt_000001_021825_leftImg8bit.png","C:\Documents\Year 4 , Term 1\multiclass_scsc\data\raw\gtFine\val\frankfurt\frankfurt_000001_021825_gtFine_labelIds.png","C:\Documents\Year 4 , Term 1\multiclass_scsc\data\raw\gtFine\val\frankfurt\frankfurt_000001_021825_gtFine_instanceIds.png",20496,153358,1921,7,8,1,True,False,False,3,Tier 3 - All classes present,0.11660361257289148,0.8724676432939837,0.010928744133124734,175775,0.37246764329398374,0.6275323567060163,0.5769999669599205,0.7937005259840998,1.0,0.05464372066562367,64.59001977012787
train,tubingen,tubingen_000004_000019,"C:\Documents\Year 4 , Term 1\multiclass_scsc\data\raw\leftImg8bit\train\tubingen\tubingen_000004_000019_leftImg8bit.png","C:\Documents\Year 4 , Term 1\multiclass_scsc\data\raw\gtFine\train\tubingen\tubingen_000004_000019_gtFine_labelIds.png","C:\Documents\Year 4 , Term 1\multiclass_scsc\data\raw\gtFine\train\tubingen\tubingen_000004_000019_gtFine_instanceIds.png",54184,8047,14807,6,1,1,True,False,False,3,Tier 3 - All classes present,0.7033412082348971,0.10445494431319609,0.19220384745190686,77038,0.4033412082348971,0.596658791765103,0.6449176293131844,0.43679023236814946,1.0,0.9610192372595342,64.57083022181956
train,weimar,weimar_000091_000019,"C:\Documents\Year 4 , Term 1\multiclass_scsc\data\raw\leftImg8bit\train\weimar\weimar_000091_000019_leftImg8bit.png","C:\Documents\Year 4 , Term 1\multiclass_scsc\data\raw\gtFine\train\weimar\weimar_000091_000019_gtFine_labelIds.png","C:\Documents\Year 4 , Term 1\multiclass_scsc\data\raw\gtFine\train\weimar\weimar_000091_000019_gtFine_instanceIds.png",56394,117119,425,9,8,1,True,False,False,3,Tier 3 - All classes present,0.32421897457714816,0.6733376260506617,0.0024433993721900906,173938,0.1975566006278099,0.8024433993721901,0.3489766023454444,0.7937005259840998,1.0,0.012216996860950452,64.53362691931717
train,strasbourg,strasbourg_000001_034494,"C:\Documents\Year 4 , Term 1\multiclass_scsc\data\raw\leftImg8bit\train\strasbourg\strasbourg_000001_034494_leftImg8bit.png","C:\Documents\Year 4 , Term 1\multiclass_scsc\data\raw\gtFine\train\strasbourg\strasbourg_000001_034494_gtFine_labelIds.png","C:\Documents\Year 4 , Term 1\multiclass_scsc\data\raw\gtFine\train\strasbourg\strasbourg_000001_034494_gtFine_instanceIds.png",25637,17789,1556,11,6,1,True,False,False,3,Tier 3 - All classes present,0.5699390867458094,0.39546929883064336,0.0345916144235472,44982,0.26993908674580946,0.7300609132541905,0.45186977304908077,0.7937005259840998,0.89964,0.17295807211773598,64.52522797199023
val,munster,munster_000038_000019,"C:\Documents\Year 4 , Term 1\multiclass_scsc\data\raw\leftImg8bit\val\munster\munster_000038_000019_leftImg8bit.png","C:\Documents\Year 4 , Term 1\multiclass_scsc\data\raw\gtFine\val\munster\munster_000038_000019_gtFine_labelIds.png","C:\Documents\Year 4 , Term 1\multiclass_scsc\data\raw\gtFine\val\munster\munster_000038_000019_gtFine_instanceIds.png",36383,191698,1472,10,21,1,True,False,False,3,Tier 3 - All classes present,0.15849498808554016,0.8350925494330286,0.0064124624814313035,229553,0.3350925494330286,0.6649074505669714,0.528002448718365,0.7937005259840998,1.0,0.03206231240715651,64.50219093602709
val,frankfurt,frankfurt_000001_051807,"C:\Documents\Year 4 , Term 1\multiclass_scsc\data\raw\leftImg8bit\val\frankfurt\frankfurt_000001_051807_leftImg8bit.png","C:\Documents\Year 4 , Term 1\multiclass_scsc\data\raw\gtFine\val\frankfurt\frankfurt_000001_051807_gtFine_labelIds.png","C:\Documents\Year 4 , Term 1\multiclass_scsc\data\raw\gtFine\val\frankfurt\frankfurt_000001_051807_gtFine_instanceIds.png",39652,27938,939,15,17,1,True,False,False,3,Tier 3 - All classes present,0.5786163522012578,0.40768141954501014,0.013702228253731996,68529,0.27861635220125786,0.7213836477987421,0.44386055329224444,0.7937005259840998,1.0,0.06851114126865998,64.41922610682181
val,frankfurt,frankfurt_000001_067474,"C:\Documents\Year 4 , Term 1\multiclass_scsc\data\raw\leftImg8bit\val\frankfurt\frankfurt_000001_067474_leftImg8bit.png","C:\Documents\Year 4 , Term 1\multiclass_scsc\data\raw\gtFine\val\frankfurt\frankfurt_000001_067474_gtFine_labelIds.png","C:\Documents\Year 4 , Term 1\multiclass_scsc\data\raw\gtFine\val\frankfurt\frankfurt_000001_067474_gtFine_instanceIds.png",64977,10847,7933,9,5,1,True,False,False,3,Tier 3 - All classes present,0.7757799348114187,0.12950559356232913,0.09471447162625213,83757,0.4757799348114188,0.5242200651885812,0.6594906053126798,0.7469007910928608,1.0,0.47357235813126064,64.32489442397285
train,jena,jena_000095_000019,"C:\Documents\Year 4 , Term 1\multiclass_scsc\data\raw\leftImg8bit\train\jena\jena_000095_000019_leftImg8bit.png","C:\Documents\Year 4 , Term 1\multiclass_scsc\data\raw\gtFine\train\jena\jena_000095_000019_gtFine_labelIds.png","C:\Documents\Year 4 , Term 1\multiclass_scsc\data\raw\gtFine\train\jena\jena_000095_000019_gtFine_instanceIds.png",28006,6695,23959,1,2,3,True,False,False,3,Tier 3 - All classes present,0.4774292533242414,0.11413228775997272,0.4084384589157859,58660,0.38586771224002725,0.6141322877599728,0.6065637362438536,0.43679023236814946,1.0,1.0,64.31405708323676
val,frankfurt,frankfurt_000001_018113,"C:\Documents\Year 4 , Term 1\multiclass_scsc\data\raw\leftImg8bit\val\frankfurt\frankfurt_000001_018113_leftImg8bit.png","C:\Documents\Year 4 , Term 1\multiclass_scsc\data\raw\gtFine\val\frankfurt\frankfurt_000001_018113_gtFine_labelIds.png","C:\Documents\Year 4 , Term 1\multiclass_scsc\data\raw\gtFine\val\frankfurt\frankfurt_000001_018113_gtFine_instanceIds.png",4720,59317,4440,2,8,1,True,False,False,3,Tier 3 - All classes present,0.06892825328212393,0.8662324576135053,0.06483928910437081,68477,0.3662324576135053,0.6337675423864947,0.5939843322512077,0.6299605249474366,1.0,0.32419644552185406,64.24062176481684
train,hamburg,hamburg_000000_058591,"C:\Documents\Year 4 , Term 1\multiclass_scsc\data\raw\leftImg8bit\train\hamburg\hamburg_000000_058591_leftImg8bit.png","C:\Documents\Year 4 , Term 1\multiclass_scsc\data\raw\gtFine\train\hamburg\hamburg_000000_058591_gtFine_labelIds.png","C:\Documents\Year 4 , Term 1\multiclass_scsc\data\raw\gtFine\train\hamburg\hamburg_000000_058591_gtFine_instanceIds.png",12039,225338,2773,13,14,1,True,False,False,3,Tier 3 - All classes present,0.05013116801998751,0.9383218821569852,0.011546949823027274,240150,0.4383218821569852,0.5616781178430148,0.6521036381605038,0.7937005259840998,1.0,0.05773474911513637,64.22441549387288
train,zurich,zurich_000078_000019,"C:\Documents\Year 4 , Term 1\multiclass_scsc\data\raw\leftImg8bit\train\zurich\zurich_000078_000019_leftImg8bit.png","C:\Documents\Year 4 , Term 1\multiclass_scsc\data\raw\gtFine\train\zurich\zurich_000078_000019_gtFine_labelIds.png","C:\Documents\Year 4 , Term 1\multiclass_scsc\data\raw\gtFine\train\zurich\zurich_000078_000019_gtFine_instanceIds.png",19426,105809,1349,9,8,1,True,False,False,3,Tier 3 - All classes present,0.15346331289894458,0.8358797320356444,0.01065695506541111,126584,0.3358797320356443,0.6641202679643556,0.512866087829913,0.7937005259840998,1.0,0.05328477532705555,64.12272511986839
train,darmstadt,darmstadt_000061_000019,"C:\Documents\Year 4 , Term 1\multiclass_scsc\data\raw\leftImg8bit\train\darmstadt\darmstadt_000061_000019_leftImg8bit.png","C:\Documents\Year 4 , Term 1\multiclass_scsc\data\raw\gtFine\train\darmstadt\darmstadt_000061_000019_gtFine_labelIds.png","C:\Documents\Year 4 , Term 1\multiclass_scsc\data\raw\gtFine\train\darmstadt\darmstadt_000061_000019_gtFine_instanceIds.png",12598,256827,2171,3,21,2,True,False,False,3,Tier 3 - All classes present,0.04638507194509492,0.9456214377236778,0.007993490331227263,271596,0.4456214377236778,0.5543785622763222,0.6010167944269756,0.9085602964160698,1.0,0.03996745165613631,64.03388802838388
train,cologne,cologne_000043_000019,"C:\Documents\Year 4 , Term 1\multiclass_scsc\data\raw\leftImg8bit\train\cologne\cologne_000043_000019_leftImg8bit.png","C:\Documents\Year 4 , Term 1\multiclass_scsc\data\raw\gtFine\train\cologne\cologne_000043_000019_gtFine_labelIds.png","C:\Documents\Year 4 , Term 1\multiclass_scsc\data\raw\gtFine\train\cologne\cologne_000043_000019_gtFine_instanceIds.png",7621,46858,1814,3,12,1,True,False,False,3,Tier 3 - All classes present,0.13538095322686658,0.832394791537136,0.03222425523599737,56293,0.332394791537136,0.667605208462864,0.5170704846242011,0.7211247851537042,1.0,0.16112127617998684,63.83880103544609
val,frankfurt,frankfurt_000001_010156,"C:\Documents\Year 4 , Term 1\multiclass_scsc\data\raw\leftImg8bit\val\frankfurt\frankfurt_000001_010156_leftImg8bit.png","C:\Documents\Year 4 , Term 1\multiclass_scsc\data\raw\gtFine\val\frankfurt\frankfurt_000001_010156_gtFine_labelIds.png","C:\Documents\Year 4 , Term 1\multiclass_scsc\data\raw\gtFine\val\frankfurt\frankfurt_000001_010156_gtFine_instanceIds.png",98779,30769,2666,12,3,2,True,False,False,3,Tier 3 - All classes present,0.7471145264495439,0.23272119442721648,0.020164279123239596,132214,0.44711452644954397,0.552885473550456,0.6436059469674625,0.7937005259840998,1.0,0.10082139561619798,63.8332122188846
train,aachen,aachen_000033_000019,"C:\Documents\Year 4 , Term 1\multiclass_scsc\data\raw\leftImg8bit\train\aachen\aachen_000033_000019_leftImg8bit.png","C:\Documents\Year 4 , Term 1\multiclass_scsc\data\raw\gtFine\train\aachen\aachen_000033_000019_gtFine_labelIds.png","C:\Documents\Year 4 , Term 1\multiclass_scsc\data\raw\gtFine\train\aachen\aachen_000033_000019_gtFine_instanceIds.png",42003,14360,2329,10,10,2,True,False,False,3,Tier 3 - All classes present,0.7156511960744224,0.24466707558099912,0.039681728344578476,58692,0.4156511960744224,0.5843488039255775,0.481283409535676,1.0,1.0,0.19840864172289238,63.804497651707834
train,ulm,ulm_000019_000019,"C:\Documents\Year 4 , Term 1\multiclass_scsc\data\raw\leftImg8bit\train\ulm\ulm_000019_000019_leftImg8bit.png","C:\Documents\Year 4 , Term 1\multiclass_scsc\data\raw\gtFine\train\ulm\ulm_000019_000019_gtFine_labelIds.png","C:\Documents\Year 4 , Term 1\multiclass_scsc\data\raw\gtFine\train\ulm\ulm_000019_000019_gtFine_instanceIds.png",53780,48589,538,15,5,1,True,False,False,3,Tier 3 - All classes present,0.5226077915010641,0.4721641870815396,0.00522802141739629,102907,0.22260779150106408,0.777392208498936,0.37750910025867074,0.7469007910928608,1.0,0.026140107086981446,63.75517374954537
train,zurich,zurich_000092_000019,"C:\Documents\Year 4 , Term 1\multiclass_scsc\data\raw\leftImg8bit\train\zurich\zurich_000092_000019_leftImg8bit.png","C:\Documents\Year 4 , Term 1\multiclass_scsc\data\raw\gtFine\train\zurich\zurich_000092_000019_gtFine_labelIds.png","C:\Documents\Year 4 , Term 1\multiclass_scsc\data\raw\gtFine\train\zurich\zurich_000092_000019_gtFine_instanceIds.png",4037,131192,5465,5,14,1,True,False,False,3,Tier 3 - All classes present,0.02869347662302586,0.9324633602001506,0.03884316317682346,140694,0.43246336020015064,0.5675366397998494,0.6042495076788216,0.7937005259840998,1.0,0.1942158158841173,63.70553779154071
train,zurich,zurich_000038_000019,"C:\Documents\Year 4 , Term 1\multiclass_scsc\data\raw\leftImg8bit\train\zurich\zurich_000038_000019_leftImg8bit.png","C:\Documents\Year 4 , Term 1\multiclass_scsc\data\raw\gtFine\train\zurich\zurich_000038_000019_gtFine_labelIds.png","C:\Documents\Year 4 , Term 1\multiclass_scsc\data\raw\gtFine\train\zurich\zurich_000038_000019_gtFine_instanceIds.png",19338,210909,2059,19,8,1,True,False,False,3,Tier 3 - All classes present,0.08324365276833143,0.9078930376314,0.00886330960026861,232306,0.40789303763139995,0.5921069623686,0.5904984775130112,0.7937005259840998,1.0,0.04431654800134305,63.526323449902556
train,strasbourg,strasbourg_000001_028379,"C:\Documents\Year 4 , Term 1\multiclass_scsc\data\raw\leftImg8bit\train\strasbourg\strasbourg_000001_028379_leftImg8bit.png","C:\Documents\Year 4 , Term 1\multiclass_scsc\data\raw\gtFine\train\strasbourg\strasbourg_000001_028379_gtFine_labelIds.png","C:\Documents\Year 4 , Term 1\multiclass_scsc\data\raw\gtFine\train\strasbourg\strasbourg_000001_028379_gtFine_instanceIds.png",4684,563750,14646,4,2,1,True,False,False,3,Tier 3 - All classes present,0.00803320299101324,0.9668484599025863,0.025118337106400494,583080,0.4668484599025863,0.5331515400974137,0.7766147394371055,0.5503212081491045,1.0,0.12559168553200245,63.50728033690629
train,cologne,cologne_000076_000019,"C:\Documents\Year 4 , Term 1\multiclass_scsc\data\raw\leftImg8bit\train\cologne\cologne_000076_000019_leftImg8bit.png","C:\Documents\Year 4 , Term 1\multiclass_scsc\data\raw\gtFine\train\cologne\cologne_000076_000019_gtFine_labelIds.png","C:\Documents\Year 4 , Term 1\multiclass_scsc\data\raw\gtFine\train\cologne\cologne_000076_000019_gtFine_instanceIds.png",3083,246075,7970,4,14,1,True,False,False,3,Tier 3 - All classes present,0.011990137207927569,0.9570136274540306,0.030996235338041755,257128,0.4570136274540306,0.5429863725459694,0.6263406740924556,0.7937005259840998,1.0,0.15498117669020878,63.19008889782498
val,frankfurt,frankfurt_000000_013942,"C:\Documents\Year 4 , Term 1\multiclass_scsc\data\raw\leftImg8bit\val\frankfurt\frankfurt_000000_013942_leftImg8bit.png","C:\Documents\Year 4 , Term 1\multiclass_scsc\data\raw\gtFine\val\frankfurt\frankfurt_000000_013942_gtFine_labelIds.png","C:\Documents\Year 4 , Term 1\multiclass_scsc\data\raw\gtFine\val\frankfurt\frankfurt_000000_013942_gtFine_instanceIds.png",7526,45437,2474,2,3,1,True,False,False,3,Tier 3 - All classes present,0.1357577069466241,0.8196150585349135,0.0446272345184624,55437,0.31961505853491345,0.6803849414650865,0.5710243609274064,0.5,1.0,0.223136172592312,62.961809349387195
train,ulm,ulm_000067_000019,"C:\Documents\Year 4 , Term 1\multiclass_scsc\data\raw\leftImg8bit\train\ulm\ulm_000067_000019_leftImg8bit.png","C:\Documents\Year 4 , Term 1\multiclass_scsc\data\raw\gtFine\train\ulm\ulm_000067_000019_gtFine_labelIds.png","C:\Documents\Year 4 , Term 1\multiclass_scsc\data\raw\gtFine\train\ulm\ulm_000067_000019_gtFine_instanceIds.png",4887,18176,1602,6,8,3,True,False,True,3,Tier 3 - All classes present,0.198135009122238,0.7369146563957024,0.0649503344820596,24665,0.23691465639570242,0.7630853436042976,0.36198783016177727,1.0,0.4933,0.32475167241029795,62.93980701107671
train,hamburg,hamburg_000000_092476,"C:\Documents\Year 4 , Term 1\multiclass_scsc\data\raw\leftImg8bit\train\hamburg\hamburg_000000_092476_leftImg8bit.png","C:\Documents\Year 4 , Term 1\multiclass_scsc\data\raw\gtFine\train\hamburg\hamburg_000000_092476_gtFine_labelIds.png","C:\Documents\Year 4 , Term 1\multiclass_scsc\data\raw\gtFine\train\hamburg\hamburg_000000_092476_gtFine_instanceIds.png",8176,39061,1508,2,14,1,True,False,False,3,Tier 3 - All classes present,0.1677300235921633,0.8013334700994974,0.03093650630833932,48745,0.3013334700994974,0.6986665299005026,0.49771501358118014,0.6299605249474366,0.9749,0.1546825315416966,62.84993213537554
train,bremen,bremen_000077_000019,"C:\Documents\Year 4 , Term 1\multiclass_scsc\data\raw\leftImg8bit\train\bremen\bremen_000077_000019_leftImg8bit.png","C:\Documents\Year 4 , Term 1\multiclass_scsc\data\raw\gtFine\train\bremen\bremen_000077_000019_gtFine_labelIds.png","C:\Documents\Year 4 , Term 1\multiclass_scsc\data\raw\gtFine\train\bremen\bremen_000077_000019_gtFine_instanceIds.png",3678,56867,3424,6,10,1,True,False,False,3,Tier 3 - All classes present,0.05749659991558411,0.888977473463709,0.053525926620706904,63969,0.388977473463709,0.611022526536291,0.5012431996805464,0.7937005259840998,1.0,0.2676296331035345,62.7218531071472
train,strasbourg,strasbourg_000000_025268,"C:\Documents\Year 4 , Term 1\multiclass_scsc\data\raw\leftImg8bit\train\strasbourg\strasbourg_000000_025268_leftImg8bit.png","C:\Documents\Year 4 , Term 1\multiclass_scsc\data\raw\gtFine\train\strasbourg\strasbourg_000000_025268_gtFine_labelIds.png","C:\Documents\Year 4 , Term 1\multiclass_scsc\data\raw\gtFine\train\strasbourg\strasbourg_000000_025268_gtFine_instanceIds.png",7447,100596,2283,5,25,1,True,False,False,3,Tier 3 - All classes present,0.06749995467976723,0.9118068270398637,0.02069321828036909,110326,0.4118068270398637,0.5881931729601363,0.5539821291702165,0.7937005259840998,1.0,0.10346609140184544,62.57002914028267
train,hamburg,hamburg_000000_047057,"C:\Documents\Year 4 , Term 1\multiclass_scsc\data\raw\leftImg8bit\train\hamburg\hamburg_000000_047057_leftImg8bit.png","C:\Documents\Year 4 , Term 1\multiclass_scsc\data\raw\gtFine\train\hamburg\hamburg_000000_047057_gtFine_labelIds.png","C:\Documents\Year 4 , Term 1\multiclass_scsc\data\raw\gtFine\train\hamburg\hamburg_000000_047057_gtFine_instanceIds.png",120691,59947,1572,52,4,1,True,False,False,3,Tier 3 - All classes present,0.6623730859996707,0.3289995060644311,0.00862740793589814,182210,0.3623730859996707,0.6376269140003292,0.5396980479240278,0.6933612743506347,1.0,0.0431370396794907,62.31212231139097
train,hamburg,hamburg_000000_090398,"C:\Documents\Year 4 , Term 1\multiclass_scsc\data\raw\leftImg8bit\train\hamburg\hamburg_000000_090398_leftImg8bit.png","C:\Documents\Year 4 , Term 1\multiclass_scsc\data\raw\gtFine\train\hamburg\hamburg_000000_090398_gtFine_labelIds.png","C:\Documents\Year 4 , Term 1\multiclass_scsc\data\raw\gtFine\train\hamburg\hamburg_000000_090398_gtFine_instanceIds.png",16729,456237,2371,22,18,1,True,False,False,3,Tier 3 - All classes present,0.03519397816706884,0.9598179817687241,0.004988040064207078,475337,0.4598179817687241,0.5401820182312759,0.6189333028321511,0.7937005259840998,1.0,0.02494020032103539,62.20548870558223
train,stuttgart,stuttgart_000098_000019,"C:\Documents\Year 4 , Term 1\multiclass_scsc\data\raw\leftImg8bit\train\stuttgart\stuttgart_000098_000019_leftImg8bit.png","C:\Documents\Year 4 , Term 1\multiclass_scsc\data\raw\gtFine\train\stuttgart\stuttgart_000098_000019_gtFine_labelIds.png","C:\Documents\Year 4 , Term 1\multiclass_scsc\data\raw\gtFine\train\stuttgart\stuttgart_000098_000019_gtFine_instanceIds.png",4042,60377,3487,3,7,1,True,False,False,3,Tier 3 - All classes present,0.05952345889906636,0.8891261449650988,0.05135039613583483,67906,0.3891261449650988,0.6108738550349012,0.52041453631387,0.7211247851537042,1.0,0.25675198067917415,62.148021971513586
train,hanover,hanover_000000_052649,"C:\Documents\Year 4 , Term 1\multiclass_scsc\data\raw\leftImg8bit\train\hanover\hanover_000000_052649_leftImg8bit.png","C:\Documents\Year 4 , Term 1\multiclass_scsc\data\raw\gtFine\train\hanover\hanover_000000_052649_gtFine_labelIds.png","C:\Documents\Year 4 , Term 1\multiclass_scsc\data\raw\gtFine\train\hanover\hanover_000000_052649_gtFine_instanceIds.png",12236,100287,1297,10,16,1,True,False,False,3,Tier 3 - All classes present,0.10750307503075031,0.8811017395888244,0.011395185380425233,113820,0.3811017395888245,0.6188982604111755,0.50618972508012,0.7937005259840998,1.0,0.05697592690212616,62.13200969312275
train,strasbourg,strasbourg_000000_027233,"C:\Documents\Year 4 , Term 1\multiclass_scsc\data\raw\leftImg8bit\train\strasbourg\strasbourg_000000_027233_leftImg8bit.png","C:\Documents\Year 4 , Term 1\multiclass_scsc\data\raw\gtFine\train\strasbourg\strasbourg_000000_027233_gtFine_labelIds.png","C:\Documents\Year 4 , Term 1\multiclass_scsc\data\raw\gtFine\train\strasbourg\strasbourg_000000_027233_gtFine_instanceIds.png",32474,495879,1951,4,15,1,True,False,False,3,Tier 3 - All classes present,0.06123657373883659,0.9350844044170891,0.0036790218440743423,530304,0.43508440441708907,0.5649155955829109,0.5799881091498009,0.7937005259840998,1.0,0.01839510922037171,61.99375053367382
train,strasbourg,strasbourg_000000_029839,"C:\Documents\Year 4 , Term 1\multiclass_scsc\data\raw\leftImg8bit\train\strasbourg\strasbourg_000000_029839_leftImg8bit.png","C:\Documents\Year 4 , Term 1\multiclass_scsc\data\raw\gtFine\train\strasbourg\strasbourg_000000_029839_gtFine_labelIds.png","C:\Documents\Year 4 , Term 1\multiclass_scsc\data\raw\gtFine\train\strasbourg\strasbourg_000000_029839_gtFine_instanceIds.png",105262,5806,26742,14,1,2,True,False,False,3,Tier 3 - All classes present,0.7638197518322328,0.04213046948697482,0.1940497786807924,137810,0.46381975183223284,0.5361802481677671,0.5784314867074634,0.5503212081491045,1.0,0.9702488934039619,61.90621711719096
train,hamburg,hamburg_000000_078579,"C:\Documents\Year 4 , Term 1\multiclass_scsc\data\raw\leftImg8bit\train\hamburg\hamburg_000000_078579_leftImg8bit.png","C:\Documents\Year 4 , Term 1\multiclass_scsc\data\raw\gtFine\train\hamburg\hamburg_000000_078579_gtFine_labelIds.png","C:\Documents\Year 4 , Term 1\multiclass_scsc\data\raw\gtFine\train\hamburg\hamburg_000000_078579_gtFine_instanceIds.png",52973,170980,412,25,8,1,True,False,False,3,Tier 3 - All classes present,0.2361018875493058,0.7620618189111492,0.001836293539544938,224365,0.26206181891114927,0.7379381810888508,0.3453815005469851,0.7937005259840998,1.0,0.00918146769772469,61.8303874882137
train,ulm,ulm_000086_000019,"C:\Documents\Year 4 , Term 1\multiclass_scsc\data\raw\leftImg8bit\train\ulm\ulm_000086_000019_leftImg8bit.png","C:\Documents\Year 4 , Term 1\multiclass_scsc\data\raw\gtFine\train\ulm\ulm_000086_000019_gtFine_labelIds.png","C:\Documents\Year 4 , Term 1\multiclass_scsc\data\raw\gtFine\train\ulm\ulm_000086_000019_gtFine_instanceIds.png",335,37728,25983,1,5,2,True,False,False,3,Tier 3 - All classes present,0.005230615495112887,0.5890766011928926,0.4056927833119945,64046,0.2947693845048871,0.7052306154951129,0.32236528636334577,0.5928155507483438,1.0,1.0,61.77241647193006
train,dusseldorf,dusseldorf_000071_000019,"C:\Documents\Year 4 , Term 1\multiclass_scsc\data\raw\leftImg8bit\train\dusseldorf\dusseldorf_000071_000019_leftImg8bit.png","C:\Documents\Year 4 , Term 1\multiclass_scsc\data\raw\gtFine\train\dusseldorf\dusseldorf_000071_000019_gtFine_labelIds.png","C:\Documents\Year 4 , Term 1\multiclass_scsc\data\raw\gtFine\train\dusseldorf\dusseldorf_000071_000019_gtFine_instanceIds.png",131884,38877,3557,6,2,1,True,False,False,3,Tier 3 - All classes present,0.7565713236728279,0.22302343992014595,0.02040523640702624,174318,0.4565713236728278,0.5434286763271722,0.7085349675877103,0.5503212081491045,1.0,0.1020261820351312,61.75814511313041
train,hamburg,hamburg_000000_087216,"C:\Documents\Year 4 , Term 1\multiclass_scsc\data\raw\leftImg8bit\train\hamburg\hamburg_000000_087216_leftImg8bit.png","C:\Documents\Year 4 , Term 1\multiclass_scsc\data\raw\gtFine\train\hamburg\hamburg_000000_087216_gtFine_labelIds.png","C:\Documents\Year 4 , Term 1\multiclass_scsc\data\raw\gtFine\train\hamburg\hamburg_000000_087216_gtFine_instanceIds.png",19795,43010,162,13,14,1,True,False,False,3,Tier 3 - All classes present,0.31437101974049897,0.6830562040433878,0.002572776216113202,62967,0.19742722378388683,0.8025727762161132,0.2530297995905248,0.7937005259840998,1.0,0.01286388108056601,61.663632331524596
train,zurich,zurich_000022_000019,"C:\Documents\Year 4 , Term 1\multiclass_scsc\data\raw\leftImg8bit\train\zurich\zurich_000022_000019_leftImg8bit.png","C:\Documents\Year 4 , Term 1\multiclass_scsc\data\raw\gtFine\train\zurich\zurich_000022_000019_gtFine_labelIds.png","C:\Documents\Year 4 , Term 1\multiclass_scsc\data\raw\gtFine\train\zurich\zurich_000022_000019_gtFine_instanceIds.png",5454,15094,1878,3,6,1,True,False,True,3,Tier 3 - All classes present,0.24319985730848123,0.6730580576117007,0.08374208507981806,22426,0.17305805761170068,0.8269419423882993,0.37213278870247446,0.7211247851537042,0.44852,0.4187104253990903,61.63728526090721
train,zurich,zurich_000056_000019,"C:\Documents\Year 4 , Term 1\multiclass_scsc\data\raw\leftImg8bit\train\zurich\zurich_000056_000019_leftImg8bit.png","C:\Documents\Year 4 , Term 1\multiclass_scsc\data\raw\gtFine\train\zurich\zurich_000056_000019_gtFine_labelIds.png","C:\Documents\Year 4 , Term 1\multiclass_scsc\data\raw\gtFine\train\zurich\zurich_000056_000019_gtFine_instanceIds.png",535,299717,59118,1,10,3,True,False,False,3,Tier 3 - All classes present,0.0014887163647494227,0.834006734006734,0.16450454962851657,359370,0.334006734006734,0.665993265993266,0.3768061021696181,0.6299605249474366,1.0,0.8225227481425829,61.50593531974364
train,hanover,hanover_000000_043653,"C:\Documents\Year 4 , Term 1\multiclass_scsc\data\raw\leftImg8bit\train\hanover\hanover_000000_043653_leftImg8bit.png","C:\Documents\Year 4 , Term 1\multiclass_scsc\data\raw\gtFine\train\hanover\hanover_000000_043653_gtFine_labelIds.png","C:\Documents\Year 4 , Term 1\multiclass_scsc\data\raw\gtFine\train\hanover\hanover_000000_043653_gtFine_instanceIds.png",34541,139735,637,13,5,1,True,False,False,3,Tier 3 - All classes present,0.19747531630010348,0.7988828731998193,0.003641810500077181,174913,0.2988828731998193,0.7011171268001807,0.39937402088639384,0.7469007910928608,1.0,0.018209052500385906,61.320462827493884
train,erfurt,erfurt_000059_000019,"C:\Documents\Year 4 , Term 1\multiclass_scsc\data\raw\leftImg8bit\train\erfurt\erfurt_000059_000019_leftImg8bit.png","C:\Documents\Year 4 , Term 1\multiclass_scsc\data\raw\gtFine\train\erfurt\erfurt_000059_000019_gtFine_labelIds.png","C:\Documents\Year 4 , Term 1\multiclass_scsc\data\raw\gtFine\train\erfurt\erfurt_000059_000019_gtFine_instanceIds.png",20258,166491,1174,6,15,1,True,False,False,3,Tier 3 - All classes present,0.10779947105995541,0.8859532893791606,0.006247239560883979,187923,0.3859532893791606,0.6140467106208394,0.48965406653693655,0.7937005259840998,1.0,0.031236197804419892,61.31317929972527
train,hanover,hanover_000000_027650,"C:\Documents\Year 4 , Term 1\multiclass_scsc\data\raw\leftImg8bit\train\hanover\hanover_000000_027650_leftImg8bit.png","C:\Documents\Year 4 , Term 1\multiclass_scsc\data\raw\gtFine\train\hanover\hanover_000000_027650_gtFine_labelIds.png","C:\Documents\Year 4 , Term 1\multiclass_scsc\data\raw\gtFine\train\hanover\hanover_000000_027650_gtFine_instanceIds.png",58062,283657,962,23,4,1,True,False,False,3,Tier 3 - All classes present,0.16943454699852048,0.8277581774303215,0.0028072755711580155,342681,0.32775817743032154,0.6722418225696785,0.45820345263824974,0.6933612743506347,1.0,0.014036377855790077,61.10637748647309
val,munster,munster_000070_000019,"C:\Documents\Year 4 , Term 1\multiclass_scsc\data\raw\leftImg8bit\val\munster\munster_000070_000019_leftImg8bit.png","C:\Documents\Year 4 , Term 1\multiclass_scsc\data\raw\gtFine\val\munster\munster_000070_000019_gtFine_labelIds.png","C:\Documents\Year 4 , Term 1\multiclass_scsc\data\raw\gtFine\val\munster\munster_000070_000019_gtFine_instanceIds.png",7420,79031,1549,7,16,1,True,False,False,3,Tier 3 - All classes present,0.08431818181818182,0.8980795454545455,0.017602272727272727,88000,0.3980795454545455,0.6019204545454545,0.48620390321731854,0.7937005259840998,1.0,0.08801136363636362,61.00849998628105
train,stuttgart,stuttgart_000103_000019,"C:\Documents\Year 4 , Term 1\multiclass_scsc\data\raw\leftImg8bit\train\stuttgart\stuttgart_000103_000019_leftImg8bit.png","C:\Documents\Year 4 , Term 1\multiclass_scsc\data\raw\gtFine\train\stuttgart\stuttgart_000103_000019_gtFine_labelIds.png","C:\Documents\Year 4 , Term 1\multiclass_scsc\data\raw\gtFine\train\stuttgart\stuttgart_000103_000019_gtFine_instanceIds.png",16990,14367,1290,6,4,1,True,False,False,3,Tier 3 - All classes present,0.5204153520997336,0.44007106319110484,0.03951358470916164,32647,0.22041535209973356,0.7795846479002664,0.39531641580377536,0.6933612743506347,0.65294,0.19756792354580818,60.960537123112466
train,stuttgart,stuttgart_000084_000019,"C:\Documents\Year 4 , Term 1\multiclass_scsc\data\raw\leftImg8bit\train\stuttgart\stuttgart_000084_000019_leftImg8bit.png","C:\Documents\Year 4 , Term 1\multiclass_scsc\data\raw\gtFine\train\stuttgart\stuttgart_000084_000019_gtFine_labelIds.png","C:\Documents\Year 4 , Term 1\multiclass_scsc\data\raw\gtFine\train\stuttgart\stuttgart_000084_000019_gtFine_instanceIds.png",2162,370174,8858,4,13,1,True,False,False,3,Tier 3 - All classes present,0.005671652754240623,0.9710908356374969,0.02323751160826246,381194,0.4710908356374969,0.5289091643625031,0.5764086044289755,0.7937005259840998,1.0,0.1161875580413123,60.93507038733744
train,strasbourg,strasbourg_000000_011880,"C:\Documents\Year 4 , Term 1\multiclass_scsc\data\raw\leftImg8bit\train\strasbourg\strasbourg_000000_011880_leftImg8bit.png","C:\Documents\Year 4 , Term 1\multiclass_scsc\data\raw\gtFine\train\strasbourg\strasbourg_000000_011880_gtFine_labelIds.png","C:\Documents\Year 4 , Term 1\multiclass_scsc\data\raw\gtFine\train\strasbourg\strasbourg_000000_011880_gtFine_instanceIds.png",5176,167732,5797,1,9,1,True,False,False,3,Tier 3 - All classes present,0.028963934976637476,0.9385971293472483,0.032438935676114264,178705,0.43859712934724826,0.5614028706527517,0.669472161679918,0.5,1.0,0.1621946783805713,60.85125306841046
train,weimar,weimar_000130_000019,"C:\Documents\Year 4 , Term 1\multiclass_scsc\data\raw\leftImg8bit\train\weimar\weimar_000130_000019_leftImg8bit.png","C:\Documents\Year 4 , Term 1\multiclass_scsc\data\raw\gtFine\train\weimar\weimar_000130_000019_gtFine_labelIds.png","C:\Documents\Year 4 , Term 1\multiclass_scsc\data\raw\gtFine\train\weimar\weimar_000130_000019_gtFine_instanceIds.png",4576,176280,5159,2,8,1,True,False,False,3,Tier 3 - All classes present,0.02460016665322689,0.9476655108458996,0.027734322500873584,186015,0.44766551084589956,0.5523344891541004,0.6180408501046495,0.6299605249474366,1.0,0.1386716125043679,60.77737100603689
train,strasbourg,strasbourg_000001_025426,"C:\Documents\Year 4 , Term 1\multiclass_scsc\data\raw\leftImg8bit\train\strasbourg\strasbourg_000001_025426_leftImg8bit.png","C:\Documents\Year 4 , Term 1\multiclass_scsc\data\raw\gtFine\train\strasbourg\strasbourg_000001_025426_gtFine_labelIds.png","C:\Documents\Year 4 , Term 1\multiclass_scsc\data\raw\gtFine\train\strasbourg\strasbourg_000001_025426_gtFine_instanceIds.png",43157,14447,2385,6,6,1,True,False,False,3,Tier 3 - All classes present,0.7194152261247896,0.24082748503892382,0.03975728883628665,59989,0.4194152261247896,0.5805847738752103,0.48608803804016176,0.7937005259840998,1.0,0.19878644418143326,60.705472206881936
train,aachen,aachen_000010_000019,"C:\Documents\Year 4 , Term 1\multiclass_scsc\data\raw\leftImg8bit\train\aachen\aachen_000010_000019_leftImg8bit.png","C:\Documents\Year 4 , Term 1\multiclass_scsc\data\raw\gtFine\train\aachen\aachen_000010_000019_gtFine_labelIds.png","C:\Documents\Year 4 , Term 1\multiclass_scsc\data\raw\gtFine\train\aachen\aachen_000010_000019_gtFine_instanceIds.png",19680,374543,1668,6,22,1,True,False,False,3,Tier 3 - All classes present,0.049710652679651725,0.9460760663920119,0.004213280928336335,395891,0.4460760663920119,0.5539239336079881,0.5504679213547086,0.7937005259840998,1.0,0.021066404641681673,60.681834897930685
train,stuttgart,stuttgart_000027_000019,"C:\Documents\Year 4 , Term 1\multiclass_scsc\data\raw\leftImg8bit\train\stuttgart\stuttgart_000027_000019_leftImg8bit.png","C:\Documents\Year 4 , Term 1\multiclass_scsc\data\raw\gtFine\train\stuttgart\stuttgart_000027_000019_gtFine_labelIds.png","C:\Documents\Year 4 , Term 1\multiclass_scsc\data\raw\gtFine\train\stuttgart\stuttgart_000027_000019_gtFine_instanceIds.png",2884,20790,91730,2,6,4,True,False,False,3,Tier 3 - All classes present,0.024990468267997643,0.1801497348445461,0.7948597968874562,115404,0.5948597968874563,0.40514020311254373,0.5846682317806532,0.7937005259840998,1.0,1.0,60.65116296768285
train,hamburg,hamburg_000000_091038,"C:\Documents\Year 4 , Term 1\multiclass_scsc\data\raw\leftImg8bit\train\hamburg\hamburg_000000_091038_leftImg8bit.png","C:\Documents\Year 4 , Term 1\multiclass_scsc\data\raw\gtFine\train\hamburg\hamburg_000000_091038_gtFine_labelIds.png","C:\Documents\Year 4 , Term 1\multiclass_scsc\data\raw\gtFine\train\hamburg\hamburg_000000_091038_gtFine_instanceIds.png",39104,273184,883,15,9,1,True,False,False,3,Tier 3 - All classes present,0.12486469053648007,0.8723157635924144,0.002819545871105562,313171,0.37231576359241436,0.6276842364075856,0.44530089484478896,0.7937005259840998,1.0,0.014097729355527808,60.44239283818623
train,hamburg,hamburg_000000_053776,"C:\Documents\Year 4 , Term 1\multiclass_scsc\data\raw\leftImg8bit\train\hamburg\hamburg_000000_053776_leftImg8bit.png","C:\Documents\Year 4 , Term 1\multiclass_scsc\data\raw\gtFine\train\hamburg\hamburg_000000_053776_gtFine_labelIds.png","C:\Documents\Year 4 , Term 1\multiclass_scsc\data\raw\gtFine\train\hamburg\hamburg_000000_053776_gtFine_instanceIds.png",87862,95724,187,40,4,1,True,False,False,3,Tier 3 - All classes present,0.4781007003205041,0.5208817399726837,0.0010175597068122085,183773,0.19898244029318782,0.8010175597068122,0.2654282857275515,0.6933612743506347,1.0,0.005087798534061042,60.429409068028846
val,frankfurt,frankfurt_000001_035144,"C:\Documents\Year 4 , Term 1\multiclass_scsc\data\raw\leftImg8bit\val\frankfurt\frankfurt_000001_035144_leftImg8bit.png","C:\Documents\Year 4 , Term 1\multiclass_scsc\data\raw\gtFine\val\frankfurt\frankfurt_000001_035144_gtFine_labelIds.png","C:\Documents\Year 4 , Term 1\multiclass_scsc\data\raw\gtFine\val\frankfurt\frankfurt_000001_035144_gtFine_instanceIds.png",10668,228637,1498,6,28,1,True,False,False,3,Tier 3 - All classes present,0.04430177364899939,0.9494773736207606,0.006220852730240071,240803,0.44947737362076057,0.5505226263792394,0.5310930332108527,0.7937005259840998,1.0,0.031104263651200354,60.01472525951266
train,dusseldorf,dusseldorf_000143_000019,"C:\Documents\Year 4 , Term 1\multiclass_scsc\data\raw\leftImg8bit\train\dusseldorf\dusseldorf_000143_000019_leftImg8bit.png","C:\Documents\Year 4 , Term 1\multiclass_scsc\data\raw\gtFine\train\dusseldorf\dusseldorf_000143_000019_gtFine_labelIds.png","C:\Documents\Year 4 , Term 1\multiclass_scsc\data\raw\gtFine\train\dusseldorf\dusseldorf_000143_000019_gtFine_instanceIds.png",1535,88843,9411,1,15,1,True,False,False,3,Tier 3 - All classes present,0.01538245698423674,0.8903085510427001,0.09430899197306317,99789,0.3903085510427001,0.6096914489572999,0.5247044141091107,0.5,1.0,0.4715449598653158,59.9865151808919
train,stuttgart,stuttgart_000171_000019,"C:\Documents\Year 4 , Term 1\multiclass_scsc\data\raw\leftImg8bit\train\stuttgart\stuttgart_000171_000019_leftImg8bit.png","C:\Documents\Year 4 , Term 1\multiclass_scsc\data\raw\gtFine\train\stuttgart\stuttgart_000171_000019_gtFine_labelIds.png","C:\Documents\Year 4 , Term 1\multiclass_scsc\data\raw\gtFine\train\stuttgart\stuttgart_000171_000019_gtFine_instanceIds.png",55637,96793,380,1,15,1,True,False,False,3,Tier 3 - All classes present,0.3640926640926641,0.6334205876578758,0.002486748249460114,152810,0.1975132517505399,0.8024867482494601,0.3361975406798963,0.5,1.0,0.012433741247300569,59.7475648566118
train,hamburg,hamburg_000000_084746,"C:\Documents\Year 4 , Term 1\multiclass_scsc\data\raw\leftImg8bit\train\hamburg\hamburg_000000_084746_leftImg8bit.png","C:\Documents\Year 4 , Term 1\multiclass_scsc\data\raw\gtFine\train\hamburg\hamburg_000000_084746_gtFine_labelIds.png","C:\Documents\Year 4 , Term 1\multiclass_scsc\data\raw\gtFine\train\hamburg\hamburg_000000_084746_gtFine_instanceIds.png",31628,127481,339,38,13,1,True,False,False,3,Tier 3 - All classes present,0.19835933972204103,0.7995145752847324,0.002126084993226632,159448,0.29951457528473235,0.7004854247152676,0.32364325923645754,0.7937005259840998,1.0,0.010630424966133159,59.6873747802966
train,hamburg,hamburg_000000_085645,"C:\Documents\Year 4 , Term 1\multiclass_scsc\data\raw\leftImg8bit\train\hamburg\hamburg_000000_085645_leftImg8bit.png","C:\Documents\Year 4 , Term 1\multiclass_scsc\data\raw\gtFine\train\hamburg\hamburg_000000_085645_gtFine_labelIds.png","C:\Documents\Year 4 , Term 1\multiclass_scsc\data\raw\gtFine\train\hamburg\hamburg_000000_085645_gtFine_instanceIds.png",54716,335857,628,23,9,1,True,False,False,3,Tier 3 - All classes present,0.1398667181321111,0.8585279689980343,0.0016053128698546271,391201,0.3585279689980343,0.6414720310019657,0.39748421017668945,0.7937005259840998,1.0,0.008026564349273135,59.52904825688717
train,strasbourg,strasbourg_000001_048121,"C:\Documents\Year 4 , Term 1\multiclass_scsc\data\raw\leftImg8bit\train\strasbourg\strasbourg_000001_048121_leftImg8bit.png","C:\Documents\Year 4 , Term 1\multiclass_scsc\data\raw\gtFine\train\strasbourg\strasbourg_000001_048121_gtFine_labelIds.png","C:\Documents\Year 4 , Term 1\multiclass_scsc\data\raw\gtFine\train\strasbourg\strasbourg_000001_048121_gtFine_instanceIds.png",11005,404206,1575,10,6,1,True,False,False,3,Tier 3 - All classes present,0.026404437769022952,0.9698166445130115,0.0037789177179655747,416786,0.4698166445130115,0.5301833554869885,0.5400411491276454,0.7937005259840998,1.0,0.01889458858982787,59.40854952601954
train,dusseldorf,dusseldorf_000120_000019,"C:\Documents\Year 4 , Term 1\multiclass_scsc\data\raw\leftImg8bit\train\dusseldorf\dusseldorf_000120_000019_leftImg8bit.png","C:\Documents\Year 4 , Term 1\multiclass_scsc\data\raw\gtFine\train\dusseldorf\dusseldorf_000120_000019_gtFine_labelIds.png","C:\Documents\Year 4 , Term 1\multiclass_scsc\data\raw\gtFine\train\dusseldorf\dusseldorf_000120_000019_gtFine_instanceIds.png",4354,64637,2459,6,4,1,True,False,False,3,Tier 3 - All classes present,0.06093771868439468,0.9046466060181946,0.034415675297410776,71450,0.4046466060181946,0.5953533939818054,0.4748418457776926,0.6933612743506347,1.0,0.17207837648705387,59.32020213029779
train,hamburg,hamburg_000000_006322,"C:\Documents\Year 4 , Term 1\multiclass_scsc\data\raw\leftImg8bit\train\hamburg\hamburg_000000_006322_leftImg8bit.png","C:\Documents\Year 4 , Term 1\multiclass_scsc\data\raw\gtFine\train\hamburg\hamburg_000000_006322_gtFine_labelIds.png","C:\Documents\Year 4 , Term 1\multiclass_scsc\data\raw\gtFine\train\hamburg\hamburg_000000_006322_gtFine_instanceIds.png",5601,63134,1715,3,13,1,True,False,False,3,Tier 3 - All classes present,0.07950319375443576,0.896153300212917,0.024343506032647268,70450,0.39615330021291695,0.603846699787083,0.45797654068992905,0.7211247851537042,1.0,0.12171753016323633,59.31862364030294
train,hamburg,hamburg_000000_042505,"C:\Documents\Year 4 , Term 1\multiclass_scsc\data\raw\leftImg8bit\train\hamburg\hamburg_000000_042505_leftImg8bit.png","C:\Documents\Year 4 , Term 1\multiclass_scsc\data\raw\gtFine\train\hamburg\hamburg_000000_042505_gtFine_labelIds.png","C:\Documents\Year 4 , Term 1\multiclass_scsc\data\raw\gtFine\train\hamburg\hamburg_000000_042505_gtFine_instanceIds.png",4416,62913,2091,4,5,1,True,False,False,3,Tier 3 - All classes present,0.06361279170267935,0.906266205704408,0.030121002592912706,69420,0.40626620570440797,0.593733794295592,0.45198882683112546,0.7469007910928608,1.0,0.15060501296456352,59.26555350797318
train,bremen,bremen_000310_000019,"C:\Documents\Year 4 , Term 1\multiclass_scsc\data\raw\leftImg8bit\train\bremen\bremen_000310_000019_leftImg8bit.png","C:\Documents\Year 4 , Term 1\multiclass_scsc\data\raw\gtFine\train\bremen\bremen_000310_000019_gtFine_labelIds.png","C:\Documents\Year 4 , Term 1\multiclass_scsc\data\raw\gtFine\train\bremen\bremen_000310_000019_gtFine_instanceIds.png",37740,16361,1351,7,5,1,True,False,False,3,Tier 3 - All classes present,0.680588617182428,0.29504796941498956,0.024363413402582412,55452,0.3805886171824281,0.6194113828175719,0.4192257782737254,0.7469007910928608,1.0,0.12181706701291206,59.16582586237211
train,krefeld,krefeld_000000_007325,"C:\Documents\Year 4 , Term 1\multiclass_scsc\data\raw\leftImg8bit\train\krefeld\krefeld_000000_007325_leftImg8bit.png","C:\Documents\Year 4 , Term 1\multiclass_scsc\data\raw\gtFine\train\krefeld\krefeld_000000_007325_gtFine_labelIds.png","C:\Documents\Year 4 , Term 1\multiclass_scsc\data\raw\gtFine\train\krefeld\krefeld_000000_007325_gtFine_instanceIds.png",22079,30800,443,3,1,1,True,False,False,3,Tier 3 - All classes present,0.4140692397134391,0.577622744833277,0.008308015453283822,53322,0.19169198454671615,0.8083080154532838,0.3538353687760246,0.3968502629920499,1.0,0.04154007726641911,59.10783601262494
train,zurich,zurich_000024_000019,"C:\Documents\Year 4 , Term 1\multiclass_scsc\data\raw\leftImg8bit\train\zurich\zurich_000024_000019_leftImg8bit.png","C:\Documents\Year 4 , Term 1\multiclass_scsc\data\raw\gtFine\train\zurich\zurich_000024_000019_gtFine_labelIds.png","C:\Documents\Year 4 , Term 1\multiclass_scsc\data\raw\gtFine\train\zurich\zurich_000024_000019_gtFine_instanceIds.png",10955,124026,903,12,6,1,True,False,False,3,Tier 3 - All classes present,0.08062023490624357,0.9127343910982897,0.006645373995466722,135884,0.4127343910982897,0.5872656089017103,0.44863785627888386,0.7937005259840998,1.0,0.03322686997733361,59.0214022840831
train,hanover,hanover_000000_023239,"C:\Documents\Year 4 , Term 1\multiclass_scsc\data\raw\leftImg8bit\train\hanover\hanover_000000_023239_leftImg8bit.png","C:\Documents\Year 4 , Term 1\multiclass_scsc\data\raw\gtFine\train\hanover\hanover_000000_023239_gtFine_labelIds.png","C:\Documents\Year 4 , Term 1\multiclass_scsc\data\raw\gtFine\train\hanover\hanover_000000_023239_gtFine_instanceIds.png",23033,52496,103,12,4,1,True,False,False,3,Tier 3 - All classes present,0.30454040617727945,0.6940977364078696,0.0013618574148508567,75632,0.1986381425851491,0.8013618574148509,0.21757671139171209,0.6933612743506347,1.0,0.006809287074254283,59.016241188976196
train,bremen,bremen_000276_000019,"C:\Documents\Year 4 , Term 1\multiclass_scsc\data\raw\leftImg8bit\train\bremen\bremen_000276_000019_leftImg8bit.png","C:\Documents\Year 4 , Term 1\multiclass_scsc\data\raw\gtFine\train\bremen\bremen_000276_000019_gtFine_labelIds.png","C:\Documents\Year 4 , Term 1\multiclass_scsc\data\raw\gtFine\train\bremen\bremen_000276_000019_gtFine_instanceIds.png",10384,495277,3087,1,20,1,True,False,False,3,Tier 3 - All classes present,0.020410891050185946,0.9735212718280957,0.006067837121718414,508748,0.47352127182809567,0.5264787281719043,0.6758425692239408,0.5,1.0,0.03033918560859207,58.986122131637366
train,hamburg,hamburg_000000_085982,"C:\Documents\Year 4 , Term 1\multiclass_scsc\data\raw\leftImg8bit\train\hamburg\hamburg_000000_085982_leftImg8bit.png","C:\Documents\Year 4 , Term 1\multiclass_scsc\data\raw\gtFine\train\hamburg\hamburg_000000_085982_gtFine_labelIds.png","C:\Documents\Year 4 , Term 1\multiclass_scsc\data\raw\gtFine\train\hamburg\hamburg_000000_085982_gtFine_instanceIds.png",14438,187202,1129,19,5,1,True,False,False,3,Tier 3 - All classes present,0.07120417815346528,0.9232279095917029,0.005567912254831853,202769,0.42322790959170287,0.5767720904082971,0.48331615740258393,0.7469007910928608,1.0,0.027839561274159264,58.91307801117311
train,aachen,aachen_000164_000019,"C:\Documents\Year 4 , Term 1\multiclass_scsc\data\raw\leftImg8bit\train\aachen\aachen_000164_000019_leftImg8bit.png","C:\Documents\Year 4 , Term 1\multiclass_scsc\data\raw\gtFine\train\aachen\aachen_000164_000019_gtFine_labelIds.png","C:\Documents\Year 4 , Term 1\multiclass_scsc\data\raw\gtFine\train\aachen\aachen_000164_000019_gtFine_instanceIds.png",25355,3450,20539,11,1,1,True,False,False,3,Tier 3 - All classes present,0.5138416018158236,0.06991731517509728,0.41624108300907914,49344,0.43008268482490275,0.5699173151750972,0.486294413109428,0.43679023236814946,0.98688,1.0,58.80617848580898
val,frankfurt,frankfurt_000001_049209,"C:\Documents\Year 4 , Term 1\multiclass_scsc\data\raw\leftImg8bit\val\frankfurt\frankfurt_000001_049209_leftImg8bit.png","C:\Documents\Year 4 , Term 1\multiclass_scsc\data\raw\gtFine\val\frankfurt\frankfurt_000001_049209_gtFine_labelIds.png","C:\Documents\Year 4 , Term 1\multiclass_scsc\data\raw\gtFine\val\frankfurt\frankfurt_000001_049209_gtFine_instanceIds.png",4540,102818,2197,8,15,1,True,False,False,3,Tier 3 - All classes present,0.041440372415681624,0.9385057733558486,0.02005385422846972,109555,0.4385057733558486,0.5614942266441514,0.46376215267373805,0.7937005259840998,1.0,0.10026927114234858,58.77948789145143
train,hamburg,hamburg_000000_062371,"C:\Documents\Year 4 , Term 1\multiclass_scsc\data\raw\leftImg8bit\train\hamburg\hamburg_000000_062371_leftImg8bit.png","C:\Documents\Year 4 , Term 1\multiclass_scsc\data\raw\gtFine\train\hamburg\hamburg_000000_062371_gtFine_labelIds.png","C:\Documents\Year 4 , Term 1\multiclass_scsc\data\raw\gtFine\train\hamburg\hamburg_000000_062371_gtFine_instanceIds.png",41077,143762,183,25,17,1,True,False,False,3,Tier 3 - All classes present,0.22201143647782426,0.7769994919523083,0.000989071569867367,185022,0.2769994919523084,0.7230005080476916,0.26352209222742384,0.7937005259840998,1.0,0.004945357849336835,58.755917767738566
train,hamburg,hamburg_000000_065983,"C:\Documents\Year 4 , Term 1\multiclass_scsc\data\raw\leftImg8bit\train\hamburg\hamburg_000000_065983_leftImg8bit.png","C:\Documents\Year 4 , Term 1\multiclass_scsc\data\raw\gtFine\train\hamburg\hamburg_000000_065983_gtFine_labelIds.png","C:\Documents\Year 4 , Term 1\multiclass_scsc\data\raw\gtFine\train\hamburg\hamburg_000000_065983_gtFine_instanceIds.png",44521,339181,655,4,7,1,True,False,False,3,Tier 3 - All classes present,0.11583241621721473,0.8824634389382787,0.0017041448445065395,384357,0.3824634389382787,0.6175365610617213,0.40310089894572904,0.7937005259840998,1.0,0.008520724222532697,58.742600921714896
train,hamburg,hamburg_000000_089696,"C:\Documents\Year 4 , Term 1\multiclass_scsc\data\raw\leftImg8bit\train\hamburg\hamburg_000000_089696_leftImg8bit.png","C:\Documents\Year 4 , Term 1\multiclass_scsc\data\raw\gtFine\train\hamburg\hamburg_000000_089696_gtFine_labelIds.png","C:\Documents\Year 4 , Term 1\multiclass_scsc\data\raw\gtFine\train\hamburg\hamburg_000000_089696_gtFine_instanceIds.png",76551,48015,280,30,11,1,True,False,False,3,Tier 3 - All classes present,0.6131634173301508,0.38459381958572963,0.0022427630841196354,124846,0.31316341733015074,0.6868365826698493,0.3036588971875663,0.7937005259840998,1.0,0.011213815420598176,58.54480718928545
train,zurich,zurich_000090_000019,"C:\Documents\Year 4 , Term 1\multiclass_scsc\data\raw\leftImg8bit\train\zurich\zurich_000090_000019_leftImg8bit.png","C:\Documents\Year 4 , Term 1\multiclass_scsc\data\raw\gtFine\train\zurich\zurich_000090_000019_gtFine_labelIds.png","C:\Documents\Year 4 , Term 1\multiclass_scsc\data\raw\gtFine\train\zurich\zurich_000090_000019_gtFine_instanceIds.png",5494,234760,1628,3,22,3,True,False,False,3,Tier 3 - All classes present,0.022713554543124334,0.9705558908889459,0.006730554567929817,241882,0.4705558908889459,0.5294441091110541,0.44721293033231596,0.9085602964160698,1.0,0.033652772839649084,58.390820584850935
train,aachen,aachen_000144_000019,"C:\Documents\Year 4 , Term 1\multiclass_scsc\data\raw\leftImg8bit\train\aachen\aachen_000144_000019_leftImg8bit.png","C:\Documents\Year 4 , Term 1\multiclass_scsc\data\raw\gtFine\train\aachen\aachen_000144_000019_gtFine_labelIds.png","C:\Documents\Year 4 , Term 1\multiclass_scsc\data\raw\gtFine\train\aachen\aachen_000144_000019_gtFine_instanceIds.png",1174,104317,3811,4,7,3,True,False,False,3,Tier 3 - All classes present,0.010740883057949534,0.9543924173391155,0.03486669960293499,109302,0.4543924173391155,0.5456075826608845,0.3550059907737291,1.0,1.0,0.17433349801467493,58.34615051972063
train,aachen,aachen_000014_000019,"C:\Documents\Year 4 , Term 1\multiclass_scsc\data\raw\leftImg8bit\train\aachen\aachen_000014_000019_leftImg8bit.png","C:\Documents\Year 4 , Term 1\multiclass_scsc\data\raw\gtFine\train\aachen\aachen_000014_000019_gtFine_labelIds.png","C:\Documents\Year 4 , Term 1\multiclass_scsc\data\raw\gtFine\train\aachen\aachen_000014_000019_gtFine_instanceIds.png",143991,12944,5797,22,8,1,True,False,False,3,Tier 3 - All classes present,0.8848351891453433,0.07954182336602512,0.035622987488631616,162732,0.5848351891453434,0.4151648108546566,0.6300623325129149,0.7937005259840998,1.0,0.17811493744315807,58.304544986551
train,hanover,hanover_000000_038855,"C:\Documents\Year 4 , Term 1\multiclass_scsc\data\raw\leftImg8bit\train\hanover\hanover_000000_038855_leftImg8bit.png","C:\Documents\Year 4 , Term 1\multiclass_scsc\data\raw\gtFine\train\hanover\hanover_000000_038855_gtFine_labelIds.png","C:\Documents\Year 4 , Term 1\multiclass_scsc\data\raw\gtFine\train\hanover\hanover_000000_038855_gtFine_instanceIds.png",26255,1831,10256,12,3,2,True,False,False,3,Tier 3 - All classes present,0.6847582285744093,0.04775442073965886,0.2674873506859319,38342,0.45224557926034115,0.5477544207396589,0.39372140829874647,0.7937005259840998,0.76684,1.0,58.29572696831025
train,hanover,hanover_000000_006355,"C:\Documents\Year 4 , Term 1\multiclass_scsc\data\raw\leftImg8bit\train\hanover\hanover_000000_006355_leftImg8bit.png","C:\Documents\Year 4 , Term 1\multiclass_scsc\data\raw\gtFine\train\hanover\hanover_000000_006355_gtFine_labelIds.png","C:\Documents\Year 4 , Term 1\multiclass_scsc\data\raw\gtFine\train\hanover\hanover_000000_006355_gtFine_instanceIds.png",8178,173965,646,9,8,2,True,False,False,3,Tier 3 - All classes present,0.044740110181684896,0.9517257603028628,0.003534129515452243,182789,0.4517257603028629,0.5482742396971372,0.3752262456957983,1.0,1.0,0.017670647577261212,58.276110196645746
train,strasbourg,strasbourg_000000_030435,"C:\Documents\Year 4 , Term 1\multiclass_scsc\data\raw\leftImg8bit\train\strasbourg\strasbourg_000000_030435_leftImg8bit.png","C:\Documents\Year 4 , Term 1\multiclass_scsc\data\raw\gtFine\train\strasbourg\strasbourg_000000_030435_gtFine_labelIds.png","C:\Documents\Year 4 , Term 1\multiclass_scsc\data\raw\gtFine\train\strasbourg\strasbourg_000000_030435_gtFine_instanceIds.png",134573,6148,26986,25,1,1,True,False,False,3,Tier 3 - All classes present,0.8024292367044906,0.03665917343939132,0.16091158985611811,167707,0.5024292367044907,0.4975707632955093,0.5895729297929369,0.43679023236814946,1.0,0.8045579492805905,58.16466165753368
train,jena,jena_000007_000019,"C:\Documents\Year 4 , Term 1\multiclass_scsc\data\raw\leftImg8bit\train\jena\jena_000007_000019_leftImg8bit.png","C:\Documents\Year 4 , Term 1\multiclass_scsc\data\raw\gtFine\train\jena\jena_000007_000019_gtFine_labelIds.png","C:\Documents\Year 4 , Term 1\multiclass_scsc\data\raw\gtFine\train\jena\jena_000007_000019_gtFine_instanceIds.png",30581,353755,793,5,16,1,True,False,False,3,Tier 3 - All classes present,0.07940456314637433,0.9185363865094552,0.0020590503441703946,385129,0.4185363865094553,0.5814636134905447,0.42962650098278027,0.7937005259840998,1.0,0.010295251720851972,58.104323717470955
val,frankfurt,frankfurt_000001_014565,"C:\Documents\Year 4 , Term 1\multiclass_scsc\data\raw\leftImg8bit\val\frankfurt\frankfurt_000001_014565_leftImg8bit.png","C:\Documents\Year 4 , Term 1\multiclass_scsc\data\raw\gtFine\val\frankfurt\frankfurt_000001_014565_gtFine_labelIds.png","C:\Documents\Year 4 , Term 1\multiclass_scsc\data\raw\gtFine\val\frankfurt\frankfurt_000001_014565_gtFine_instanceIds.png",7851,53774,553,8,7,1,True,False,False,3,Tier 3 - All classes present,0.12626652513750844,0.8648396538968767,0.008893820965614847,62178,0.3648396538968767,0.6351603461031232,0.3514660411121162,0.7937005259840998,1.0,0.04446910482807423,58.07824849139028
val,munster,munster_000115_000019,"C:\Documents\Year 4 , Term 1\multiclass_scsc\data\raw\leftImg8bit\val\munster\munster_000115_000019_leftImg8bit.png","C:\Documents\Year 4 , Term 1\multiclass_scsc\data\raw\gtFine\val\munster\munster_000115_000019_gtFine_labelIds.png","C:\Documents\Year 4 , Term 1\multiclass_scsc\data\raw\gtFine\val\munster\munster_000115_000019_gtFine_instanceIds.png",8036,53789,894,2,9,1,True,False,False,3,Tier 3 - All classes present,0.12812704284188203,0.8576189033626174,0.014254053795500566,62719,0.35761890336261737,0.6423810966373826,0.4157119245707852,0.6299605249474366,1.0,0.07127026897750283,57.97236082171793
train,stuttgart,stuttgart_000106_000019,"C:\Documents\Year 4 , Term 1\multiclass_scsc\data\raw\leftImg8bit\train\stuttgart\stuttgart_000106_000019_leftImg8bit.png","C:\Documents\Year 4 , Term 1\multiclass_scsc\data\raw\gtFine\train\stuttgart\stuttgart_000106_000019_gtFine_labelIds.png","C:\Documents\Year 4 , Term 1\multiclass_scsc\data\raw\gtFine\train\stuttgart\stuttgart_000106_000019_gtFine_instanceIds.png",7236,388272,2121,3,15,1,True,False,False,3,Tier 3 - All classes present,0.018197867861750525,0.9764680141538973,0.005334117984352248,397629,0.4764680141538973,0.5235319858461027,0.5354016955814968,0.7211247851537042,1.0,0.026670589921761242,57.95355502820338
train,hamburg,hamburg_000000_039264,"C:\Documents\Year 4 , Term 1\multiclass_scsc\data\raw\leftImg8bit\train\hamburg\hamburg_000000_039264_leftImg8bit.png","C:\Documents\Year 4 , Term 1\multiclass_scsc\data\raw\gtFine\train\hamburg\hamburg_000000_039264_gtFine_labelIds.png","C:\Documents\Year 4 , Term 1\multiclass_scsc\data\raw\gtFine\train\hamburg\hamburg_000000_039264_gtFine_instanceIds.png",40837,134553,146,20,5,1,True,False,False,3,Tier 3 - All classes present,0.23264173730744692,0.7665265244736122,0.000831738218940844,175536,0.26652652447361225,0.7334734755263878,0.24440923888454055,0.7469007910928608,1.0,0.00415869109470422,57.895521509458156
train,aachen,aachen_000005_000019,"C:\Documents\Year 4 , Term 1\multiclass_scsc\data\raw\leftImg8bit\train\aachen\aachen_000005_000019_leftImg8bit.png","C:\Documents\Year 4 , Term 1\multiclass_scsc\data\raw\gtFine\train\aachen\aachen_000005_000019_gtFine_labelIds.png","C:\Documents\Year 4 , Term 1\multiclass_scsc\data\raw\gtFine\train\aachen\aachen_000005_000019_gtFine_instanceIds.png",11595,126913,691,11,15,1,True,False,False,3,Tier 3 - All classes present,0.0832980121983635,0.9117378716801127,0.0049641161215238615,139199,0.41173787168011267,0.5882621283198873,0.4103546406074668,0.7937005259840998,1.0,0.024820580607619307,57.87073514381908
val,munster,munster_000029_000019,"C:\Documents\Year 4 , Term 1\multiclass_scsc\data\raw\leftImg8bit\val\munster\munster_000029_000019_leftImg8bit.png","C:\Documents\Year 4 , Term 1\multiclass_scsc\data\raw\gtFine\val\munster\munster_000029_000019_gtFine_labelIds.png","C:\Documents\Year 4 , Term 1\multiclass_scsc\data\raw\gtFine\val\munster\munster_000029_000019_gtFine_instanceIds.png",6799,29771,1306,1,10,1,True,False,False,3,Tier 3 - All classes present,0.17950681170134122,0.7860122505016369,0.03448093779702186,37876,0.2860122505016369,0.7139877494983631,0.44499328967647855,0.5,0.75752,0.1724046889851093,57.846532115154425
train,hanover,hanover_000000_007780,"C:\Documents\Year 4 , Term 1\multiclass_scsc\data\raw\leftImg8bit\train\hanover\hanover_000000_007780_leftImg8bit.png","C:\Documents\Year 4 , Term 1\multiclass_scsc\data\raw\gtFine\train\hanover\hanover_000000_007780_gtFine_labelIds.png","C:\Documents\Year 4 , Term 1\multiclass_scsc\data\raw\gtFine\train\hanover\hanover_000000_007780_gtFine_instanceIds.png",3000,132891,3102,8,13,1,True,False,False,3,Tier 3 - All classes present,0.021583820767952344,0.956098508557985,0.022317670674062724,138993,0.45609850855798495,0.543901491442015,0.45316290210105403,0.7937005259840998,1.0,0.11158835337031361,57.814396377325295
train,hanover,hanover_000000_052729,"C:\Documents\Year 4 , Term 1\multiclass_scsc\data\raw\leftImg8bit\train\hanover\hanover_000000_052729_leftImg8bit.png","C:\Documents\Year 4 , Term 1\multiclass_scsc\data\raw\gtFine\train\hanover\hanover_000000_052729_gtFine_labelIds.png","C:\Documents\Year 4 , Term 1\multiclass_scsc\data\raw\gtFine\train\hanover\hanover_000000_052729_gtFine_instanceIds.png",13286,53651,172,10,12,1,True,False,False,3,Tier 3 - All classes present,0.19797642641076457,0.7994605790579505,0.0025629945312849243,67109,0.29946057905795054,0.7005394209420495,0.25813257613480656,0.7937005259840998,1.0,0.01281497265642462,57.7351368747698
train,strasbourg,strasbourg_000001_055273,"C:\Documents\Year 4 , Term 1\multiclass_scsc\data\raw\leftImg8bit\train\strasbourg\strasbourg_000001_055273_leftImg8bit.png","C:\Documents\Year 4 , Term 1\multiclass_scsc\data\raw\gtFine\train\strasbourg\strasbourg_000001_055273_gtFine_labelIds.png","C:\Documents\Year 4 , Term 1\multiclass_scsc\data\raw\gtFine\train\strasbourg\strasbourg_000001_055273_gtFine_instanceIds.png",13265,10304,742,10,4,2,True,False,False,3,Tier 3 - All classes present,0.545637777137921,0.423841059602649,0.030521163259429888,24311,0.2456377771379211,0.7543622228620789,0.2942814135916242,0.8735804647362989,0.48622,0.15260581629714942,57.73186737476211
train,aachen,aachen_000131_000019,"C:\Documents\Year 4 , Term 1\multiclass_scsc\data\raw\leftImg8bit\train\aachen\aachen_000131_000019_leftImg8bit.png","C:\Documents\Year 4 , Term 1\multiclass_scsc\data\raw\gtFine\train\aachen\aachen_000131_000019_gtFine_labelIds.png","C:\Documents\Year 4 , Term 1\multiclass_scsc\data\raw\gtFine\train\aachen\aachen_000131_000019_gtFine_instanceIds.png",10283,181795,879,15,24,1,True,False,False,3,Tier 3 - All classes present,0.05329166601885394,0.9421529148981379,0.004555419083008131,192957,0.44215291489813796,0.557847085101862,0.44462747091390087,0.7937005259840998,1.0,0.022777095415040655,57.6721008983282
train,aachen,aachen_000065_000019,"C:\Documents\Year 4 , Term 1\multiclass_scsc\data\raw\leftImg8bit\train\aachen\aachen_000065_000019_leftImg8bit.png","C:\Documents\Year 4 , Term 1\multiclass_scsc\data\raw\gtFine\train\aachen\aachen_000065_000019_gtFine_labelIds.png","C:\Documents\Year 4 , Term 1\multiclass_scsc\data\raw\gtFine\train\aachen\aachen_000065_000019_gtFine_instanceIds.png",42069,22482,423,8,14,1,True,False,False,3,Tier 3 - All classes present,0.6474743743651307,0.3460153292086065,0.006510296426262813,64974,0.3474743743651307,0.6525256256348693,0.31648370348022,0.7937005259840998,1.0,0.03255148213131406,57.66380143021943
train,tubingen,tubingen_000143_000019,"C:\Documents\Year 4 , Term 1\multiclass_scsc\data\raw\leftImg8bit\train\tubingen\tubingen_000143_000019_leftImg8bit.png","C:\Documents\Year 4 , Term 1\multiclass_scsc\data\raw\gtFine\train\tubingen\tubingen_000143_000019_gtFine_labelIds.png","C:\Documents\Year 4 , Term 1\multiclass_scsc\data\raw\gtFine\train\tubingen\tubingen_000143_000019_gtFine_instanceIds.png",13859,14549,301,9,10,1,True,False,False,3,Tier 3 - All classes present,0.4827406039917796,0.5067748789578181,0.010484517050402313,28709,0.18951548294959772,0.8104845170504023,0.244395269186668,0.7937005259840998,0.57418,0.052422585252011565,57.66065957363769
train,bremen,bremen_000219_000019,"C:\Documents\Year 4 , Term 1\multiclass_scsc\data\raw\leftImg8bit\train\bremen\bremen_000219_000019_leftImg8bit.png","C:\Documents\Year 4 , Term 1\multiclass_scsc\data\raw\gtFine\train\bremen\bremen_000219_000019_gtFine_labelIds.png","C:\Documents\Year 4 , Term 1\multiclass_scsc\data\raw\gtFine\train\bremen\bremen_000219_000019_gtFine_instanceIds.png",6441,216769,1622,5,18,1,True,False,False,3,Tier 3 - All classes present,0.028648057216054654,0.9641376672359806,0.007214275547964702,224832,0.46413766723598066,0.5358623327640193,0.4709788262261726,0.7937005259840998,1.0,0.03607137773982351,57.64972287580656
train,cologne,cologne_000030_000019,"C:\Documents\Year 4 , Term 1\multiclass_scsc\data\raw\leftImg8bit\train\cologne\cologne_000030_000019_leftImg8bit.png","C:\Documents\Year 4 , Term 1\multiclass_scsc\data\raw\gtFine\train\cologne\cologne_000030_000019_gtFine_labelIds.png","C:\Documents\Year 4 , Term 1\multiclass_scsc\data\raw\gtFine\train\cologne\cologne_000030_000019_gtFine_instanceIds.png",8978,4226,26272,4,1,2,True,False,False,3,Tier 3 - All classes present,0.22742932414631675,0.10705238626000609,0.6655182895936772,39476,0.46551828959367714,0.5344817104063229,0.5019524900849581,0.5503212081491045,0.78952,1.0,57.587861241038226
train,hanover,hanover_000000_055800,"C:\Documents\Year 4 , Term 1\multiclass_scsc\data\raw\leftImg8bit\train\hanover\hanover_000000_055800_leftImg8bit.png","C:\Documents\Year 4 , Term 1\multiclass_scsc\data\raw\gtFine\train\hanover\hanover_000000_055800_gtFine_labelIds.png","C:\Documents\Year 4 , Term 1\multiclass_scsc\data\raw\gtFine\train\hanover\hanover_000000_055800_gtFine_instanceIds.png",4734,264128,2279,5,10,1,True,False,False,3,Tier 3 - All classes present,0.017459550565941704,0.9741352285342313,0.008405220899827027,271141,0.47413522853423123,0.5258647714657687,0.476055433367153,0.7937005259840998,1.0,0.04202610449913513,57.43189227190252
train,strasbourg,strasbourg_000001_031272,"C:\Documents\Year 4 , Term 1\multiclass_scsc\data\raw\leftImg8bit\train\strasbourg\strasbourg_000001_031272_leftImg8bit.png","C:\Documents\Year 4 , Term 1\multiclass_scsc\data\raw\gtFine\train\strasbourg\strasbourg_000001_031272_gtFine_labelIds.png","C:\Documents\Year 4 , Term 1\multiclass_scsc\data\raw\gtFine\train\strasbourg\strasbourg_000001_031272_gtFine_instanceIds.png",954,82421,9768,2,2,1,True,False,False,3,Tier 3 - All classes present,0.010242315579270585,0.884886679621657,0.1048710047990724,93143,0.38488667962165707,0.615113320378343,0.4533684997710014,0.43679023236814946,1.0,0.5243550239953619,57.37921641376281
train,dusseldorf,dusseldorf_000195_000019,"C:\Documents\Year 4 , Term 1\multiclass_scsc\data\raw\leftImg8bit\train\dusseldorf\dusseldorf_000195_000019_leftImg8bit.png","C:\Documents\Year 4 , Term 1\multiclass_scsc\data\raw\gtFine\train\dusseldorf\dusseldorf_000195_000019_gtFine_labelIds.png","C:\Documents\Year 4 , Term 1\multiclass_scsc\data\raw\gtFine\train\dusseldorf\dusseldorf_000195_000019_gtFine_instanceIds.png",1851,177245,4762,4,9,1,True,False,False,3,Tier 3 - All classes present,0.010067552132624091,0.9640320247147255,0.025900423152650415,183858,0.46403202471472543,0.5359679752852746,0.4450395453641667,0.7937005259840998,1.0,0.12950211576325207,57.34292384091374
train,hamburg,hamburg_000000_055039,"C:\Documents\Year 4 , Term 1\multiclass_scsc\data\raw\leftImg8bit\train\hamburg\hamburg_000000_055039_leftImg8bit.png","C:\Documents\Year 4 , Term 1\multiclass_scsc\data\raw\gtFine\train\hamburg\hamburg_000000_055039_gtFine_labelIds.png","C:\Documents\Year 4 , Term 1\multiclass_scsc\data\raw\gtFine\train\hamburg\hamburg_000000_055039_gtFine_instanceIds.png",31037,8577,1991,18,5,3,True,False,False,3,Tier 3 - All classes present,0.7459920682610263,0.2061531065977647,0.04785482514120899,41605,0.44599206826102633,0.5540079317389737,0.38467604164363833,0.9410360288810286,0.8321,0.23927412570604495,57.33350958061375
val,frankfurt,frankfurt_000001_017459,"C:\Documents\Year 4 , Term 1\multiclass_scsc\data\raw\leftImg8bit\val\frankfurt\frankfurt_000001_017459_leftImg8bit.png","C:\Documents\Year 4 , Term 1\multiclass_scsc\data\raw\gtFine\val\frankfurt\frankfurt_000001_017459_gtFine_labelIds.png","C:\Documents\Year 4 , Term 1\multiclass_scsc\data\raw\gtFine\val\frankfurt\frankfurt_000001_017459_gtFine_instanceIds.png",147214,76856,637,21,3,1,True,False,False,3,Tier 3 - All classes present,0.6551375791586377,0.34202761818723937,0.0028348026541229246,224707,0.3551375791586377,0.6448624208413622,0.39937402088639384,0.6299605249474366,1.0,0.014174013270614622,57.29599540081092
val,munster,munster_000069_000019,"C:\Documents\Year 4 , Term 1\multiclass_scsc\data\raw\leftImg8bit\val\munster\munster_000069_000019_leftImg8bit.png","C:\Documents\Year 4 , Term 1\multiclass_scsc\data\raw\gtFine\val\munster\munster_000069_000019_gtFine_labelIds.png","C:\Documents\Year 4 , Term 1\multiclass_scsc\data\raw\gtFine\val\munster\munster_000069_000019_gtFine_instanceIds.png",22708,308310,719,15,17,1,True,False,False,3,Tier 3 - All classes present,0.0684518157456057,0.9293808046735818,0.002167379580812511,331737,0.42938080467358175,0.5706191953264182,0.4158240750206987,0.7937005259840998,1.0,0.010836897904062554,57.2591824429595
val,frankfurt,frankfurt_000001_060906,"C:\Documents\Year 4 , Term 1\multiclass_scsc\data\raw\leftImg8bit\val\frankfurt\frankfurt_000001_060906_leftImg8bit.png","C:\Documents\Year 4 , Term 1\multiclass_scsc\data\raw\gtFine\val\frankfurt\frankfurt_000001_060906_gtFine_labelIds.png","C:\Documents\Year 4 , Term 1\multiclass_scsc\data\raw\gtFine\val\frankfurt\frankfurt_000001_060906_gtFine_instanceIds.png",34393,380152,624,8,7,1,True,False,False,3,Tier 3 - All classes present,0.08284096355941797,0.9156560340487849,0.0015030023917970755,415169,0.41565603404878493,0.5843439659512151,0.39663849653615496,0.7937005259840998,1.0,0.0075150119589853775,57.21599648368968
train,krefeld,krefeld_000000_011483,"C:\Documents\Year 4 , Term 1\multiclass_scsc\data\raw\leftImg8bit\train\krefeld\krefeld_000000_011483_leftImg8bit.png","C:\Documents\Year 4 , Term 1\multiclass_scsc\data\raw\gtFine\train\krefeld\krefeld_000000_011483_gtFine_labelIds.png","C:\Documents\Year 4 , Term 1\multiclass_scsc\data\raw\gtFine\train\krefeld\krefeld_000000_011483_gtFine_instanceIds.png",545,69325,8185,1,6,2,True,False,False,3,Tier 3 - All classes present,0.006982256101466915,0.8881557875856768,0.10486195631285632,78055,0.3881557875856768,0.6118442124143232,0.35465416296739716,0.6299605249474366,1.0,0.5243097815642815,57.1843501676278
train,strasbourg,strasbourg_000000_023694,"C:\Documents\Year 4 , Term 1\multiclass_scsc\data\raw\leftImg8bit\train\strasbourg\strasbourg_000000_023694_leftImg8bit.png","C:\Documents\Year 4 , Term 1\multiclass_scsc\data\raw\gtFine\train\strasbourg\strasbourg_000000_023694_gtFine_labelIds.png","C:\Documents\Year 4 , Term 1\multiclass_scsc\data\raw\gtFine\train\strasbourg\strasbourg_000000_023694_gtFine_instanceIds.png",4932,12858,1518,5,2,1,True,False,True,3,Tier 3 - All classes present,0.2554381603480423,0.665941578620261,0.07862026103169671,19308,0.16594157862026102,0.834058421379739,0.31777203027398926,0.5503212081491045,0.38616,0.3931013051584835,56.97742241143822
train,darmstadt,darmstadt_000059_000019,"C:\Documents\Year 4 , Term 1\multiclass_scsc\data\raw\leftImg8bit\train\darmstadt\darmstadt_000059_000019_leftImg8bit.png","C:\Documents\Year 4 , Term 1\multiclass_scsc\data\raw\gtFine\train\darmstadt\darmstadt_000059_000019_gtFine_labelIds.png","C:\Documents\Year 4 , Term 1\multiclass_scsc\data\raw\gtFine\train\darmstadt\darmstadt_000059_000019_gtFine_instanceIds.png",5157,395841,3183,1,14,3,True,False,False,3,Tier 3 - All classes present,0.012759135139949676,0.9793656802274229,0.007875184632627461,404181,0.4793656802274229,0.5206343197725771,0.5475342069076127,0.6299605249474366,1.0,0.0393759231631373,56.8976864881587
train,bremen,bremen_000072_000019,"C:\Documents\Year 4 , Term 1\multiclass_scsc\data\raw\leftImg8bit\train\bremen\bremen_000072_000019_leftImg8bit.png","C:\Documents\Year 4 , Term 1\multiclass_scsc\data\raw\gtFine\train\bremen\bremen_000072_000019_gtFine_labelIds.png","C:\Documents\Year 4 , Term 1\multiclass_scsc\data\raw\gtFine\train\bremen\bremen_000072_000019_gtFine_instanceIds.png",5031,104990,1794,5,4,1,True,False,False,3,Tier 3 - All classes present,0.044993963242856504,0.9389616777713187,0.0160443589858248,111815,0.43896167777131867,0.5610383222286813,0.44856520791019483,0.6933612743506347,1.0,0.08022179492912399,56.70001721635825
val,munster,munster_000002_000019,"C:\Documents\Year 4 , Term 1\multiclass_scsc\data\raw\leftImg8bit\val\munster\munster_000002_000019_leftImg8bit.png","C:\Documents\Year 4 , Term 1\multiclass_scsc\data\raw\gtFine\val\munster\munster_000002_000019_gtFine_labelIds.png","C:\Documents\Year 4 , Term 1\multiclass_scsc\data\raw\gtFine\val\munster\munster_000002_000019_gtFine_instanceIds.png",2151,23688,2765,3,10,1,True,False,False,3,Tier 3 - All classes present,0.07519927282897497,0.8281359250454482,0.09666480212557685,28604,0.32813592504544814,0.6718640749545519,0.3607842431004154,0.7211247851537042,0.57208,0.4833240106278842,56.65238212163952
train,bremen,bremen_000264_000019,"C:\Documents\Year 4 , Term 1\multiclass_scsc\data\raw\leftImg8bit\train\bremen\bremen_000264_000019_leftImg8bit.png","C:\Documents\Year 4 , Term 1\multiclass_scsc\data\raw\gtFine\train\bremen\bremen_000264_000019_gtFine_labelIds.png","C:\Documents\Year 4 , Term 1\multiclass_scsc\data\raw\gtFine\train\bremen\bremen_000264_000019_gtFine_instanceIds.png",2202,67899,1295,4,9,3,True,False,False,3,Tier 3 - All classes present,0.030842063981175415,0.951019664967225,0.018138271051599528,71396,0.45101966496722506,0.5489803350327749,0.3055125307035699,1.0,1.0,0.09069135525799764,56.57804609870807
train,hanover,hanover_000000_013205,"C:\Documents\Year 4 , Term 1\multiclass_scsc\data\raw\leftImg8bit\train\hanover\hanover_000000_013205_leftImg8bit.png","C:\Documents\Year 4 , Term 1\multiclass_scsc\data\raw\gtFine\train\hanover\hanover_000000_013205_gtFine_labelIds.png","C:\Documents\Year 4 , Term 1\multiclass_scsc\data\raw\gtFine\train\hanover\hanover_000000_013205_gtFine_instanceIds.png",9377,56440,258,5,7,1,True,False,False,3,Tier 3 - All classes present,0.14191449110858873,0.8541808550889141,0.003904653802497162,66075,0.35418085508891406,0.6458191449110859,0.289219701792676,0.7937005259840998,1.0,0.01952326901248581,56.51248108504765
train,hamburg,hamburg_000000_088197,"C:\Documents\Year 4 , Term 1\multiclass_scsc\data\raw\leftImg8bit\train\hamburg\hamburg_000000_088197_leftImg8bit.png","C:\Documents\Year 4 , Term 1\multiclass_scsc\data\raw\gtFine\train\hamburg\hamburg_000000_088197_gtFine_labelIds.png","C:\Documents\Year 4 , Term 1\multiclass_scsc\data\raw\gtFine\train\hamburg\hamburg_000000_088197_gtFine_instanceIds.png",1735,353848,5173,5,18,1,True,False,False,3,Tier 3 - All classes present,0.004809344820321769,0.9808513233321137,0.014339331847564559,360756,0.48085132333211367,0.5191486766678863,0.44772772238821645,0.7937005259840998,1.0,0.07169665923782279,56.46176992431256
train,stuttgart,stuttgart_000189_000019,"C:\Documents\Year 4 , Term 1\multiclass_scsc\data\raw\leftImg8bit\train\stuttgart\stuttgart_000189_000019_leftImg8bit.png","C:\Documents\Year 4 , Term 1\multiclass_scsc\data\raw\gtFine\train\stuttgart\stuttgart_000189_000019_gtFine_labelIds.png","C:\Documents\Year 4 , Term 1\multiclass_scsc\data\raw\gtFine\train\stuttgart\stuttgart_000189_000019_gtFine_instanceIds.png",79002,1706,70563,49,3,1,True,False,False,3,Tier 3 - All classes present,0.5222547613223949,0.011277773003417707,0.4664674656741874,151271,0.4887222269965823,0.5112777730034177,0.38454980078322615,0.6299605249474366,1.0,1.0,56.437012817845044
val,frankfurt,frankfurt_000001_059642,"C:\Documents\Year 4 , Term 1\multiclass_scsc\data\raw\leftImg8bit\val\frankfurt\frankfurt_000001_059642_leftImg8bit.png","C:\Documents\Year 4 , Term 1\multiclass_scsc\data\raw\gtFine\val\frankfurt\frankfurt_000001_059642_gtFine_labelIds.png","C:\Documents\Year 4 , Term 1\multiclass_scsc\data\raw\gtFine\val\frankfurt\frankfurt_000001_059642_gtFine_instanceIds.png",12336,157599,544,11,10,1,True,False,False,3,Tier 3 - All classes present,0.07236081863455322,0.924448172502185,0.0031910088632617507,170479,0.424448172502185,0.5755518274978151,0.37890729487436386,0.7937005259840998,1.0,0.01595504431630875,56.37457505748657
train,stuttgart,stuttgart_000179_000019,"C:\Documents\Year 4 , Term 1\multiclass_scsc\data\raw\leftImg8bit\train\stuttgart\stuttgart_000179_000019_leftImg8bit.png","C:\Documents\Year 4 , Term 1\multiclass_scsc\data\raw\gtFine\train\stuttgart\stuttgart_000179_000019_gtFine_labelIds.png","C:\Documents\Year 4 , Term 1\multiclass_scsc\data\raw\gtFine\train\stuttgart\stuttgart_000179_000019_gtFine_instanceIds.png",299123,7230,7434,58,7,6,True,False,False,3,Tier 3 - All classes present,0.9532676624589291,0.02304110750286022,0.023691230038210633,313787,0.6532676624589291,0.3467323375410709,0.563741317919464,1.0,1.0,0.11845615019105316,56.37381379018203
train,dusseldorf,dusseldorf_000072_000019,"C:\Documents\Year 4 , Term 1\multiclass_scsc\data\raw\leftImg8bit\train\dusseldorf\dusseldorf_000072_000019_leftImg8bit.png","C:\Documents\Year 4 , Term 1\multiclass_scsc\data\raw\gtFine\train\dusseldorf\dusseldorf_000072_000019_gtFine_labelIds.png","C:\Documents\Year 4 , Term 1\multiclass_scsc\data\raw\gtFine\train\dusseldorf\dusseldorf_000072_000019_gtFine_instanceIds.png",9222,90201,668,4,4,1,True,False,False,3,Tier 3 - All classes present,0.09213615609795087,0.9011899171753704,0.006673926726678723,100091,0.40118991717537045,0.5988100828246296,0.394942490158506,0.6933612743506347,1.0,0.03336963363339361,56.36794530116684
train,tubingen,tubingen_000014_000019,"C:\Documents\Year 4 , Term 1\multiclass_scsc\data\raw\leftImg8bit\train\tubingen\tubingen_000014_000019_leftImg8bit.png","C:\Documents\Year 4 , Term 1\multiclass_scsc\data\raw\gtFine\train\tubingen\tubingen_000014_000019_gtFine_labelIds.png","C:\Documents\Year 4 , Term 1\multiclass_scsc\data\raw\gtFine\train\tubingen\tubingen_000014_000019_gtFine_instanceIds.png",3013,113773,2216,2,11,2,True,False,False,3,Tier 3 - All classes present,0.025318902203324313,0.9560595620241676,0.018621535772508024,119002,0.45605956202416764,0.5439404379758324,0.40568563433002935,0.7937005259840998,1.0,0.09310767886254012,56.299232833008375
train,hanover,hanover_000000_027998,"C:\Documents\Year 4 , Term 1\multiclass_scsc\data\raw\leftImg8bit\train\hanover\hanover_000000_027998_leftImg8bit.png","C:\Documents\Year 4 , Term 1\multiclass_scsc\data\raw\gtFine\train\hanover\hanover_000000_027998_gtFine_labelIds.png","C:\Documents\Year 4 , Term 1\multiclass_scsc\data\raw\gtFine\train\hanover\hanover_000000_027998_gtFine_instanceIds.png",88143,33381,732,21,4,1,True,False,False,3,Tier 3 - All classes present,0.7209707499018453,0.27304181389870436,0.0059874361994503335,122256,0.4209707499018453,0.5790292500981546,0.41831524641867346,0.6933612743506347,1.0,0.029937180997251667,56.260732416732175
train,hanover,hanover_000000_027007,"C:\Documents\Year 4 , Term 1\multiclass_scsc\data\raw\leftImg8bit\train\hanover\hanover_000000_027007_leftImg8bit.png","C:\Documents\Year 4 , Term 1\multiclass_scsc\data\raw\gtFine\train\hanover\hanover_000000_027007_gtFine_labelIds.png","C:\Documents\Year 4 , Term 1\multiclass_scsc\data\raw\gtFine\train\hanover\hanover_000000_027007_gtFine_instanceIds.png",11794,209590,634,11,11,1,True,False,False,3,Tier 3 - All classes present,0.05312181895161654,0.9440225567296345,0.00285562431874893,222018,0.44402255672963453,0.5559774432703655,0.39874607327691075,0.7937005259840998,1.0,0.01427812159374465,56.17837842685216
val,munster,munster_000112_000019,"C:\Documents\Year 4 , Term 1\multiclass_scsc\data\raw\leftImg8bit\val\munster\munster_000112_000019_leftImg8bit.png","C:\Documents\Year 4 , Term 1\multiclass_scsc\data\raw\gtFine\val\munster\munster_000112_000019_gtFine_labelIds.png","C:\Documents\Year 4 , Term 1\multiclass_scsc\data\raw\gtFine\val\munster\munster_000112_000019_gtFine_instanceIds.png",3437,207872,2263,2,15,2,True,False,False,3,Tier 3 - All classes present,0.016092933530612627,0.9733111081977038,0.010595958271683553,213572,0.47331110819770383,0.5266888918022962,0.42686252468959723,0.7937005259840998,1.0,0.052979791358417766,56.043838259333356
train,jena,jena_000028_000019,"C:\Documents\Year 4 , Term 1\multiclass_scsc\data\raw\leftImg8bit\train\jena\jena_000028_000019_leftImg8bit.png","C:\Documents\Year 4 , Term 1\multiclass_scsc\data\raw\gtFine\train\jena\jena_000028_000019_gtFine_labelIds.png","C:\Documents\Year 4 , Term 1\multiclass_scsc\data\raw\gtFine\train\jena\jena_000028_000019_gtFine_instanceIds.png",69517,4320,5149,35,7,2,True,False,False,3,Tier 3 - All classes present,0.8801179955941559,0.05469323677613754,0.06518876762970653,78986,0.580117995594156,0.419882004405844,0.42010881534264977,1.0,1.0,0.3259438381485326,56.02826382725592
train,stuttgart,stuttgart_000071_000019,"C:\Documents\Year 4 , Term 1\multiclass_scsc\data\raw\leftImg8bit\train\stuttgart\stuttgart_000071_000019_leftImg8bit.png","C:\Documents\Year 4 , Term 1\multiclass_scsc\data\raw\gtFine\train\stuttgart\stuttgart_000071_000019_gtFine_labelIds.png","C:\Documents\Year 4 , Term 1\multiclass_scsc\data\raw\gtFine\train\stuttgart\stuttgart_000071_000019_gtFine_instanceIds.png",7402,156582,1248,3,5,1,True,False,False,3,Tier 3 - All classes present,0.04479761789483877,0.9476493657402925,0.007553016364868791,165232,0.44764936574029246,0.5523506342597075,0.45205147298011045,0.6786044041487267,1.0,0.03776508182434395,56.02346103114424
train,strasbourg,strasbourg_000000_006106,"C:\Documents\Year 4 , Term 1\multiclass_scsc\data\raw\leftImg8bit\train\strasbourg\strasbourg_000000_006106_leftImg8bit.png","C:\Documents\Year 4 , Term 1\multiclass_scsc\data\raw\gtFine\train\strasbourg\strasbourg_000000_006106_gtFine_labelIds.png","C:\Documents\Year 4 , Term 1\multiclass_scsc\data\raw\gtFine\train\strasbourg\strasbourg_000000_006106_gtFine_instanceIds.png",9499,211519,1146,5,3,1,True,False,False,3,Tier 3 - All classes present,0.04275670225599107,0.952084946255919,0.0051583514880898795,222164,0.452084946255919,0.547915053744081,0.47747888213761075,0.6299605249474366,1.0,0.025791757440449398,55.81933527530536
train,erfurt,erfurt_000015_000019,"C:\Documents\Year 4 , Term 1\multiclass_scsc\data\raw\leftImg8bit\train\erfurt\erfurt_000015_000019_leftImg8bit.png","C:\Documents\Year 4 , Term 1\multiclass_scsc\data\raw\gtFine\train\erfurt\erfurt_000015_000019_gtFine_labelIds.png","C:\Documents\Year 4 , Term 1\multiclass_scsc\data\raw\gtFine\train\erfurt\erfurt_000015_000019_gtFine_instanceIds.png",4195,263562,3995,1,14,1,True,False,False,3,Tier 3 - All classes present,0.015436868909888428,0.9698622273249139,0.01470090376519768,271752,0.4698622273249139,0.5301377726750861,0.5513358711906731,0.5,1.0,0.0735045188259884,55.613109636853586
train,hanover,hanover_000000_042255,"C:\Documents\Year 4 , Term 1\multiclass_scsc\data\raw\leftImg8bit\train\hanover\hanover_000000_042255_leftImg8bit.png","C:\Documents\Year 4 , Term 1\multiclass_scsc\data\raw\gtFine\train\hanover\hanover_000000_042255_gtFine_labelIds.png","C:\Documents\Year 4 , Term 1\multiclass_scsc\data\raw\gtFine\train\hanover\hanover_000000_042255_gtFine_instanceIds.png",33517,598305,558,8,16,1,True,False,False,3,Tier 3 - All classes present,0.053001359941807144,0.9461162592112338,0.0008823808469591069,632380,0.44611625921123377,0.5538837407887662,0.382130233456612,0.7937005259840998,1.0,0.004411904234795534,55.54682404618448
val,frankfurt,frankfurt_000001_012038,"C:\Documents\Year 4 , Term 1\multiclass_scsc\data\raw\leftImg8bit\val\frankfurt\frankfurt_000001_012038_leftImg8bit.png","C:\Documents\Year 4 , Term 1\multiclass_scsc\data\raw\gtFine\val\frankfurt\frankfurt_000001_012038_gtFine_labelIds.png","C:\Documents\Year 4 , Term 1\multiclass_scsc\data\raw\gtFine\val\frankfurt\frankfurt_000001_012038_gtFine_instanceIds.png",55230,8601,3795,13,2,2,True,False,False,3,Tier 3 - All classes present,0.8166977198119066,0.12718481057581404,0.0561174696122793,67626,0.5166977198119067,0.4833022801880933,0.47739715263463717,0.6933612743506347,1.0,0.28058734806139646,55.45736164212934
train,cologne,cologne_000121_000019,"C:\Documents\Year 4 , Term 1\multiclass_scsc\data\raw\leftImg8bit\train\cologne\cologne_000121_000019_leftImg8bit.png","C:\Documents\Year 4 , Term 1\multiclass_scsc\data\raw\gtFine\train\cologne\cologne_000121_000019_gtFine_labelIds.png","C:\Documents\Year 4 , Term 1\multiclass_scsc\data\raw\gtFine\train\cologne\cologne_000121_000019_gtFine_instanceIds.png",191462,24753,1900,7,8,1,True,False,False,3,Tier 3 - All classes present,0.8778029938335282,0.11348600508905853,0.00871100107741329,218115,0.5778029938335283,0.4221970061664717,0.539204360969933,0.7937005259840998,1.0,0.04355500538706645,55.18729399245369
val,munster,munster_000017_000019,"C:\Documents\Year 4 , Term 1\multiclass_scsc\data\raw\leftImg8bit\val\munster\munster_000017_000019_leftImg8bit.png","C:\Documents\Year 4 , Term 1\multiclass_scsc\data\raw\gtFine\val\munster\munster_000017_000019_gtFine_labelIds.png","C:\Documents\Year 4 , Term 1\multiclass_scsc\data\raw\gtFine\val\munster\munster_000017_000019_gtFine_instanceIds.png",3803,572543,3345,2,19,1,True,False,False,3,Tier 3 - All classes present,0.00656039165693447,0.987669292778394,0.005770315564671523,579691,0.48766929277839405,0.5123307072216059,0.502929930808284,0.6299605249474366,1.0,0.028851577823357615,55.174791976441085
train,zurich,zurich_000031_000019,"C:\Documents\Year 4 , Term 1\multiclass_scsc\data\raw\leftImg8bit\train\zurich\zurich_000031_000019_leftImg8bit.png","C:\Documents\Year 4 , Term 1\multiclass_scsc\data\raw\gtFine\train\zurich\zurich_000031_000019_gtFine_labelIds.png","C:\Documents\Year 4 , Term 1\multiclass_scsc\data\raw\gtFine\train\zurich\zurich_000031_000019_gtFine_instanceIds.png",2732,126772,3500,2,5,1,True,False,False,3,Tier 3 - All classes present,0.020540735616973924,0.9531442663378545,0.026314998045171574,133004,0.45314426633785454,0.5468557336621455,0.457280743375965,0.5928155507483438,1.0,0.13157499022585786,55.14275986011922
train,strasbourg,strasbourg_000001_009471,"C:\Documents\Year 4 , Term 1\multiclass_scsc\data\raw\leftImg8bit\train\strasbourg\strasbourg_000001_009471_leftImg8bit.png","C:\Documents\Year 4 , Term 1\multiclass_scsc\data\raw\gtFine\train\strasbourg\strasbourg_000001_009471_gtFine_labelIds.png","C:\Documents\Year 4 , Term 1\multiclass_scsc\data\raw\gtFine\train\strasbourg\strasbourg_000001_009471_gtFine_instanceIds.png",80723,23241,793,26,10,1,True,False,False,3,Tier 3 - All classes present,0.7705738041371937,0.2218562959993127,0.007569899863493609,104757,0.4705738041371937,0.5294261958628064,0.394580465744136,0.7937005259840998,1.0,0.03784949931746804,55.10921719318518
train,bremen,bremen_000044_000019,"C:\Documents\Year 4 , Term 1\multiclass_scsc\data\raw\leftImg8bit\train\bremen\bremen_000044_000019_leftImg8bit.png","C:\Documents\Year 4 , Term 1\multiclass_scsc\data\raw\gtFine\train\bremen\bremen_000044_000019_gtFine_labelIds.png","C:\Documents\Year 4 , Term 1\multiclass_scsc\data\raw\gtFine\train\bremen\bremen_000044_000019_gtFine_instanceIds.png",40974,1520,38327,19,1,2,True,False,False,3,Tier 3 - All classes present,0.5069721978198736,0.01880699323195704,0.4742208089481694,80821,0.481193006768043,0.518806993231957,0.3700332735274365,0.5503212081491045,1.0,1.0,55.10809605733795
val,munster,munster_000137_000019,"C:\Documents\Year 4 , Term 1\multiclass_scsc\data\raw\leftImg8bit\val\munster\munster_000137_000019_leftImg8bit.png","C:\Documents\Year 4 , Term 1\multiclass_scsc\data\raw\gtFine\val\munster\munster_000137_000019_gtFine_labelIds.png","C:\Documents\Year 4 , Term 1\multiclass_scsc\data\raw\gtFine\val\munster\munster_000137_000019_gtFine_instanceIds.png",20668,15025,689,8,2,1,True,False,False,3,Tier 3 - All classes present,0.5680831180253971,0.41297894563245563,0.018937936342147216,36382,0.26808311802539714,0.7319168819746029,0.32556482975819545,0.5503212081491045,0.72764,0.09468968171073608,55.04828670252022
val,frankfurt,frankfurt_000001_077092,"C:\Documents\Year 4 , Term 1\multiclass_scsc\data\raw\leftImg8bit\val\frankfurt\frankfurt_000001_077092_leftImg8bit.png","C:\Documents\Year 4 , Term 1\multiclass_scsc\data\raw\gtFine\val\frankfurt\frankfurt_000001_077092_gtFine_labelIds.png","C:\Documents\Year 4 , Term 1\multiclass_scsc\data\raw\gtFine\val\frankfurt\frankfurt_000001_077092_gtFine_instanceIds.png",20156,282121,415,9,27,1,True,False,False,3,Tier 3 - All classes present,0.06658914011602553,0.9320398292653919,0.0013710306185825856,302692,0.43203982926539186,0.5679601707346081,0.346217778631352,0.7937005259840998,1.0,0.0068551530929129275,55.04472384355095
val,munster,munster_000111_000019,"C:\Documents\Year 4 , Term 1\multiclass_scsc\data\raw\leftImg8bit\val\munster\munster_000111_000019_leftImg8bit.png","C:\Documents\Year 4 , Term 1\multiclass_scsc\data\raw\gtFine\val\munster\munster_000111_000019_gtFine_labelIds.png","C:\Documents\Year 4 , Term 1\multiclass_scsc\data\raw\gtFine\val\munster\munster_000111_000019_gtFine_instanceIds.png",7111,53700,282,6,15,1,True,False,False,3,Tier 3 - All classes present,0.1163963138166402,0.8789877727399211,0.004615913443438692,61093,0.3789877727399211,0.6210122272600789,0.2716814140479758,0.7937005259840998,1.0,0.02307956721719346,55.01183723768989
train,stuttgart,stuttgart_000137_000019,"C:\Documents\Year 4 , Term 1\multiclass_scsc\data\raw\leftImg8bit\train\stuttgart\stuttgart_000137_000019_leftImg8bit.png","C:\Documents\Year 4 , Term 1\multiclass_scsc\data\raw\gtFine\train\stuttgart\stuttgart_000137_000019_gtFine_labelIds.png","C:\Documents\Year 4 , Term 1\multiclass_scsc\data\raw\gtFine\train\stuttgart\stuttgart_000137_000019_gtFine_instanceIds.png",5803,107491,1306,11,3,1,True,False,False,3,Tier 3 - All classes present,0.0506369982547993,0.9379668411867365,0.011396160558464223,114600,0.43796684118673646,0.5620331588132635,0.42318660810273484,0.6299605249474366,1.0,0.056980802792321116,54.91123648378574
train,aachen,aachen_000095_000019,"C:\Documents\Year 4 , Term 1\multiclass_scsc\data\raw\leftImg8bit\train\aachen\aachen_000095_000019_leftImg8bit.png","C:\Documents\Year 4 , Term 1\multiclass_scsc\data\raw\gtFine\train\aachen\aachen_000095_000019_gtFine_labelIds.png","C:\Documents\Year 4 , Term 1\multiclass_scsc\data\raw\gtFine\train\aachen\aachen_000095_000019_gtFine_instanceIds.png",16181,168878,602,10,3,1,True,False,False,3,Tier 3 - All classes present,0.08715346787963008,0.9096040633197063,0.003242468800663575,185661,0.4096040633197064,0.5903959366802936,0.3919212669864042,0.6299605249474366,1.0,0.016212344003317874,54.903945071032
train,dusseldorf,dusseldorf_000135_000019,"C:\Documents\Year 4 , Term 1\multiclass_scsc\data\raw\leftImg8bit\train\dusseldorf\dusseldorf_000135_000019_leftImg8bit.png","C:\Documents\Year 4 , Term 1\multiclass_scsc\data\raw\gtFine\train\dusseldorf\dusseldorf_000135_000019_gtFine_labelIds.png","C:\Documents\Year 4 , Term 1\multiclass_scsc\data\raw\gtFine\train\dusseldorf\dusseldorf_000135_000019_gtFine_instanceIds.png",3727,226360,2090,3,34,1,True,False,False,3,Tier 3 - All classes present,0.016052408291949677,0.974945838735103,0.009001752972947363,232177,0.474945838735103,0.525054161264897,0.4270727809144983,0.7211247851537042,1.0,0.04500876486473682,54.856265479660074
train,bremen,bremen_000224_000019,"C:\Documents\Year 4 , Term 1\multiclass_scsc\data\raw\leftImg8bit\train\bremen\bremen_000224_000019_leftImg8bit.png","C:\Documents\Year 4 , Term 1\multiclass_scsc\data\raw\gtFine\train\bremen\bremen_000224_000019_gtFine_labelIds.png","C:\Documents\Year 4 , Term 1\multiclass_scsc\data\raw\gtFine\train\bremen\bremen_000224_000019_gtFine_instanceIds.png",140,223852,31957,1,15,3,True,False,False,3,Tier 3 - All classes present,0.0005469839694626664,0.8745961109439772,0.12485690508656021,255949,0.37459611094397716,0.6254038890560228,0.24101422641752301,0.6299605249474366,1.0,0.624284525432801,54.817412856142155
train,hanover,hanover_000000_028202,"C:\Documents\Year 4 , Term 1\multiclass_scsc\data\raw\leftImg8bit\train\hanover\hanover_000000_028202_leftImg8bit.png","C:\Documents\Year 4 , Term 1\multiclass_scsc\data\raw\gtFine\train\hanover\hanover_000000_028202_gtFine_labelIds.png","C:\Documents\Year 4 , Term 1\multiclass_scsc\data\raw\gtFine\train\hanover\hanover_000000_028202_gtFine_instanceIds.png",49475,5373,3117,13,5,2,True,False,False,3,Tier 3 - All classes present,0.8535323039765376,0.09269386698870008,0.053773829034762355,57965,0.5535323039765376,0.44646769602346237,0.38218836593308825,0.9410360288810286,1.0,0.2688691451738118,54.78424497801563
val,munster,munster_000028_000019,"C:\Documents\Year 4 , Term 1\multiclass_scsc\data\raw\leftImg8bit\val\munster\munster_000028_000019_leftImg8bit.png","C:\Documents\Year 4 , Term 1\multiclass_scsc\data\raw\gtFine\val\munster\munster_000028_000019_gtFine_labelIds.png","C:\Documents\Year 4 , Term 1\multiclass_scsc\data\raw\gtFine\val\munster\munster_000028_000019_gtFine_instanceIds.png",4530,23938,1632,1,15,1,True,False,True,3,Tier 3 - All classes present,0.1504983388704319,0.795282392026578,0.054219269102990034,30100,0.295282392026578,0.704717607973422,0.3892796084725674,0.5,0.602,0.27109634551495015,54.74257430068865
train,aachen,aachen_000111_000019,"C:\Documents\Year 4 , Term 1\multiclass_scsc\data\raw\leftImg8bit\train\aachen\aachen_000111_000019_leftImg8bit.png","C:\Documents\Year 4 , Term 1\multiclass_scsc\data\raw\gtFine\train\aachen\aachen_000111_000019_gtFine_labelIds.png","C:\Documents\Year 4 , Term 1\multiclass_scsc\data\raw\gtFine\train\aachen\aachen_000111_000019_gtFine_instanceIds.png",53791,23845,426,26,4,1,True,False,False,3,Tier 3 - All classes present,0.6890804744946325,0.3054623248187338,0.005457200686633701,78062,0.38908047449463257,0.6109195255053674,0.323515597335926,0.6933612743506347,1.0,0.027286003433168504,54.67909807271785
train,hamburg,hamburg_000000_046510,"C:\Documents\Year 4 , Term 1\multiclass_scsc\data\raw\leftImg8bit\train\hamburg\hamburg_000000_046510_leftImg8bit.png","C:\Documents\Year 4 , Term 1\multiclass_scsc\data\raw\gtFine\train\hamburg\hamburg_000000_046510_gtFine_labelIds.png","C:\Documents\Year 4 , Term 1\multiclass_scsc\data\raw\gtFine\train\hamburg\hamburg_000000_046510_gtFine_instanceIds.png",414995,14093,7121,53,3,1,True,False,False,3,Tier 3 - All classes present,0.951367349137684,0.03230790744803523,0.01632474341428077,436209,0.6513673491376839,0.3486326508623161,0.6941836719639274,0.6299605249474366,1.0,0.08162371707140384,54.628342652979036
train,hamburg,hamburg_000000_054555,"C:\Documents\Year 4 , Term 1\multiclass_scsc\data\raw\leftImg8bit\train\hamburg\hamburg_000000_054555_leftImg8bit.png","C:\Documents\Year 4 , Term 1\multiclass_scsc\data\raw\gtFine\train\hamburg\hamburg_000000_054555_gtFine_labelIds.png","C:\Documents\Year 4 , Term 1\multiclass_scsc\data\raw\gtFine\train\hamburg\hamburg_000000_054555_gtFine_instanceIds.png",290411,24178,3971,36,2,1,True,False,False,3,Tier 3 - All classes present,0.9116367403314917,0.07589779005524862,0.012465469613259669,318560,0.6116367403314917,0.38836325966850826,0.6840161175900282,0.5503212081491045,1.0,0.06232734806629834,54.62146877700924
train,monchengladbach,monchengladbach_000000_026006,"C:\Documents\Year 4 , Term 1\multiclass_scsc\data\raw\leftImg8bit\train\monchengladbach\monchengladbach_000000_026006_leftImg8bit.png","C:\Documents\Year 4 , Term 1\multiclass_scsc\data\raw\gtFine\train\monchengladbach\monchengladbach_000000_026006_gtFine_labelIds.png","C:\Documents\Year 4 , Term 1\multiclass_scsc\data\raw\gtFine\train\monchengladbach\monchengladbach_000000_026006_gtFine_instanceIds.png",1725,45969,1685,4,20,1,True,False,False,3,Tier 3 - All classes present,0.03493387877437777,0.9309423034083315,0.03412381781729075,49379,0.4309423034083315,0.5690576965916685,0.30746545979941475,0.7937005259840998,0.98758,0.17061908908645373,54.62067499284296
train,bochum,bochum_000000_035958,"C:\Documents\Year 4 , Term 1\multiclass_scsc\data\raw\leftImg8bit\train\bochum\bochum_000000_035958_leftImg8bit.png","C:\Documents\Year 4 , Term 1\multiclass_scsc\data\raw\gtFine\train\bochum\bochum_000000_035958_gtFine_labelIds.png","C:\Documents\Year 4 , Term 1\multiclass_scsc\data\raw\gtFine\train\bochum\bochum_000000_035958_gtFine_instanceIds.png",1265,129032,5264,1,28,2,True,False,False,3,Tier 3 - All classes present,0.009331592419648718,0.9518371803099711,0.038831227270380124,135561,0.4518371803099711,0.5481628196900289,0.4053238277818559,0.6299605249474366,1.0,0.1941561363519006,54.50641617702787
train,krefeld,krefeld_000000_019697,"C:\Documents\Year 4 , Term 1\multiclass_scsc\data\raw\leftImg8bit\train\krefeld\krefeld_000000_019697_leftImg8bit.png","C:\Documents\Year 4 , Term 1\multiclass_scsc\data\raw\gtFine\train\krefeld\krefeld_000000_019697_gtFine_labelIds.png","C:\Documents\Year 4 , Term 1\multiclass_scsc\data\raw\gtFine\train\krefeld\krefeld_000000_019697_gtFine_instanceIds.png",7401,46452,468,3,3,1,True,False,False,3,Tier 3 - All classes present,0.13624565085326118,0.8551388965593417,0.008615452587397139,54321,0.3551388965593417,0.6448611034406583,0.32597084060515524,0.5723571212766659,1.0,0.04307726293698569,54.3743124896159
train,aachen,aachen_000069_000019,"C:\Documents\Year 4 , Term 1\multiclass_scsc\data\raw\leftImg8bit\train\aachen\aachen_000069_000019_leftImg8bit.png","C:\Documents\Year 4 , Term 1\multiclass_scsc\data\raw\gtFine\train\aachen\aachen_000069_000019_gtFine_labelIds.png","C:\Documents\Year 4 , Term 1\multiclass_scsc\data\raw\gtFine\train\aachen\aachen_000069_000019_gtFine_instanceIds.png",3468,51253,1019,3,6,1,True,False,False,3,Tier 3 - All classes present,0.06221743810548978,0.9195012558306422,0.018281306063867957,55740,0.41950125583064224,0.5804987441693578,0.32815907909080566,0.7211247851537042,1.0,0.09140653031933978,54.33862656840074
train,aachen,aachen_000045_000019,"C:\Documents\Year 4 , Term 1\multiclass_scsc\data\raw\leftImg8bit\train\aachen\aachen_000045_000019_leftImg8bit.png","C:\Documents\Year 4 , Term 1\multiclass_scsc\data\raw\gtFine\train\aachen\aachen_000045_000019_gtFine_labelIds.png","C:\Documents\Year 4 , Term 1\multiclass_scsc\data\raw\gtFine\train\aachen\aachen_000045_000019_gtFine_instanceIds.png",14711,205628,1169,12,1,1,True,False,False,3,Tier 3 - All classes present,0.06641295122523791,0.9283095870126586,0.0052774617621034,221508,0.4283095870126587,0.5716904129873412,0.4889579409657407,0.43679023236814946,1.0,0.026387308810517,54.22014477804069
train,stuttgart,stuttgart_000028_000019,"C:\Documents\Year 4 , Term 1\multiclass_scsc\data\raw\leftImg8bit\train\stuttgart\stuttgart_000028_000019_leftImg8bit.png","C:\Documents\Year 4 , Term 1\multiclass_scsc\data\raw\gtFine\train\stuttgart\stuttgart_000028_000019_gtFine_labelIds.png","C:\Documents\Year 4 , Term 1\multiclass_scsc\data\raw\gtFine\train\stuttgart\stuttgart_000028_000019_gtFine_instanceIds.png",3497,48413,710,4,11,1,True,False,False,3,Tier 3 - All classes present,0.06645762067654884,0.9200494108703915,0.013492968453059672,52620,0.4200494108703915,0.5799505891296085,0.2917323969772177,0.7937005259840998,1.0,0.06746484226529836,54.192827575588865
val,frankfurt,frankfurt_000001_073464,"C:\Documents\Year 4 , Term 1\multiclass_scsc\data\raw\leftImg8bit\val\frankfurt\frankfurt_000001_073464_leftImg8bit.png","C:\Documents\Year 4 , Term 1\multiclass_scsc\data\raw\gtFine\val\frankfurt\frankfurt_000001_073464_gtFine_labelIds.png","C:\Documents\Year 4 , Term 1\multiclass_scsc\data\raw\gtFine\val\frankfurt\frankfurt_000001_073464_gtFine_instanceIds.png",12828,326857,802,2,25,1,True,False,False,3,Tier 3 - All classes present,0.037675447227060066,0.9599691030788253,0.0023554496941146064,340487,0.4599691030788253,0.5400308969211747,0.43124571164257686,0.6299605249474366,1.0,0.01177724847057303,54.0469013426887
val,munster,munster_000027_000019,"C:\Documents\Year 4 , Term 1\multiclass_scsc\data\raw\leftImg8bit\val\munster\munster_000027_000019_leftImg8bit.png","C:\Documents\Year 4 , Term 1\multiclass_scsc\data\raw\gtFine\val\munster\munster_000027_000019_gtFine_labelIds.png","C:\Documents\Year 4 , Term 1\multiclass_scsc\data\raw\gtFine\val\munster\munster_000027_000019_gtFine_instanceIds.png",1429,195822,5192,1,18,2,True,False,False,3,Tier 3 - All classes present,0.0070587770384750274,0.9672944977104666,0.025646725251058322,202443,0.46729449771046666,0.5327055022895333,0.42019960278164553,0.6299605249474366,1.0,0.1282336262552916,54.004784180518705
train,hamburg,hamburg_000000_038729,"C:\Documents\Year 4 , Term 1\multiclass_scsc\data\raw\leftImg8bit\train\hamburg\hamburg_000000_038729_leftImg8bit.png","C:\Documents\Year 4 , Term 1\multiclass_scsc\data\raw\gtFine\train\hamburg\hamburg_000000_038729_gtFine_labelIds.png","C:\Documents\Year 4 , Term 1\multiclass_scsc\data\raw\gtFine\train\hamburg\hamburg_000000_038729_gtFine_instanceIds.png",13891,11788,475,16,3,1,True,False,False,3,Tier 3 - All classes present,0.5311233463332569,0.45071499579414237,0.01816165787260075,26154,0.23112334633325687,0.7688766536667431,0.26525942712916656,0.6299605249474366,0.52308,0.09080828936300374,53.84709828157129
train,stuttgart,stuttgart_000181_000019,"C:\Documents\Year 4 , Term 1\multiclass_scsc\data\raw\leftImg8bit\train\stuttgart\stuttgart_000181_000019_leftImg8bit.png","C:\Documents\Year 4 , Term 1\multiclass_scsc\data\raw\gtFine\train\stuttgart\stuttgart_000181_000019_gtFine_labelIds.png","C:\Documents\Year 4 , Term 1\multiclass_scsc\data\raw\gtFine\train\stuttgart\stuttgart_000181_000019_gtFine_instanceIds.png",419731,6480,6102,41,7,2,True,False,False,3,Tier 3 - All classes present,0.9708960868629904,0.014989139813052117,0.01411477332395741,432313,0.6708960868629905,0.3291039131370095,0.508911171862599,1.0,1.0,0.07057386661978704,53.78436101445728
train,krefeld,krefeld_000000_033478,"C:\Documents\Year 4 , Term 1\multiclass_scsc\data\raw\leftImg8bit\train\krefeld\krefeld_000000_033478_leftImg8bit.png","C:\Documents\Year 4 , Term 1\multiclass_scsc\data\raw\gtFine\train\krefeld\krefeld_000000_033478_gtFine_labelIds.png","C:\Documents\Year 4 , Term 1\multiclass_scsc\data\raw\gtFine\train\krefeld\krefeld_000000_033478_gtFine_instanceIds.png",108231,12193,2734,5,6,1,True,False,False,3,Tier 3 - All classes present,0.8787979668393446,0.09900290683512236,0.022199126325533055,123158,0.5787979668393446,0.4212020331606554,0.48076105157011517,0.7937005259840998,1.0,0.11099563162766526,53.731398921429495
train,strasbourg,strasbourg_000001_023515,"C:\Documents\Year 4 , Term 1\multiclass_scsc\data\raw\leftImg8bit\train\strasbourg\strasbourg_000001_023515_leftImg8bit.png","C:\Documents\Year 4 , Term 1\multiclass_scsc\data\raw\gtFine\train\strasbourg\strasbourg_000001_023515_gtFine_labelIds.png","C:\Documents\Year 4 , Term 1\multiclass_scsc\data\raw\gtFine\train\strasbourg\strasbourg_000001_023515_gtFine_instanceIds.png",4039,118385,1620,2,15,1,True,False,False,3,Tier 3 - All classes present,0.032561026732449774,0.9543790912901874,0.013059881977362872,124044,0.4543790912901874,0.5456209087098126,0.4029609446027063,0.6299605249474366,1.0,0.06529940988681436,53.689569610119314
train,hamburg,hamburg_000000_087822,"C:\Documents\Year 4 , Term 1\multiclass_scsc\data\raw\leftImg8bit\train\hamburg\hamburg_000000_087822_leftImg8bit.png","C:\Documents\Year 4 , Term 1\multiclass_scsc\data\raw\gtFine\train\hamburg\hamburg_000000_087822_gtFine_labelIds.png","C:\Documents\Year 4 , Term 1\multiclass_scsc\data\raw\gtFine\train\hamburg\hamburg_000000_087822_gtFine_instanceIds.png",40967,10676,1101,13,20,1,True,False,False,3,Tier 3 - All classes present,0.77671393902624,0.20241164871833764,0.020874412255422418,52744,0.47671393902624004,0.52328606097376,0.3396447269363132,0.7937005259840998,1.0,0.10437206127711209,53.54815244318685
train,dusseldorf,dusseldorf_000018_000019,"C:\Documents\Year 4 , Term 1\multiclass_scsc\data\raw\leftImg8bit\train\dusseldorf\dusseldorf_000018_000019_leftImg8bit.png","C:\Documents\Year 4 , Term 1\multiclass_scsc\data\raw\gtFine\train\dusseldorf\dusseldorf_000018_000019_gtFine_labelIds.png","C:\Documents\Year 4 , Term 1\multiclass_scsc\data\raw\gtFine\train\dusseldorf\dusseldorf_000018_000019_gtFine_instanceIds.png",4524,140675,1366,2,18,1,True,False,False,3,Tier 3 - All classes present,0.030866850885272745,0.9598130522293863,0.009320096885340976,146565,0.4598130522293863,0.5401869477706137,0.39535851656460563,0.6299605249474366,1.0,0.04660048442670488,53.15064370410778
train,tubingen,tubingen_000018_000019,"C:\Documents\Year 4 , Term 1\multiclass_scsc\data\raw\leftImg8bit\train\tubingen\tubingen_000018_000019_leftImg8bit.png","C:\Documents\Year 4 , Term 1\multiclass_scsc\data\raw\gtFine\train\tubingen\tubingen_000018_000019_gtFine_labelIds.png","C:\Documents\Year 4 , Term 1\multiclass_scsc\data\raw\gtFine\train\tubingen\tubingen_000018_000019_gtFine_instanceIds.png",4890,74640,1794,1,3,1,True,False,False,3,Tier 3 - All classes present,0.060129850966504354,0.9178102405194039,0.022059908514091783,81324,0.41781024051940385,0.5821897594805961,0.44433490680190013,0.3968502629920499,1.0,0.1102995425704589,53.12188924101389
val,frankfurt,frankfurt_000001_044525,"C:\Documents\Year 4 , Term 1\multiclass_scsc\data\raw\leftImg8bit\val\frankfurt\frankfurt_000001_044525_leftImg8bit.png","C:\Documents\Year 4 , Term 1\multiclass_scsc\data\raw\gtFine\val\frankfurt\frankfurt_000001_044525_gtFine_labelIds.png","C:\Documents\Year 4 , Term 1\multiclass_scsc\data\raw\gtFine\val\frankfurt\frankfurt_000001_044525_gtFine_instanceIds.png",22076,13317,409,12,4,1,True,False,False,3,Tier 3 - All classes present,0.6166135970057539,0.3719624601977543,0.011423942796491816,35802,0.3166135970057539,0.683386402994246,0.2628267013142389,0.6933612743506347,0.71604,0.05711971398245908,53.06667484436882
train,darmstadt,darmstadt_000042_000019,"C:\Documents\Year 4 , Term 1\multiclass_scsc\data\raw\leftImg8bit\train\darmstadt\darmstadt_000042_000019_leftImg8bit.png","C:\Documents\Year 4 , Term 1\multiclass_scsc\data\raw\gtFine\train\darmstadt\darmstadt_000042_000019_gtFine_labelIds.png","C:\Documents\Year 4 , Term 1\multiclass_scsc\data\raw\gtFine\train\darmstadt\darmstadt_000042_000019_gtFine_instanceIds.png",2719,24774,571,6,19,2,True,False,False,3,Tier 3 - All classes present,0.09688568985176739,0.8827679589509693,0.0203463511972634,28064,0.3827679589509692,0.6172320410490308,0.23404896850601786,1.0,0.56128,0.101731755986317,52.83220947707334
val,munster,munster_000071_000019,"C:\Documents\Year 4 , Term 1\multiclass_scsc\data\raw\leftImg8bit\val\munster\munster_000071_000019_leftImg8bit.png","C:\Documents\Year 4 , Term 1\multiclass_scsc\data\raw\gtFine\val\munster\munster_000071_000019_gtFine_labelIds.png","C:\Documents\Year 4 , Term 1\multiclass_scsc\data\raw\gtFine\val\munster\munster_000071_000019_gtFine_instanceIds.png",1415,79749,665,4,16,2,True,False,False,3,Tier 3 - All classes present,0.01729215803688179,0.9745811387161031,0.008126703247015117,81829,0.47458113871610313,0.5254188612838968,0.21111837206995174,1.0,1.0,0.040633516235075585,52.55347319462981
val,frankfurt,frankfurt_000001_019854,"C:\Documents\Year 4 , Term 1\multiclass_scsc\data\raw\leftImg8bit\val\frankfurt\frankfurt_000001_019854_leftImg8bit.png","C:\Documents\Year 4 , Term 1\multiclass_scsc\data\raw\gtFine\val\frankfurt\frankfurt_000001_019854_gtFine_labelIds.png","C:\Documents\Year 4 , Term 1\multiclass_scsc\data\raw\gtFine\val\frankfurt\frankfurt_000001_019854_gtFine_instanceIds.png",8917,129293,203,5,12,1,True,False,False,3,Tier 3 - All classes present,0.06442313944499432,0.934110235310267,0.0014666252447385723,138413,0.4341102353102671,0.565889764689733,0.26256586706899354,0.7937005259840998,1.0,0.007333126223692862,52.45474012053908
train,hamburg,hamburg_000000_048960,"C:\Documents\Year 4 , Term 1\multiclass_scsc\data\raw\leftImg8bit\train\hamburg\hamburg_000000_048960_leftImg8bit.png","C:\Documents\Year 4 , Term 1\multiclass_scsc\data\raw\gtFine\train\hamburg\hamburg_000000_048960_gtFine_labelIds.png","C:\Documents\Year 4 , Term 1\multiclass_scsc\data\raw\gtFine\train\hamburg\hamburg_000000_048960_gtFine_instanceIds.png",8151,245671,459,3,16,1,True,False,False,3,Tier 3 - All classes present,0.03205508866175609,0.9661398216933236,0.0018050896449203833,254281,0.4661398216933235,0.5338601783066765,0.33445769538791104,0.7211247851537042,1.0,0.009025448224601915,52.250137012332964
val,frankfurt,frankfurt_000001_031416,"C:\Documents\Year 4 , Term 1\multiclass_scsc\data\raw\leftImg8bit\val\frankfurt\frankfurt_000001_031416_leftImg8bit.png","C:\Documents\Year 4 , Term 1\multiclass_scsc\data\raw\gtFine\val\frankfurt\frankfurt_000001_031416_gtFine_labelIds.png","C:\Documents\Year 4 , Term 1\multiclass_scsc\data\raw\gtFine\val\frankfurt\frankfurt_000001_031416_gtFine_instanceIds.png",23163,361384,172,8,19,1,True,False,False,3,Tier 3 - All classes present,0.06020758007792701,0.9393453403653056,0.0004470795567674069,384719,0.4393453403653056,0.5606546596346944,0.25813257613480656,0.7937005259840998,1.0,0.0022353977838370344,52.086848548112656
train,stuttgart,stuttgart_000056_000019,"C:\Documents\Year 4 , Term 1\multiclass_scsc\data\raw\leftImg8bit\train\stuttgart\stuttgart_000056_000019_leftImg8bit.png","C:\Documents\Year 4 , Term 1\multiclass_scsc\data\raw\gtFine\train\stuttgart\stuttgart_000056_000019_gtFine_labelIds.png","C:\Documents\Year 4 , Term 1\multiclass_scsc\data\raw\gtFine\train\stuttgart\stuttgart_000056_000019_gtFine_instanceIds.png",3295,98524,675,4,8,1,True,False,False,3,Tier 3 - All classes present,0.032148223310632815,0.9612660253283118,0.006585751361055281,102494,0.46126602532831185,0.5387339746716882,0.2812244421220077,0.7937005259840998,1.0,0.032928756805276405,52.05624392431564
train,strasbourg,strasbourg_000000_029179,"C:\Documents\Year 4 , Term 1\multiclass_scsc\data\raw\leftImg8bit\train\strasbourg\strasbourg_000000_029179_leftImg8bit.png","C:\Documents\Year 4 , Term 1\multiclass_scsc\data\raw\gtFine\train\strasbourg\strasbourg_000000_029179_gtFine_labelIds.png","C:\Documents\Year 4 , Term 1\multiclass_scsc\data\raw\gtFine\train\strasbourg\strasbourg_000000_029179_gtFine_instanceIds.png",58530,11443,1865,32,3,1,True,False,False,3,Tier 3 - All classes present,0.8147498538378017,0.15928895570589383,0.02596119045630446,71838,0.5147498538378017,0.4852501461621983,0.41434855293161604,0.6299605249474366,1.0,0.1298059522815223,51.938900070055574
val,frankfurt,frankfurt_000001_024927,"C:\Documents\Year 4 , Term 1\multiclass_scsc\data\raw\leftImg8bit\val\frankfurt\frankfurt_000001_024927_leftImg8bit.png","C:\Documents\Year 4 , Term 1\multiclass_scsc\data\raw\gtFine\val\frankfurt\frankfurt_000001_024927_gtFine_labelIds.png","C:\Documents\Year 4 , Term 1\multiclass_scsc\data\raw\gtFine\val\frankfurt\frankfurt_000001_024927_gtFine_instanceIds.png",1476,149577,1752,4,15,1,True,False,False,3,Tier 3 - All classes present,0.009659369785020125,0.9788750368116227,0.01146559340335722,152805,0.4788750368116227,0.5211249631883773,0.295715089864888,0.7937005259840998,1.0,0.0573279670167861,51.90859894832717
train,tubingen,tubingen_000012_000019,"C:\Documents\Year 4 , Term 1\multiclass_scsc\data\raw\leftImg8bit\train\tubingen\tubingen_000012_000019_leftImg8bit.png","C:\Documents\Year 4 , Term 1\multiclass_scsc\data\raw\gtFine\train\tubingen\tubingen_000012_000019_gtFine_labelIds.png","C:\Documents\Year 4 , Term 1\multiclass_scsc\data\raw\gtFine\train\tubingen\tubingen_000012_000019_gtFine_instanceIds.png",1522,34567,1426,2,11,2,True,False,False,3,Tier 3 - All classes present,0.04057043849127016,0.9214180994268959,0.03801146208183393,37515,0.4214180994268959,0.5785819005731041,0.2789403828545502,0.7937005259840998,0.7503,0.19005731040916965,51.870281950368025
train,hamburg,hamburg_000000_073314,"C:\Documents\Year 4 , Term 1\multiclass_scsc\data\raw\leftImg8bit\train\hamburg\hamburg_000000_073314_leftImg8bit.png","C:\Documents\Year 4 , Term 1\multiclass_scsc\data\raw\gtFine\train\hamburg\hamburg_000000_073314_gtFine_labelIds.png","C:\Documents\Year 4 , Term 1\multiclass_scsc\data\raw\gtFine\train\hamburg\hamburg_000000_073314_gtFine_instanceIds.png",52071,15702,1044,54,2,1,True,False,False,3,Tier 3 - All classes present,0.7566589650813026,0.22817036488077075,0.015170670037926675,68817,0.4566589650813026,0.5433410349186973,0.3794705461265387,0.5503212081491045,1.0,0.07585335018963336,51.751842653728794
train,bremen,bremen_000068_000019,"C:\Documents\Year 4 , Term 1\multiclass_scsc\data\raw\leftImg8bit\train\bremen\bremen_000068_000019_leftImg8bit.png","C:\Documents\Year 4 , Term 1\multiclass_scsc\data\raw\gtFine\train\bremen\bremen_000068_000019_gtFine_labelIds.png","C:\Documents\Year 4 , Term 1\multiclass_scsc\data\raw\gtFine\train\bremen\bremen_000068_000019_gtFine_instanceIds.png",2593,290662,1092,5,9,1,True,False,False,3,Tier 3 - All classes present,0.008809330484088508,0.9874807625014014,0.003709907014510085,294347,0.48748076250140143,0.5125192374985985,0.3047953836764073,0.7937005259840998,1.0,0.018549535072550423,51.6428865753604
train,strasbourg,strasbourg_000001_011617,"C:\Documents\Year 4 , Term 1\multiclass_scsc\data\raw\leftImg8bit\train\strasbourg\strasbourg_000001_011617_leftImg8bit.png","C:\Documents\Year 4 , Term 1\multiclass_scsc\data\raw\gtFine\train\strasbourg\strasbourg_000001_011617_gtFine_labelIds.png","C:\Documents\Year 4 , Term 1\multiclass_scsc\data\raw\gtFine\train\strasbourg\strasbourg_000001_011617_gtFine_instanceIds.png",5669,239911,428,11,12,1,True,False,False,3,Tier 3 - All classes present,0.023043966049884557,0.9752162531299795,0.0017397808201359305,246008,0.4752162531299795,0.5247837468700205,0.2895010047463297,0.7937005259840998,1.0,0.008698904100679652,51.625382427455605
train,bremen,bremen_000244_000019,"C:\Documents\Year 4 , Term 1\multiclass_scsc\data\raw\leftImg8bit\train\bremen\bremen_000244_000019_leftImg8bit.png","C:\Documents\Year 4 , Term 1\multiclass_scsc\data\raw\gtFine\train\bremen\bremen_000244_000019_gtFine_labelIds.png","C:\Documents\Year 4 , Term 1\multiclass_scsc\data\raw\gtFine\train\bremen\bremen_000244_000019_gtFine_instanceIds.png",2510,7650,3570,0,3,2,True,False,True,3,Tier 3 - All classes present,0.18281136198106337,0.5571740713765477,0.2600145666423889,13730,0.11718863801893663,0.8828113619810634,0.28376622715066796,0.0,0.2746,1.0,51.571441293762575
train,stuttgart,stuttgart_000111_000019,"C:\Documents\Year 4 , Term 1\multiclass_scsc\data\raw\leftImg8bit\train\stuttgart\stuttgart_000111_000019_leftImg8bit.png","C:\Documents\Year 4 , Term 1\multiclass_scsc\data\raw\gtFine\train\stuttgart\stuttgart_000111_000019_gtFine_labelIds.png","C:\Documents\Year 4 , Term 1\multiclass_scsc\data\raw\gtFine\train\stuttgart\stuttgart_000111_000019_gtFine_instanceIds.png",1430,109043,2648,2,7,1,True,False,False,3,Tier 3 - All classes present,0.012641330964188789,0.9639501065231035,0.02340856251270763,113121,0.46395010652310353,0.5360498934768965,0.33580307811076854,0.6299605249474366,1.0,0.11704281256353814,51.55071001942816
train,hamburg,hamburg_000000_053563,"C:\Documents\Year 4 , Term 1\multiclass_scsc\data\raw\leftImg8bit\train\hamburg\hamburg_000000_053563_leftImg8bit.png","C:\Documents\Year 4 , Term 1\multiclass_scsc\data\raw\gtFine\train\hamburg\hamburg_000000_053563_gtFine_labelIds.png","C:\Documents\Year 4 , Term 1\multiclass_scsc\data\raw\gtFine\train\hamburg\hamburg_000000_053563_gtFine_instanceIds.png",348834,19547,1973,56,6,1,True,False,False,3,Tier 3 - All classes present,0.9418934316896806,0.05277923284209162,0.005327335468227696,370354,0.6418934316896806,0.3581065683103194,0.5046945881751478,0.7937005259840998,1.0,0.02663667734113848,51.5037916541344
val,munster,munster_000083_000019,"C:\Documents\Year 4 , Term 1\multiclass_scsc\data\raw\leftImg8bit\val\munster\munster_000083_000019_leftImg8bit.png","C:\Documents\Year 4 , Term 1\multiclass_scsc\data\raw\gtFine\val\munster\munster_000083_000019_gtFine_labelIds.png","C:\Documents\Year 4 , Term 1\multiclass_scsc\data\raw\gtFine\val\munster\munster_000083_000019_gtFine_instanceIds.png",6446,173900,644,2,6,1,True,False,False,3,Tier 3 - All classes present,0.03561522736062766,0.9608265650035913,0.0035582076357809824,180990,0.4608265650035913,0.5391734349964087,0.3462518130816016,0.6299605249474366,1.0,0.01779103817890491,51.492854857410464
train,hamburg,hamburg_000000_076392,"C:\Documents\Year 4 , Term 1\multiclass_scsc\data\raw\leftImg8bit\train\hamburg\hamburg_000000_076392_leftImg8bit.png","C:\Documents\Year 4 , Term 1\multiclass_scsc\data\raw\gtFine\train\hamburg\hamburg_000000_076392_gtFine_labelIds.png","C:\Documents\Year 4 , Term 1\multiclass_scsc\data\raw\gtFine\train\hamburg\hamburg_000000_076392_gtFine_instanceIds.png",17271,222873,198,18,4,1,True,False,False,3,Tier 3 - All classes present,0.07186009935841425,0.927316074593704,0.0008238260478817685,240342,0.427316074593704,0.572683925406296,0.27053392289952405,0.6933612743506347,1.0,0.004119130239408842,51.444389469694116
train,strasbourg,strasbourg_000000_017761,"C:\Documents\Year 4 , Term 1\multiclass_scsc\data\raw\leftImg8bit\train\strasbourg\strasbourg_000000_017761_leftImg8bit.png","C:\Documents\Year 4 , Term 1\multiclass_scsc\data\raw\gtFine\train\strasbourg\strasbourg_000000_017761_gtFine_labelIds.png","C:\Documents\Year 4 , Term 1\multiclass_scsc\data\raw\gtFine\train\strasbourg\strasbourg_000000_017761_gtFine_instanceIds.png",5353,338540,455,4,10,1,True,False,False,3,Tier 3 - All classes present,0.015545320431656347,0.9831333418518475,0.0013213377164961028,344348,0.48313334185184753,0.5168666581481525,0.2898697393586765,0.7937005259840998,1.0,0.006606688582480514,51.30929983936029
train,dusseldorf,dusseldorf_000153_000019,"C:\Documents\Year 4 , Term 1\multiclass_scsc\data\raw\leftImg8bit\train\dusseldorf\dusseldorf_000153_000019_leftImg8bit.png","C:\Documents\Year 4 , Term 1\multiclass_scsc\data\raw\gtFine\train\dusseldorf\dusseldorf_000153_000019_gtFine_labelIds.png","C:\Documents\Year 4 , Term 1\multiclass_scsc\data\raw\gtFine\train\dusseldorf\dusseldorf_000153_000019_gtFine_instanceIds.png",14638,135454,60,10,13,1,True,False,False,3,Tier 3 - All classes present,0.09748787894933135,0.90211252597368,0.0003995950769886515,150152,0.40211252597367997,0.59788747402632,0.181712059283214,0.7937005259840998,1.0,0.0019979753849432573,51.28235850623544
val,munster,munster_000057_000019,"C:\Documents\Year 4 , Term 1\multiclass_scsc\data\raw\leftImg8bit\val\munster\munster_000057_000019_leftImg8bit.png","C:\Documents\Year 4 , Term 1\multiclass_scsc\data\raw\gtFine\val\munster\munster_000057_000019_gtFine_labelIds.png","C:\Documents\Year 4 , Term 1\multiclass_scsc\data\raw\gtFine\val\munster\munster_000057_000019_gtFine_instanceIds.png",155792,29956,545,25,5,1,True,False,False,3,Tier 3 - All classes present,0.8362740414293612,0.16080045949123156,0.0029254990794071703,186293,0.5362740414293612,0.4637259585706388,0.37895387864690916,0.7469007910928608,1.0,0.014627495397035851,51.19430404561092
train,hamburg,hamburg_000000_004985,"C:\Documents\Year 4 , Term 1\multiclass_scsc\data\raw\leftImg8bit\train\hamburg\hamburg_000000_004985_leftImg8bit.png","C:\Documents\Year 4 , Term 1\multiclass_scsc\data\raw\gtFine\train\hamburg\hamburg_000000_004985_gtFine_labelIds.png","C:\Documents\Year 4 , Term 1\multiclass_scsc\data\raw\gtFine\train\hamburg\hamburg_000000_004985_gtFine_instanceIds.png",2611,175320,1656,2,24,1,True,False,False,3,Tier 3 - All classes present,0.014538914286668857,0.9762399282798866,0.009221157433444514,179587,0.4762399282798866,0.5237600717201134,0.35098541347326645,0.6299605249474366,1.0,0.046105787167222564,51.15990208305019
val,frankfurt,frankfurt_000000_021879,"C:\Documents\Year 4 , Term 1\multiclass_scsc\data\raw\leftImg8bit\val\frankfurt\frankfurt_000000_021879_leftImg8bit.png","C:\Documents\Year 4 , Term 1\multiclass_scsc\data\raw\gtFine\val\frankfurt\frankfurt_000000_021879_gtFine_labelIds.png","C:\Documents\Year 4 , Term 1\multiclass_scsc\data\raw\gtFine\val\frankfurt\frankfurt_000000_021879_gtFine_instanceIds.png",1785,77765,906,4,15,1,True,False,False,3,Tier 3 - All classes present,0.022186039574425772,0.966553147061748,0.011260813363826191,80456,0.466553147061748,0.533446852938252,0.2528844582739699,0.7937005259840998,1.0,0.05630406681913095,51.11143608960633
train,stuttgart,stuttgart_000015_000019,"C:\Documents\Year 4 , Term 1\multiclass_scsc\data\raw\leftImg8bit\train\stuttgart\stuttgart_000015_000019_leftImg8bit.png","C:\Documents\Year 4 , Term 1\multiclass_scsc\data\raw\gtFine\train\stuttgart\stuttgart_000015_000019_gtFine_labelIds.png","C:\Documents\Year 4 , Term 1\multiclass_scsc\data\raw\gtFine\train\stuttgart\stuttgart_000015_000019_gtFine_instanceIds.png",1893,70846,1100,3,7,1,True,False,False,3,Tier 3 - All classes present,0.025636858570674034,0.959465864922331,0.014897276506994949,73839,0.459465864922331,0.540534135077669,0.2751151033310596,0.7211247851537042,1.0,0.07448638253497473,51.06412219301898
train,cologne,cologne_000117_000019,"C:\Documents\Year 4 , Term 1\multiclass_scsc\data\raw\leftImg8bit\train\cologne\cologne_000117_000019_leftImg8bit.png","C:\Documents\Year 4 , Term 1\multiclass_scsc\data\raw\gtFine\train\cologne\cologne_000117_000019_gtFine_labelIds.png","C:\Documents\Year 4 , Term 1\multiclass_scsc\data\raw\gtFine\train\cologne\cologne_000117_000019_gtFine_instanceIds.png",1857,69298,2306,1,12,1,True,False,False,3,Tier 3 - All classes present,0.02527871932045575,0.9433304746736364,0.0313908060059079,73461,0.4433304746736364,0.5566695253263636,0.3498568666433108,0.5,1.0,0.15695403002953948,51.047257162501566
train,krefeld,krefeld_000000_032390,"C:\Documents\Year 4 , Term 1\multiclass_scsc\data\raw\leftImg8bit\train\krefeld\krefeld_000000_032390_leftImg8bit.png","C:\Documents\Year 4 , Term 1\multiclass_scsc\data\raw\gtFine\train\krefeld\krefeld_000000_032390_gtFine_labelIds.png","C:\Documents\Year 4 , Term 1\multiclass_scsc\data\raw\gtFine\train\krefeld\krefeld_000000_032390_gtFine_instanceIds.png",7235,32085,46,4,5,1,True,False,False,3,Tier 3 - All classes present,0.18378804044098968,0.8150434385002286,0.0011685210587816899,39366,0.31504343850022865,0.6849565614997714,0.14930194165481034,0.7469007910928608,0.78732,0.005842605293908449,50.98324560249762
train,aachen,aachen_000114_000019,"C:\Documents\Year 4 , Term 1\multiclass_scsc\data\raw\leftImg8bit\train\aachen\aachen_000114_000019_leftImg8bit.png","C:\Documents\Year 4 , Term 1\multiclass_scsc\data\raw\gtFine\train\aachen\aachen_000114_000019_gtFine_labelIds.png","C:\Documents\Year 4 , Term 1\multiclass_scsc\data\raw\gtFine\train\aachen\aachen_000114_000019_gtFine_instanceIds.png",426247,64990,1001,7,3,1,True,False,False,3,Tier 3 - All classes present,0.8659368029286646,0.13202962794420586,0.0020335691271295593,492238,0.5659368029286646,0.43406319707133545,0.46431355144448844,0.6299605249474366,1.0,0.010167845635647797,50.79218152857785
train,stuttgart,stuttgart_000121_000019,"C:\Documents\Year 4 , Term 1\multiclass_scsc\data\raw\leftImg8bit\train\stuttgart\stuttgart_000121_000019_leftImg8bit.png","C:\Documents\Year 4 , Term 1\multiclass_scsc\data\raw\gtFine\train\stuttgart\stuttgart_000121_000019_gtFine_labelIds.png","C:\Documents\Year 4 , Term 1\multiclass_scsc\data\raw\gtFine\train\stuttgart\stuttgart_000121_000019_gtFine_instanceIds.png",1557,40133,1196,3,6,1,True,False,False,3,Tier 3 - All classes present,0.03630555426013151,0.9358065569183417,0.02788788882152684,42886,0.4358065569183417,0.5641934430816583,0.2650573982704856,0.7211247851537042,0.85772,0.13943944410763418,50.610728669224635
train,hanover,hanover_000000_005599,"C:\Documents\Year 4 , Term 1\multiclass_scsc\data\raw\leftImg8bit\train\hanover\hanover_000000_005599_leftImg8bit.png","C:\Documents\Year 4 , Term 1\multiclass_scsc\data\raw\gtFine\train\hanover\hanover_000000_005599_gtFine_labelIds.png","C:\Documents\Year 4 , Term 1\multiclass_scsc\data\raw\gtFine\train\hanover\hanover_000000_005599_gtFine_instanceIds.png",3297,284397,848,3,15,1,True,False,False,3,Tier 3 - All classes present,0.01142641279259172,0.9856346736350341,0.0029389135723742123,288542,0.48563467363503404,0.5143653263649659,0.3035090181669674,0.7211247851537042,1.0,0.014694567861871061,50.57022821622257
train,zurich,zurich_000111_000019,"C:\Documents\Year 4 , Term 1\multiclass_scsc\data\raw\leftImg8bit\train\zurich\zurich_000111_000019_leftImg8bit.png","C:\Documents\Year 4 , Term 1\multiclass_scsc\data\raw\gtFine\train\zurich\zurich_000111_000019_gtFine_labelIds.png","C:\Documents\Year 4 , Term 1\multiclass_scsc\data\raw\gtFine\train\zurich\zurich_000111_000019_gtFine_instanceIds.png",578,80586,1152,3,11,2,True,False,False,3,Tier 3 - All classes present,0.0070217211720686136,0.9789834297098985,0.013994849118032946,82316,0.4789834297098985,0.5210165702901015,0.18813088817970114,0.9085602964160698,1.0,0.06997424559016473,50.46286513118696
train,hamburg,hamburg_000000_068916,"C:\Documents\Year 4 , Term 1\multiclass_scsc\data\raw\leftImg8bit\train\hamburg\hamburg_000000_068916_leftImg8bit.png","C:\Documents\Year 4 , Term 1\multiclass_scsc\data\raw\gtFine\train\hamburg\hamburg_000000_068916_gtFine_labelIds.png","C:\Documents\Year 4 , Term 1\multiclass_scsc\data\raw\gtFine\train\hamburg\hamburg_000000_068916_gtFine_instanceIds.png",78588,13858,802,82,17,1,True,False,False,3,Tier 3 - All classes present,0.8427848318462594,0.14861444749485245,0.008600720658888126,93248,0.5427848318462594,0.45721516815374064,0.33336337951382194,0.7937005259840998,1.0,0.043003603294440626,50.410034017797976
train,zurich,zurich_000060_000019,"C:\Documents\Year 4 , Term 1\multiclass_scsc\data\raw\leftImg8bit\train\zurich\zurich_000060_000019_leftImg8bit.png","C:\Documents\Year 4 , Term 1\multiclass_scsc\data\raw\gtFine\train\zurich\zurich_000060_000019_gtFine_labelIds.png","C:\Documents\Year 4 , Term 1\multiclass_scsc\data\raw\gtFine\train\zurich\zurich_000060_000019_gtFine_instanceIds.png",67654,930,12799,22,1,3,True,False,False,3,Tier 3 - All classes present,0.8313038349532458,0.011427447992824054,0.15726871705393017,81383,0.5313038349532457,0.46869616504675427,0.31413806523913934,0.5503212081491045,1.0,0.7863435852696508,50.35852460762917
train,strasbourg,strasbourg_000001_051134,"C:\Documents\Year 4 , Term 1\multiclass_scsc\data\raw\leftImg8bit\train\strasbourg\strasbourg_000001_051134_leftImg8bit.png","C:\Documents\Year 4 , Term 1\multiclass_scsc\data\raw\gtFine\train\strasbourg\strasbourg_000001_051134_gtFine_labelIds.png","C:\Documents\Year 4 , Term 1\multiclass_scsc\data\raw\gtFine\train\strasbourg\strasbourg_000001_051134_gtFine_instanceIds.png",93754,1763,5813,43,5,3,True,False,False,3,Tier 3 - All classes present,0.9252343827099576,0.017398598638113095,0.05736701865192934,101330,0.6252343827099576,0.37476561729004243,0.3244719261226783,0.9410360288810286,1.0,0.2868350932596467,50.27449837479572
train,weimar,weimar_000117_000019,"C:\Documents\Year 4 , Term 1\multiclass_scsc\data\raw\leftImg8bit\train\weimar\weimar_000117_000019_leftImg8bit.png","C:\Documents\Year 4 , Term 1\multiclass_scsc\data\raw\gtFine\train\weimar\weimar_000117_000019_gtFine_labelIds.png","C:\Documents\Year 4 , Term 1\multiclass_scsc\data\raw\gtFine\train\weimar\weimar_000117_000019_gtFine_instanceIds.png",1485,40339,2446,1,4,1,True,False,False,3,Tier 3 - All classes present,0.03354416083126271,0.9112039756042467,0.055251863564490626,44270,0.4112039756042467,0.5887960243957533,0.33117761085787717,0.43679023236814946,0.8854,0.2762593178224531,50.27431937620095
train,hamburg,hamburg_000000_060215,"C:\Documents\Year 4 , Term 1\multiclass_scsc\data\raw\leftImg8bit\train\hamburg\hamburg_000000_060215_leftImg8bit.png","C:\Documents\Year 4 , Term 1\multiclass_scsc\data\raw\gtFine\train\hamburg\hamburg_000000_060215_gtFine_labelIds.png","C:\Documents\Year 4 , Term 1\multiclass_scsc\data\raw\gtFine\train\hamburg\hamburg_000000_060215_gtFine_instanceIds.png",12082,168403,67,14,17,1,True,False,False,3,Tier 3 - All classes present,0.06691701005804422,0.932711905711374,0.00037108423058177144,180552,0.43271190571137397,0.567288094288626,0.18852036310209863,0.7937005259840998,1.0,0.0018554211529088571,50.26191966013405
train,krefeld,krefeld_000000_014673,"C:\Documents\Year 4 , Term 1\multiclass_scsc\data\raw\leftImg8bit\train\krefeld\krefeld_000000_014673_leftImg8bit.png","C:\Documents\Year 4 , Term 1\multiclass_scsc\data\raw\gtFine\train\krefeld\krefeld_000000_014673_gtFine_labelIds.png","C:\Documents\Year 4 , Term 1\multiclass_scsc\data\raw\gtFine\train\krefeld\krefeld_000000_014673_gtFine_instanceIds.png",2298,139578,1376,2,6,1,True,False,False,3,Tier 3 - All classes present,0.016041660849412224,0.9743528886158658,0.009605450534722029,143252,0.4743528886158658,0.5256471113841342,0.3162201104925617,0.6299605249474366,1.0,0.04802725267361014,50.202031907721825
train,tubingen,tubingen_000090_000019,"C:\Documents\Year 4 , Term 1\multiclass_scsc\data\raw\leftImg8bit\train\tubingen\tubingen_000090_000019_leftImg8bit.png","C:\Documents\Year 4 , Term 1\multiclass_scsc\data\raw\gtFine\train\tubingen\tubingen_000090_000019_gtFine_labelIds.png","C:\Documents\Year 4 , Term 1\multiclass_scsc\data\raw\gtFine\train\tubingen\tubingen_000090_000019_gtFine_instanceIds.png",321,199811,9995,1,10,1,True,False,False,3,Tier 3 - All classes present,0.0015276475655198998,0.9509058807292733,0.04756647170520685,210127,0.4509058807292733,0.5490941192707267,0.3177575977951838,0.5,1.0,0.23783235852603424,50.18565449731476
train,strasbourg,strasbourg_000001_024379,"C:\Documents\Year 4 , Term 1\multiclass_scsc\data\raw\leftImg8bit\train\strasbourg\strasbourg_000001_024379_leftImg8bit.png","C:\Documents\Year 4 , Term 1\multiclass_scsc\data\raw\gtFine\train\strasbourg\strasbourg_000001_024379_gtFine_labelIds.png","C:\Documents\Year 4 , Term 1\multiclass_scsc\data\raw\gtFine\train\strasbourg\strasbourg_000001_024379_gtFine_instanceIds.png",3346,92568,486,3,10,1,True,False,False,3,Tier 3 - All classes present,0.03470954356846473,0.9602489626556017,0.00504149377593361,96400,0.46024896265560167,0.5397510373443983,0.2533498988859706,0.7211247851537042,1.0,0.02520746887966805,50.133447582058956
train,krefeld,krefeld_000000_017342,"C:\Documents\Year 4 , Term 1\multiclass_scsc\data\raw\leftImg8bit\train\krefeld\krefeld_000000_017342_leftImg8bit.png","C:\Documents\Year 4 , Term 1\multiclass_scsc\data\raw\gtFine\train\krefeld\krefeld_000000_017342_gtFine_labelIds.png","C:\Documents\Year 4 , Term 1\multiclass_scsc\data\raw\gtFine\train\krefeld\krefeld_000000_017342_gtFine_instanceIds.png",8220,238462,246,5,4,1,True,False,False,3,Tier 3 - All classes present,0.03328905591913432,0.9657147022613879,0.0009962418194777425,246928,0.46571470226138795,0.5342852977386121,0.27243881015334415,0.6933612743506347,1.0,0.004981209097388712,49.96990137489127
train,bochum,bochum_000000_014658,"C:\Documents\Year 4 , Term 1\multiclass_scsc\data\raw\leftImg8bit\train\bochum\bochum_000000_014658_leftImg8bit.png","C:\Documents\Year 4 , Term 1\multiclass_scsc\data\raw\gtFine\train\bochum\bochum_000000_014658_gtFine_labelIds.png","C:\Documents\Year 4 , Term 1\multiclass_scsc\data\raw\gtFine\train\bochum\bochum_000000_014658_gtFine_instanceIds.png",965,213206,1557,4,10,1,True,False,False,3,Tier 3 - All classes present,0.004473225543276719,0.9883093525179856,0.00721742193873767,215728,0.4883093525179856,0.5116906474820144,0.24675841688691058,0.7937005259840998,1.0,0.03608710969368835,49.95632184411784
train,zurich,zurich_000115_000019,"C:\Documents\Year 4 , Term 1\multiclass_scsc\data\raw\leftImg8bit\train\zurich\zurich_000115_000019_leftImg8bit.png","C:\Documents\Year 4 , Term 1\multiclass_scsc\data\raw\gtFine\train\zurich\zurich_000115_000019_gtFine_labelIds.png","C:\Documents\Year 4 , Term 1\multiclass_scsc\data\raw\gtFine\train\zurich\zurich_000115_000019_gtFine_instanceIds.png",1764,6753,423,3,12,2,True,False,False,3,Tier 3 - All classes present,0.19731543624161074,0.7553691275167785,0.04731543624161074,8940,0.25536912751677854,0.7446308724832215,0.11886978605638204,0.9085602964160698,0.1788,0.23657718120805368,49.95061883330163
val,frankfurt,frankfurt_000001_055306,"C:\Documents\Year 4 , Term 1\multiclass_scsc\data\raw\leftImg8bit\val\frankfurt\frankfurt_000001_055306_leftImg8bit.png","C:\Documents\Year 4 , Term 1\multiclass_scsc\data\raw\gtFine\val\frankfurt\frankfurt_000001_055306_gtFine_labelIds.png","C:\Documents\Year 4 , Term 1\multiclass_scsc\data\raw\gtFine\val\frankfurt\frankfurt_000001_055306_gtFine_instanceIds.png",183788,4627,9286,27,1,2,True,False,False,3,Tier 3 - All classes present,0.9296260514615505,0.023404029316998903,0.04696991922145057,197701,0.6296260514615506,0.3703739485384494,0.5232014931074714,0.5503212081491045,1.0,0.23484959610725284,49.94006883753495
train,stuttgart,stuttgart_000043_000019,"C:\Documents\Year 4 , Term 1\multiclass_scsc\data\raw\leftImg8bit\train\stuttgart\stuttgart_000043_000019_leftImg8bit.png","C:\Documents\Year 4 , Term 1\multiclass_scsc\data\raw\gtFine\train\stuttgart\stuttgart_000043_000019_gtFine_labelIds.png","C:\Documents\Year 4 , Term 1\multiclass_scsc\data\raw\gtFine\train\stuttgart\stuttgart_000043_000019_gtFine_instanceIds.png",3292,182664,910,2,7,1,True,False,False,3,Tier 3 - All classes present,0.01761690195113076,0.9775132982993161,0.004869799749553156,186866,0.4775132982993161,0.5224867017006839,0.3105754141005535,0.6299605249474366,1.0,0.024348998747765777,49.78788335899434
train,ulm,ulm_000068_000019,"C:\Documents\Year 4 , Term 1\multiclass_scsc\data\raw\leftImg8bit\train\ulm\ulm_000068_000019_leftImg8bit.png","C:\Documents\Year 4 , Term 1\multiclass_scsc\data\raw\gtFine\train\ulm\ulm_000068_000019_gtFine_labelIds.png","C:\Documents\Year 4 , Term 1\multiclass_scsc\data\raw\gtFine\train\ulm\ulm_000068_000019_gtFine_instanceIds.png",7249,6435,802,4,1,1,True,False,False,3,Tier 3 - All classes present,0.5004141930139445,0.44422200745547424,0.05536379953058125,14486,0.20041419301394453,0.7995858069860555,0.2318959985816958,0.43679023236814946,0.28972,0.27681899765290624,49.77346071067987
train,dusseldorf,dusseldorf_000037_000019,"C:\Documents\Year 4 , Term 1\multiclass_scsc\data\raw\leftImg8bit\train\dusseldorf\dusseldorf_000037_000019_leftImg8bit.png","C:\Documents\Year 4 , Term 1\multiclass_scsc\data\raw\gtFine\train\dusseldorf\dusseldorf_000037_000019_gtFine_labelIds.png","C:\Documents\Year 4 , Term 1\multiclass_scsc\data\raw\gtFine\train\dusseldorf\dusseldorf_000037_000019_gtFine_instanceIds.png",100252,15829,2195,14,1,1,True,False,False,3,Tier 3 - All classes present,0.8476106733403226,0.13383103926409415,0.01855828739558321,118276,0.5476106733403227,0.45238932665967735,0.4874412172529731,0.43679023236814946,1.0,0.09279143697791606,49.73462025438811
train,aachen,aachen_000088_000019,"C:\Documents\Year 4 , Term 1\multiclass_scsc\data\raw\leftImg8bit\train\aachen\aachen_000088_000019_leftImg8bit.png","C:\Documents\Year 4 , Term 1\multiclass_scsc\data\raw\gtFine\train\aachen\aachen_000088_000019_gtFine_labelIds.png","C:\Documents\Year 4 , Term 1\multiclass_scsc\data\raw\gtFine\train\aachen\aachen_000088_000019_gtFine_instanceIds.png",1482,117651,763,4,7,1,True,False,False,3,Tier 3 - All classes present,0.012360712617601922,0.9812754387135517,0.006363848668846333,119896,0.4812754387135517,0.5187245612864483,0.22445239672361703,0.7937005259840998,1.0,0.03181924334423167,49.547158459649104
val,munster,munster_000072_000019,"C:\Documents\Year 4 , Term 1\multiclass_scsc\data\raw\leftImg8bit\val\munster\munster_000072_000019_leftImg8bit.png","C:\Documents\Year 4 , Term 1\multiclass_scsc\data\raw\gtFine\val\munster\munster_000072_000019_gtFine_labelIds.png","C:\Documents\Year 4 , Term 1\multiclass_scsc\data\raw\gtFine\val\munster\munster_000072_000019_gtFine_instanceIds.png",2075,227451,629,4,25,1,True,False,False,3,Tier 3 - All classes present,0.009015663357302688,0.9882513957984836,0.002732940844213682,230155,0.48825139579848365,0.5117486042015164,0.23544505970577037,0.7937005259840998,1.0,0.01366470422106841,49.5071273701006
val,frankfurt,frankfurt_000001_075984,"C:\Documents\Year 4 , Term 1\multiclass_scsc\data\raw\leftImg8bit\val\frankfurt\frankfurt_000001_075984_leftImg8bit.png","C:\Documents\Year 4 , Term 1\multiclass_scsc\data\raw\gtFine\val\frankfurt\frankfurt_000001_075984_gtFine_labelIds.png","C:\Documents\Year 4 , Term 1\multiclass_scsc\data\raw\gtFine\val\frankfurt\frankfurt_000001_075984_gtFine_instanceIds.png",5663,345756,216,7,11,1,True,False,False,3,Tier 3 - All classes present,0.01610476772789967,0.9832809589489101,0.0006142733231902399,351635,0.4832809589489101,0.5167190410510899,0.2304093529189311,0.7937005259840998,1.0,0.003071366615951199,49.501906952452785
train,aachen,aachen_000016_000019,"C:\Documents\Year 4 , Term 1\multiclass_scsc\data\raw\leftImg8bit\train\aachen\aachen_000016_000019_leftImg8bit.png","C:\Documents\Year 4 , Term 1\multiclass_scsc\data\raw\gtFine\train\aachen\aachen_000016_000019_gtFine_labelIds.png","C:\Documents\Year 4 , Term 1\multiclass_scsc\data\raw\gtFine\train\aachen\aachen_000016_000019_gtFine_instanceIds.png",61341,10714,867,42,5,1,True,False,False,3,Tier 3 - All classes present,0.8411864732179589,0.14692411069361783,0.011889416088423246,72922,0.541186473217959,0.458813526782041,0.31401459085375905,0.7469007910928608,1.0,0.059447080442116225,49.273726065497904
train,hanover,hanover_000000_048274,"C:\Documents\Year 4 , Term 1\multiclass_scsc\data\raw\leftImg8bit\train\hanover\hanover_000000_048274_leftImg8bit.png","C:\Documents\Year 4 , Term 1\multiclass_scsc\data\raw\gtFine\train\hanover\hanover_000000_048274_gtFine_labelIds.png","C:\Documents\Year 4 , Term 1\multiclass_scsc\data\raw\gtFine\train\hanover\hanover_000000_048274_gtFine_instanceIds.png",2122,126331,473,11,6,1,True,False,False,3,Tier 3 - All classes present,0.016459054030994524,0.979872174735895,0.0036687712331104666,128926,0.47987217473589505,0.520127825264105,0.21570928539997403,0.7937005259840998,1.0,0.01834385616555233,49.27361874315268
train,strasbourg,strasbourg_000001_036480,"C:\Documents\Year 4 , Term 1\multiclass_scsc\data\raw\leftImg8bit\train\strasbourg\strasbourg_000001_036480_leftImg8bit.png","C:\Documents\Year 4 , Term 1\multiclass_scsc\data\raw\gtFine\train\strasbourg\strasbourg_000001_036480_gtFine_labelIds.png","C:\Documents\Year 4 , Term 1\multiclass_scsc\data\raw\gtFine\train\strasbourg\strasbourg_000001_036480_gtFine_instanceIds.png",14267,3408,1573,5,4,2,True,False,False,3,Tier 3 - All classes present,0.7412198669991688,0.1770573566084788,0.08172277639235245,19248,0.44121986699916876,0.5587801330008313,0.26143818389753126,0.8735804647362989,0.38496,0.40861388196176224,49.19072721781249
val,frankfurt,frankfurt_000001_032942,"C:\Documents\Year 4 , Term 1\multiclass_scsc\data\raw\leftImg8bit\val\frankfurt\frankfurt_000001_032942_leftImg8bit.png","C:\Documents\Year 4 , Term 1\multiclass_scsc\data\raw\gtFine\val\frankfurt\frankfurt_000001_032942_gtFine_labelIds.png","C:\Documents\Year 4 , Term 1\multiclass_scsc\data\raw\gtFine\val\frankfurt\frankfurt_000001_032942_gtFine_instanceIds.png",6458,286138,132,11,16,1,True,False,False,3,Tier 3 - All classes present,0.022061435872209014,0.9774876335710967,0.0004509305566942691,292728,0.4774876335710967,0.5225123664289033,0.20427912578971716,0.7937005259840998,1.0,0.0022546527834713453,48.94564958452649
train,strasbourg,strasbourg_000001_064393,"C:\Documents\Year 4 , Term 1\multiclass_scsc\data\raw\leftImg8bit\train\strasbourg\strasbourg_000001_064393_leftImg8bit.png","C:\Documents\Year 4 , Term 1\multiclass_scsc\data\raw\gtFine\train\strasbourg\strasbourg_000001_064393_gtFine_labelIds.png","C:\Documents\Year 4 , Term 1\multiclass_scsc\data\raw\gtFine\train\strasbourg\strasbourg_000001_064393_gtFine_instanceIds.png",791,47687,1719,2,5,1,True,False,False,3,Tier 3 - All classes present,0.01575791381955097,0.949997011773612,0.034245074406837064,50197,0.44999701177361195,0.550002988226388,0.2386807827271154,0.5928155507483438,1.0,0.1712253720341853,48.90890313226507
train,aachen,aachen_000126_000019,"C:\Documents\Year 4 , Term 1\multiclass_scsc\data\raw\leftImg8bit\train\aachen\aachen_000126_000019_leftImg8bit.png","C:\Documents\Year 4 , Term 1\multiclass_scsc\data\raw\gtFine\train\aachen\aachen_000126_000019_gtFine_labelIds.png","C:\Documents\Year 4 , Term 1\multiclass_scsc\data\raw\gtFine\train\aachen\aachen_000126_000019_gtFine_instanceIds.png",2830,39178,892,1,11,1,True,False,False,3,Tier 3 - All classes present,0.06596736596736597,0.9132400932400933,0.02079254079254079,42900,0.41324009324009325,0.5867599067599067,0.29334842667974675,0.5,0.858,0.10396270396270395,48.8706625906022
train,ulm,ulm_000000_000019,"C:\Documents\Year 4 , Term 1\multiclass_scsc\data\raw\leftImg8bit\train\ulm\ulm_000000_000019_leftImg8bit.png","C:\Documents\Year 4 , Term 1\multiclass_scsc\data\raw\gtFine\train\ulm\ulm_000000_000019_gtFine_labelIds.png","C:\Documents\Year 4 , Term 1\multiclass_scsc\data\raw\gtFine\train\ulm\ulm_000000_000019_gtFine_instanceIds.png",5465,2501,3142,2,1,1,True,False,False,3,Tier 3 - All classes present,0.49198775657184013,0.22515304285199855,0.2828592005761613,11108,0.27484695714800145,0.7251530428519986,0.24280796438318353,0.3466806371753174,0.22216,1.0,48.712170203205204
val,frankfurt,frankfurt_000001_077434,"C:\Documents\Year 4 , Term 1\multiclass_scsc\data\raw\leftImg8bit\val\frankfurt\frankfurt_000001_077434_leftImg8bit.png","C:\Documents\Year 4 , Term 1\multiclass_scsc\data\raw\gtFine\val\frankfurt\frankfurt_000001_077434_gtFine_labelIds.png","C:\Documents\Year 4 , Term 1\multiclass_scsc\data\raw\gtFine\val\frankfurt\frankfurt_000001_077434_gtFine_instanceIds.png",101770,15176,588,11,6,1,True,False,False,3,Tier 3 - All classes present,0.8658771079006926,0.12912008440110948,0.005002807698197968,117534,0.5658771079006926,0.43412289209930743,0.3098402229010338,0.7937005259840998,1.0,0.025014038490989838,48.69070045321976
train,krefeld,krefeld_000000_025434,"C:\Documents\Year 4 , Term 1\multiclass_scsc\data\raw\leftImg8bit\train\krefeld\krefeld_000000_025434_leftImg8bit.png","C:\Documents\Year 4 , Term 1\multiclass_scsc\data\raw\gtFine\train\krefeld\krefeld_000000_025434_gtFine_labelIds.png","C:\Documents\Year 4 , Term 1\multiclass_scsc\data\raw\gtFine\train\krefeld\krefeld_000000_025434_gtFine_instanceIds.png",470,275449,6817,1,11,1,True,False,False,3,Tier 3 - All classes present,0.0016623281081998755,0.9742268405862713,0.024110831305528834,282736,0.4742268405862713,0.5257731594137287,0.3176121083011972,0.5,1.0,0.12055415652764416,48.66206040822329
train,aachen,aachen_000017_000019,"C:\Documents\Year 4 , Term 1\multiclass_scsc\data\raw\leftImg8bit\train\aachen\aachen_000017_000019_leftImg8bit.png","C:\Documents\Year 4 , Term 1\multiclass_scsc\data\raw\gtFine\train\aachen\aachen_000017_000019_gtFine_labelIds.png","C:\Documents\Year 4 , Term 1\multiclass_scsc\data\raw\gtFine\train\aachen\aachen_000017_000019_gtFine_instanceIds.png",124847,15738,2175,18,1,1,True,False,False,3,Tier 3 - All classes present,0.8745236760997478,0.11024096385542169,0.015235360044830485,142760,0.5745236760997479,0.42547632390025214,0.4850232036229195,0.43679023236814946,1.0,0.07617680022415242,48.502486551340674
train,dusseldorf,dusseldorf_000198_000019,"C:\Documents\Year 4 , Term 1\multiclass_scsc\data\raw\leftImg8bit\train\dusseldorf\dusseldorf_000198_000019_leftImg8bit.png","C:\Documents\Year 4 , Term 1\multiclass_scsc\data\raw\gtFine\train\dusseldorf\dusseldorf_000198_000019_gtFine_labelIds.png","C:\Documents\Year 4 , Term 1\multiclass_scsc\data\raw\gtFine\train\dusseldorf\dusseldorf_000198_000019_gtFine_instanceIds.png",662,112042,3680,1,7,1,True,False,False,3,Tier 3 - All classes present,0.005688067088259555,0.9626924663183943,0.03161946659334616,116384,0.4626924663183943,0.5373075336816058,0.28989135843313896,0.5,1.0,0.1580973329667308,48.47952876509206
val,frankfurt,frankfurt_000001_029236,"C:\Documents\Year 4 , Term 1\multiclass_scsc\data\raw\leftImg8bit\val\frankfurt\frankfurt_000001_029236_leftImg8bit.png","C:\Documents\Year 4 , Term 1\multiclass_scsc\data\raw\gtFine\val\frankfurt\frankfurt_000001_029236_gtFine_labelIds.png","C:\Documents\Year 4 , Term 1\multiclass_scsc\data\raw\gtFine\val\frankfurt\frankfurt_000001_029236_gtFine_instanceIds.png",9108,424151,220,2,15,1,True,False,False,3,Tier 3 - All classes present,0.021011398476050745,0.9784810798216292,0.0005075217023200663,433479,0.4784810798216292,0.5215189201783708,0.2716117586764647,0.6299605249474366,1.0,0.0025376085116003313,48.471205484198315
train,dusseldorf,dusseldorf_000041_000019,"C:\Documents\Year 4 , Term 1\multiclass_scsc\data\raw\leftImg8bit\train\dusseldorf\dusseldorf_000041_000019_leftImg8bit.png","C:\Documents\Year 4 , Term 1\multiclass_scsc\data\raw\gtFine\train\dusseldorf\dusseldorf_000041_000019_gtFine_labelIds.png","C:\Documents\Year 4 , Term 1\multiclass_scsc\data\raw\gtFine\train\dusseldorf\dusseldorf_000041_000019_gtFine_instanceIds.png",27444,803,8858,9,1,1,True,False,False,3,Tier 3 - All classes present,0.7396307775232448,0.02164128823608678,0.23872793424066838,37105,0.4783587117639132,0.5216412882360868,0.2872830406835977,0.43679023236814946,0.7421,1.0,48.456996235473646
train,hamburg,hamburg_000000_054850,"C:\Documents\Year 4 , Term 1\multiclass_scsc\data\raw\leftImg8bit\train\hamburg\hamburg_000000_054850_leftImg8bit.png","C:\Documents\Year 4 , Term 1\multiclass_scsc\data\raw\gtFine\train\hamburg\hamburg_000000_054850_gtFine_labelIds.png","C:\Documents\Year 4 , Term 1\multiclass_scsc\data\raw\gtFine\train\hamburg\hamburg_000000_054850_gtFine_instanceIds.png",145457,26561,992,24,1,1,True,False,False,3,Tier 3 - All classes present,0.8407433096352812,0.15352291775041904,0.0057337726142997515,173010,0.5407433096352812,0.45925669036471883,0.4445066675845216,0.43679023236814946,1.0,0.028668863071498758,48.400665443004144
val,munster,munster_000096_000019,"C:\Documents\Year 4 , Term 1\multiclass_scsc\data\raw\leftImg8bit\val\munster\munster_000096_000019_leftImg8bit.png","C:\Documents\Year 4 , Term 1\multiclass_scsc\data\raw\gtFine\val\munster\munster_000096_000019_gtFine_labelIds.png","C:\Documents\Year 4 , Term 1\multiclass_scsc\data\raw\gtFine\val\munster\munster_000096_000019_gtFine_instanceIds.png",2142,264313,610,3,15,1,True,False,False,3,Tier 3 - All classes present,0.0080205193492221,0.989695392507442,0.002284088143335892,267065,0.48969539250744204,0.5103046074925579,0.23553191718543873,0.7211247851537042,1.0,0.01142044071667946,48.35211579615443
train,aachen,aachen_000075_000019,"C:\Documents\Year 4 , Term 1\multiclass_scsc\data\raw\leftImg8bit\train\aachen\aachen_000075_000019_leftImg8bit.png","C:\Documents\Year 4 , Term 1\multiclass_scsc\data\raw\gtFine\train\aachen\aachen_000075_000019_gtFine_labelIds.png","C:\Documents\Year 4 , Term 1\multiclass_scsc\data\raw\gtFine\train\aachen\aachen_000075_000019_gtFine_instanceIds.png",1966,35050,1311,1,10,1,True,False,False,3,Tier 3 - All classes present,0.051295431419104025,0.9144989172124091,0.03420565136848697,38327,0.41449891721240906,0.5855010827875909,0.2953897367192661,0.5,0.76654,0.17102825684243483,48.30227669729379
train,tubingen,tubingen_000033_000019,"C:\Documents\Year 4 , Term 1\multiclass_scsc\data\raw\leftImg8bit\train\tubingen\tubingen_000033_000019_leftImg8bit.png","C:\Documents\Year 4 , Term 1\multiclass_scsc\data\raw\gtFine\train\tubingen\tubingen_000033_000019_gtFine_labelIds.png","C:\Documents\Year 4 , Term 1\multiclass_scsc\data\raw\gtFine\train\tubingen\tubingen_000033_000019_gtFine_instanceIds.png",1295,87451,2125,1,5,1,True,False,False,3,Tier 3 - All classes present,0.014250971156914748,0.9623642306126267,0.023384798230458564,90871,0.46236423061262666,0.5376357693873733,0.30190912137685955,0.4705180144405143,1.0,0.11692399115229281,48.2050945891699
train,dusseldorf,dusseldorf_000197_000019,"C:\Documents\Year 4 , Term 1\multiclass_scsc\data\raw\leftImg8bit\train\dusseldorf\dusseldorf_000197_000019_leftImg8bit.png","C:\Documents\Year 4 , Term 1\multiclass_scsc\data\raw\gtFine\train\dusseldorf\dusseldorf_000197_000019_gtFine_labelIds.png","C:\Documents\Year 4 , Term 1\multiclass_scsc\data\raw\gtFine\train\dusseldorf\dusseldorf_000197_000019_gtFine_instanceIds.png",3389,309082,580,2,14,1,True,False,False,3,Tier 3 - All classes present,0.010825712104417492,0.9873215546348678,0.001852733260714708,313051,0.48732155463486776,0.5126784453651323,0.2698774020454199,0.6299605249474366,1.0,0.00926366630357354,48.0991860816973
train,stuttgart,stuttgart_000083_000019,"C:\Documents\Year 4 , Term 1\multiclass_scsc\data\raw\leftImg8bit\train\stuttgart\stuttgart_000083_000019_leftImg8bit.png","C:\Documents\Year 4 , Term 1\multiclass_scsc\data\raw\gtFine\train\stuttgart\stuttgart_000083_000019_gtFine_labelIds.png","C:\Documents\Year 4 , Term 1\multiclass_scsc\data\raw\gtFine\train\stuttgart\stuttgart_000083_000019_gtFine_instanceIds.png",628,265325,4774,1,10,1,True,False,False,3,Tier 3 - All classes present,0.0023196799728139417,0.9800463197242979,0.01763400030288815,270727,0.4800463197242979,0.5199536802757021,0.31065667250560336,0.5,1.0,0.08817000151444074,48.05869739376839
train,dusseldorf,dusseldorf_000124_000019,"C:\Documents\Year 4 , Term 1\multiclass_scsc\data\raw\leftImg8bit\train\dusseldorf\dusseldorf_000124_000019_leftImg8bit.png","C:\Documents\Year 4 , Term 1\multiclass_scsc\data\raw\gtFine\train\dusseldorf\dusseldorf_000124_000019_gtFine_labelIds.png","C:\Documents\Year 4 , Term 1\multiclass_scsc\data\raw\gtFine\train\dusseldorf\dusseldorf_000124_000019_gtFine_instanceIds.png",1176,74752,1076,2,23,1,True,False,False,3,Tier 3 - All classes present,0.015271933925510362,0.9707547659861825,0.0139733000883071,77004,0.4707547659861825,0.5292452340138175,0.23302715396354634,0.6299605249474366,1.0,0.0698665004415355,47.95936435587832
train,darmstadt,darmstadt_000043_000019,"C:\Documents\Year 4 , Term 1\multiclass_scsc\data\raw\leftImg8bit\train\darmstadt\darmstadt_000043_000019_leftImg8bit.png","C:\Documents\Year 4 , Term 1\multiclass_scsc\data\raw\gtFine\train\darmstadt\darmstadt_000043_000019_gtFine_labelIds.png","C:\Documents\Year 4 , Term 1\multiclass_scsc\data\raw\gtFine\train\darmstadt\darmstadt_000043_000019_gtFine_instanceIds.png",2820,167388,184,4,9,1,True,False,False,3,Tier 3 - All classes present,0.01655007277336964,0.9823700643222687,0.001079862904361707,170392,0.48237006432226864,0.5176299356777314,0.17312334860949607,0.7937005259840998,1.0,0.005399314521808535,47.83140234776468
train,zurich,zurich_000051_000019,"C:\Documents\Year 4 , Term 1\multiclass_scsc\data\raw\leftImg8bit\train\zurich\zurich_000051_000019_leftImg8bit.png","C:\Documents\Year 4 , Term 1\multiclass_scsc\data\raw\gtFine\train\zurich\zurich_000051_000019_gtFine_labelIds.png","C:\Documents\Year 4 , Term 1\multiclass_scsc\data\raw\gtFine\train\zurich\zurich_000051_000019_gtFine_instanceIds.png",18294,3976,1548,15,6,1,True,False,False,3,Tier 3 - All classes present,0.7680745654546981,0.16693257200436645,0.06499286254093543,23818,0.4680745654546981,0.531925434545302,0.27375707952751094,0.7937005259840998,0.47636,0.3249643127046771,47.78365922092229
train,krefeld,krefeld_000000_002083,"C:\Documents\Year 4 , Term 1\multiclass_scsc\data\raw\leftImg8bit\train\krefeld\krefeld_000000_002083_leftImg8bit.png","C:\Documents\Year 4 , Term 1\multiclass_scsc\data\raw\gtFine\train\krefeld\krefeld_000000_002083_gtFine_labelIds.png","C:\Documents\Year 4 , Term 1\multiclass_scsc\data\raw\gtFine\train\krefeld\krefeld_000000_002083_gtFine_instanceIds.png",1916,230900,1582,1,25,1,True,False,False,3,Tier 3 - All classes present,0.008174131178593674,0.9850766644766593,0.006749204344746969,234398,0.48507666447665937,0.5149233355233407,0.31179369442649596,0.5,1.0,0.033746021723734844,47.619474362347184
train,strasbourg,strasbourg_000001_031582,"C:\Documents\Year 4 , Term 1\multiclass_scsc\data\raw\leftImg8bit\train\strasbourg\strasbourg_000001_031582_leftImg8bit.png","C:\Documents\Year 4 , Term 1\multiclass_scsc\data\raw\gtFine\train\strasbourg\strasbourg_000001_031582_gtFine_labelIds.png","C:\Documents\Year 4 , Term 1\multiclass_scsc\data\raw\gtFine\train\strasbourg\strasbourg_000001_031582_gtFine_instanceIds.png",569,5112,1068,2,3,2,True,False,False,3,Tier 3 - All classes present,0.08430878648688694,0.7574455474885168,0.15824566602459625,6749,0.2574455474885168,0.7425544525114832,0.10116983379132255,0.6299605249474366,0.13498,0.7912283301229812,47.49262263902546
train,hanover,hanover_000000_051536,"C:\Documents\Year 4 , Term 1\multiclass_scsc\data\raw\leftImg8bit\train\hanover\hanover_000000_051536_leftImg8bit.png","C:\Documents\Year 4 , Term 1\multiclass_scsc\data\raw\gtFine\train\hanover\hanover_000000_051536_gtFine_labelIds.png","C:\Documents\Year 4 , Term 1\multiclass_scsc\data\raw\gtFine\train\hanover\hanover_000000_051536_gtFine_instanceIds.png",802,75587,786,3,18,1,True,False,False,3,Tier 3 - All classes present,0.010391966310333657,0.9794233884029803,0.010184645286686103,77175,0.47942338840298027,0.5205766115970197,0.18472781986500406,0.7211247851537042,1.0,0.05092322643343051,47.436386969303626
train,krefeld,krefeld_000000_005252,"C:\Documents\Year 4 , Term 1\multiclass_scsc\data\raw\leftImg8bit\train\krefeld\krefeld_000000_005252_leftImg8bit.png","C:\Documents\Year 4 , Term 1\multiclass_scsc\data\raw\gtFine\train\krefeld\krefeld_000000_005252_gtFine_labelIds.png","C:\Documents\Year 4 , Term 1\multiclass_scsc\data\raw\gtFine\train\krefeld\krefeld_000000_005252_gtFine_instanceIds.png",501,4719,4347,1,3,1,True,False,False,3,Tier 3 - All classes present,0.05236751332706178,0.4932580746315459,0.4543744120413923,9567,0.25437441204139233,0.7456255879586077,0.1507481633399162,0.3968502629920499,0.19134,1.0,47.213622363422544
train,bochum,bochum_000000_034936,"C:\Documents\Year 4 , Term 1\multiclass_scsc\data\raw\leftImg8bit\train\bochum\bochum_000000_034936_leftImg8bit.png","C:\Documents\Year 4 , Term 1\multiclass_scsc\data\raw\gtFine\train\bochum\bochum_000000_034936_gtFine_labelIds.png","C:\Documents\Year 4 , Term 1\multiclass_scsc\data\raw\gtFine\train\bochum\bochum_000000_034936_gtFine_instanceIds.png",1360,153525,280,4,13,1,True,False,False,3,Tier 3 - All classes present,0.008764863210131152,0.9894306061289595,0.0018045306609093545,155165,0.4894306061289595,0.5105693938710405,0.1561585064355942,0.7937005259840998,1.0,0.009022653304546772,47.058152104193674
train,dusseldorf,dusseldorf_000145_000019,"C:\Documents\Year 4 , Term 1\multiclass_scsc\data\raw\leftImg8bit\train\dusseldorf\dusseldorf_000145_000019_leftImg8bit.png","C:\Documents\Year 4 , Term 1\multiclass_scsc\data\raw\gtFine\train\dusseldorf\dusseldorf_000145_000019_gtFine_labelIds.png","C:\Documents\Year 4 , Term 1\multiclass_scsc\data\raw\gtFine\train\dusseldorf\dusseldorf_000145_000019_gtFine_instanceIds.png",1657,96816,328,3,9,1,True,False,False,3,Tier 3 - All classes present,0.016771085312901692,0.9799091102316778,0.0033198044554204917,98801,0.4799091102316778,0.5200908897683222,0.17581885632601266,0.7211247851537042,1.0,0.016599022277102457,46.97806816920434
train,bremen,bremen_000051_000019,"C:\Documents\Year 4 , Term 1\multiclass_scsc\data\raw\leftImg8bit\train\bremen\bremen_000051_000019_leftImg8bit.png","C:\Documents\Year 4 , Term 1\multiclass_scsc\data\raw\gtFine\train\bremen\bremen_000051_000019_gtFine_labelIds.png","C:\Documents\Year 4 , Term 1\multiclass_scsc\data\raw\gtFine\train\bremen\bremen_000051_000019_gtFine_instanceIds.png",3507,138721,137,3,8,1,True,False,False,3,Tier 3 - All classes present,0.024633863660309768,0.9744038211639097,0.0009623151757805641,142365,0.47440382116390967,0.5255961788360903,0.16874028476304673,0.7211247851537042,1.0,0.0048115758789028205,46.926985353035086
train,bochum,bochum_000000_037039,"C:\Documents\Year 4 , Term 1\multiclass_scsc\data\raw\leftImg8bit\train\bochum\bochum_000000_037039_leftImg8bit.png","C:\Documents\Year 4 , Term 1\multiclass_scsc\data\raw\gtFine\train\bochum\bochum_000000_037039_gtFine_labelIds.png","C:\Documents\Year 4 , Term 1\multiclass_scsc\data\raw\gtFine\train\bochum\bochum_000000_037039_gtFine_instanceIds.png",921,124500,368,5,10,1,True,False,False,3,Tier 3 - All classes present,0.007321784893750646,0.9897526810770417,0.0029255340292076415,125789,0.48975268107704173,0.5102473189229583,0.15021125788325373,0.7937005259840998,1.0,0.014627670146038206,46.89487673390762
val,lindau,lindau_000057_000019,"C:\Documents\Year 4 , Term 1\multiclass_scsc\data\raw\leftImg8bit\val\lindau\lindau_000057_000019_leftImg8bit.png","C:\Documents\Year 4 , Term 1\multiclass_scsc\data\raw\gtFine\val\lindau\lindau_000057_000019_gtFine_labelIds.png","C:\Documents\Year 4 , Term 1\multiclass_scsc\data\raw\gtFine\val\lindau\lindau_000057_000019_gtFine_instanceIds.png",796,90767,2056,1,11,1,True,False,False,3,Tier 3 - All classes present,0.008502547559790213,0.9695360984415556,0.02196135399865412,93619,0.46953609844155564,0.5304639015584444,0.25388988137949786,0.5,1.0,0.1098067699932706,46.88428635368906
train,tubingen,tubingen_000076_000019,"C:\Documents\Year 4 , Term 1\multiclass_scsc\data\raw\leftImg8bit\train\tubingen\tubingen_000076_000019_leftImg8bit.png","C:\Documents\Year 4 , Term 1\multiclass_scsc\data\raw\gtFine\train\tubingen\tubingen_000076_000019_gtFine_labelIds.png","C:\Documents\Year 4 , Term 1\multiclass_scsc\data\raw\gtFine\train\tubingen\tubingen_000076_000019_gtFine_instanceIds.png",303,402612,3749,1,15,2,True,False,False,3,Tier 3 - All classes present,0.0007450868530285444,0.9900360002360671,0.009218912910904334,406664,0.49003600023606714,0.5099639997639329,0.22479467688750007,0.6299605249474366,1.0,0.04609456455452167,46.822280994166476
train,tubingen,tubingen_000106_000019,"C:\Documents\Year 4 , Term 1\multiclass_scsc\data\raw\leftImg8bit\train\tubingen\tubingen_000106_000019_leftImg8bit.png","C:\Documents\Year 4 , Term 1\multiclass_scsc\data\raw\gtFine\train\tubingen\tubingen_000106_000019_gtFine_labelIds.png","C:\Documents\Year 4 , Term 1\multiclass_scsc\data\raw\gtFine\train\tubingen\tubingen_000106_000019_gtFine_instanceIds.png",460,197566,3848,1,19,1,True,False,False,3,Tier 3 - All classes present,0.0022786490583235086,0.9786599562103094,0.01906139473136709,201874,0.4786599562103094,0.5213400437896907,0.26061393380237985,0.5,1.0,0.09530697365683545,46.6485546339432
train,zurich,zurich_000121_000019,"C:\Documents\Year 4 , Term 1\multiclass_scsc\data\raw\leftImg8bit\train\zurich\zurich_000121_000019_leftImg8bit.png","C:\Documents\Year 4 , Term 1\multiclass_scsc\data\raw\gtFine\train\zurich\zurich_000121_000019_gtFine_labelIds.png","C:\Documents\Year 4 , Term 1\multiclass_scsc\data\raw\gtFine\train\zurich\zurich_000121_000019_gtFine_instanceIds.png",4551,84881,43,3,14,1,True,False,False,3,Tier 3 - All classes present,0.05086336965632858,0.9486560491757474,0.0004805811679240011,89475,0.4486560491757474,0.5513439508242526,0.12508112067743074,0.7211247851537042,1.0,0.0024029058396200054,46.63507795979669
train,bremen,bremen_000177_000019,"C:\Documents\Year 4 , Term 1\multiclass_scsc\data\raw\leftImg8bit\train\bremen\bremen_000177_000019_leftImg8bit.png","C:\Documents\Year 4 , Term 1\multiclass_scsc\data\raw\gtFine\train\bremen\bremen_000177_000019_gtFine_labelIds.png","C:\Documents\Year 4 , Term 1\multiclass_scsc\data\raw\gtFine\train\bremen\bremen_000177_000019_gtFine_instanceIds.png",1321,111657,684,2,14,1,True,False,False,3,Tier 3 - All classes present,0.011622178036634935,0.9823599795886048,0.006017842374760254,113662,0.48235997958860477,0.5176400204113952,0.20828259173128338,0.6299605249474366,1.0,0.03008921187380127,46.55393250197486
train,cologne,cologne_000111_000019,"C:\Documents\Year 4 , Term 1\multiclass_scsc\data\raw\leftImg8bit\train\cologne\cologne_000111_000019_leftImg8bit.png","C:\Documents\Year 4 , Term 1\multiclass_scsc\data\raw\gtFine\train\cologne\cologne_000111_000019_gtFine_labelIds.png","C:\Documents\Year 4 , Term 1\multiclass_scsc\data\raw\gtFine\train\cologne\cologne_000111_000019_gtFine_instanceIds.png",1046,198339,983,2,12,1,True,False,False,3,Tier 3 - All classes present,0.005220394474167531,0.9898736325161702,0.004905973009662222,200368,0.4898736325161702,0.5101263674838298,0.21745116268181197,0.6299605249474366,1.0,0.024529865048311107,46.50064677926065
train,bremen,bremen_000309_000019,"C:\Documents\Year 4 , Term 1\multiclass_scsc\data\raw\leftImg8bit\train\bremen\bremen_000309_000019_leftImg8bit.png","C:\Documents\Year 4 , Term 1\multiclass_scsc\data\raw\gtFine\train\bremen\bremen_000309_000019_gtFine_labelIds.png","C:\Documents\Year 4 , Term 1\multiclass_scsc\data\raw\gtFine\train\bremen\bremen_000309_000019_gtFine_instanceIds.png",857,156467,1106,2,8,1,True,False,False,3,Tier 3 - All classes present,0.005409329041216941,0.9876096698857539,0.006981001073029098,158430,0.487609669885754,0.5123903301142461,0.2116306908360132,0.6299605249474366,1.0,0.034905005365145486,46.46846683068751
train,bremen,bremen_000268_000019,"C:\Documents\Year 4 , Term 1\multiclass_scsc\data\raw\leftImg8bit\train\bremen\bremen_000268_000019_leftImg8bit.png","C:\Documents\Year 4 , Term 1\multiclass_scsc\data\raw\gtFine\train\bremen\bremen_000268_000019_gtFine_labelIds.png","C:\Documents\Year 4 , Term 1\multiclass_scsc\data\raw\gtFine\train\bremen\bremen_000268_000019_gtFine_instanceIds.png",3243,295384,148,3,14,1,True,False,False,3,Tier 3 - All classes present,0.010854321814074136,0.9886503221487741,0.0004953560371517028,298775,0.48865032214877413,0.5113496778512259,0.16868231579158988,0.7211247851537042,1.0,0.0024767801857585136,46.343712266031076
train,tubingen,tubingen_000051_000019,"C:\Documents\Year 4 , Term 1\multiclass_scsc\data\raw\leftImg8bit\train\tubingen\tubingen_000051_000019_leftImg8bit.png","C:\Documents\Year 4 , Term 1\multiclass_scsc\data\raw\gtFine\train\tubingen\tubingen_000051_000019_gtFine_labelIds.png","C:\Documents\Year 4 , Term 1\multiclass_scsc\data\raw\gtFine\train\tubingen\tubingen_000051_000019_gtFine_instanceIds.png",3314,197814,255,2,13,1,True,False,False,3,Tier 3 - All classes present,0.01645620534007339,0.982277550736656,0.001266243923270584,201383,0.482277550736656,0.517722449263344,0.2036874298191879,0.6299605249474366,1.0,0.006331219616352919,46.30058483740272
train,hamburg,hamburg_000000_083696,"C:\Documents\Year 4 , Term 1\multiclass_scsc\data\raw\leftImg8bit\train\hamburg\hamburg_000000_083696_leftImg8bit.png","C:\Documents\Year 4 , Term 1\multiclass_scsc\data\raw\gtFine\train\hamburg\hamburg_000000_083696_gtFine_labelIds.png","C:\Documents\Year 4 , Term 1\multiclass_scsc\data\raw\gtFine\train\hamburg\hamburg_000000_083696_gtFine_instanceIds.png",2686,119334,57,5,22,1,True,False,False,3,Tier 3 - All classes present,0.022002506614677623,0.9775305749649811,0.00046691842034126004,122077,0.4775305749649811,0.5224694250350189,0.11525513612625705,0.7937005259840998,1.0,0.0023345921017063,46.2736119354585
val,frankfurt,frankfurt_000000_021667,"C:\Documents\Year 4 , Term 1\multiclass_scsc\data\raw\leftImg8bit\val\frankfurt\frankfurt_000000_021667_leftImg8bit.png","C:\Documents\Year 4 , Term 1\multiclass_scsc\data\raw\gtFine\val\frankfurt\frankfurt_000000_021667_gtFine_labelIds.png","C:\Documents\Year 4 , Term 1\multiclass_scsc\data\raw\gtFine\val\frankfurt\frankfurt_000000_021667_gtFine_instanceIds.png",1515,13466,566,4,10,1,True,False,False,3,Tier 3 - All classes present,0.09744645269183766,0.8661478098668554,0.036405737441307005,15547,0.36614780986685536,0.6338521901331446,0.15671677038370835,0.7937005259840998,0.31094,0.182028687206535,45.98064204263121
train,stuttgart,stuttgart_000086_000019,"C:\Documents\Year 4 , Term 1\multiclass_scsc\data\raw\leftImg8bit\train\stuttgart\stuttgart_000086_000019_leftImg8bit.png","C:\Documents\Year 4 , Term 1\multiclass_scsc\data\raw\gtFine\train\stuttgart\stuttgart_000086_000019_gtFine_labelIds.png","C:\Documents\Year 4 , Term 1\multiclass_scsc\data\raw\gtFine\train\stuttgart\stuttgart_000086_000019_gtFine_instanceIds.png",662,45727,1724,1,4,1,True,False,False,3,Tier 3 - All classes present,0.013759275040009976,0.9504084135264897,0.035832311433500304,48113,0.45040841352648975,0.5495915864735103,0.2251464396495425,0.43679023236814946,0.96226,0.1791615571675015,45.80831791978643
train,zurich,zurich_000086_000019,"C:\Documents\Year 4 , Term 1\multiclass_scsc\data\raw\leftImg8bit\train\zurich\zurich_000086_000019_leftImg8bit.png","C:\Documents\Year 4 , Term 1\multiclass_scsc\data\raw\gtFine\train\zurich\zurich_000086_000019_gtFine_labelIds.png","C:\Documents\Year 4 , Term 1\multiclass_scsc\data\raw\gtFine\train\zurich\zurich_000086_000019_gtFine_instanceIds.png",101955,2980,2740,23,6,1,True,False,False,3,Tier 3 - All classes present,0.9468771766891108,0.027675876480148597,0.025446946830740655,107675,0.6468771766891108,0.3531228233108892,0.3008027881261611,0.7937005259840998,1.0,0.12723473415370326,45.69067813675041
train,aachen,aachen_000172_000019,"C:\Documents\Year 4 , Term 1\multiclass_scsc\data\raw\leftImg8bit\train\aachen\aachen_000172_000019_leftImg8bit.png","C:\Documents\Year 4 , Term 1\multiclass_scsc\data\raw\gtFine\train\aachen\aachen_000172_000019_gtFine_labelIds.png","C:\Documents\Year 4 , Term 1\multiclass_scsc\data\raw\gtFine\train\aachen\aachen_000172_000019_gtFine_instanceIds.png",5438,217988,39,3,17,1,True,False,False,3,Tier 3 - All classes present,0.024334907032421183,0.9754905689929072,0.0001745239746716488,223465,0.4754905689929072,0.5245094310070928,0.1284797264972386,0.7211247851537042,1.0,0.000872619873358244,45.65600391187322
train,zurich,zurich_000110_000019,"C:\Documents\Year 4 , Term 1\multiclass_scsc\data\raw\leftImg8bit\train\zurich\zurich_000110_000019_leftImg8bit.png","C:\Documents\Year 4 , Term 1\multiclass_scsc\data\raw\gtFine\train\zurich\zurich_000110_000019_gtFine_labelIds.png","C:\Documents\Year 4 , Term 1\multiclass_scsc\data\raw\gtFine\train\zurich\zurich_000110_000019_gtFine_instanceIds.png",1070,45924,442,2,10,1,True,False,False,3,Tier 3 - All classes present,0.022556707985496246,0.9681254743232988,0.009317817691204992,47436,0.46812547432329876,0.5318745256767012,0.16785541225661926,0.6299605249474366,0.94872,0.046589088456024955,45.4801967112583
train,bremen,bremen_000059_000019,"C:\Documents\Year 4 , Term 1\multiclass_scsc\data\raw\leftImg8bit\train\bremen\bremen_000059_000019_leftImg8bit.png","C:\Documents\Year 4 , Term 1\multiclass_scsc\data\raw\gtFine\train\bremen\bremen_000059_000019_gtFine_labelIds.png","C:\Documents\Year 4 , Term 1\multiclass_scsc\data\raw\gtFine\train\bremen\bremen_000059_000019_gtFine_instanceIds.png",1405,145014,399,2,7,1,True,False,False,3,Tier 3 - All classes present,0.00956967129371058,0.9877126782819545,0.002717650424334891,146818,0.4877126782819546,0.5122873217180455,0.17764367128710748,0.6299605249474366,1.0,0.013588252121674454,45.33815214215496
train,strasbourg,strasbourg_000001_036937,"C:\Documents\Year 4 , Term 1\multiclass_scsc\data\raw\leftImg8bit\train\strasbourg\strasbourg_000001_036937_leftImg8bit.png","C:\Documents\Year 4 , Term 1\multiclass_scsc\data\raw\gtFine\train\strasbourg\strasbourg_000001_036937_gtFine_labelIds.png","C:\Documents\Year 4 , Term 1\multiclass_scsc\data\raw\gtFine\train\strasbourg\strasbourg_000001_036937_gtFine_instanceIds.png",158,11947,2461,1,9,1,True,False,False,3,Tier 3 - All classes present,0.010847178360565701,0.8201977207194837,0.16895510091995056,14566,0.32019772071948377,0.6798022792805163,0.11569167348579328,0.5,0.29132,0.8447755045997527,45.29991889879321
train,hanover,hanover_000000_013814,"C:\Documents\Year 4 , Term 1\multiclass_scsc\data\raw\leftImg8bit\train\hanover\hanover_000000_013814_leftImg8bit.png","C:\Documents\Year 4 , Term 1\multiclass_scsc\data\raw\gtFine\train\hanover\hanover_000000_013814_gtFine_labelIds.png","C:\Documents\Year 4 , Term 1\multiclass_scsc\data\raw\gtFine\train\hanover\hanover_000000_013814_gtFine_instanceIds.png",81950,22252,10,17,11,1,True,False,False,3,Tier 3 - All classes present,0.7863777683951945,0.2135262733658312,9.595823897439834e-05,104212,0.4863777683951944,0.5136222316048056,0.0905209838436659,0.7937005259840998,1.0,0.00047979119487199167,45.16842562523805
train,aachen,aachen_000062_000019,"C:\Documents\Year 4 , Term 1\multiclass_scsc\data\raw\leftImg8bit\train\aachen\aachen_000062_000019_leftImg8bit.png","C:\Documents\Year 4 , Term 1\multiclass_scsc\data\raw\gtFine\train\aachen\aachen_000062_000019_gtFine_labelIds.png","C:\Documents\Year 4 , Term 1\multiclass_scsc\data\raw\gtFine\train\aachen\aachen_000062_000019_gtFine_instanceIds.png",1218,8730,444,4,13,1,True,False,False,3,Tier 3 - All classes present,0.11720554272517321,0.8400692840646651,0.042725173210161664,10392,0.3400692840646651,0.6599307159353349,0.11631643486717932,0.7937005259840998,0.20784,0.2136258660508083,44.938758903444324
train,monchengladbach,monchengladbach_000000_003442,"C:\Documents\Year 4 , Term 1\multiclass_scsc\data\raw\leftImg8bit\train\monchengladbach\monchengladbach_000000_003442_leftImg8bit.png","C:\Documents\Year 4 , Term 1\multiclass_scsc\data\raw\gtFine\train\monchengladbach\monchengladbach_000000_003442_gtFine_labelIds.png","C:\Documents\Year 4 , Term 1\multiclass_scsc\data\raw\gtFine\train\monchengladbach\monchengladbach_000000_003442_gtFine_instanceIds.png",1284,271997,402,2,12,1,True,False,False,3,Tier 3 - All classes present,0.004691559212665748,0.9938395881366399,0.0014688526506944166,273683,0.49383958813663986,0.5061604118633601,0.1728212036737863,0.6299605249474366,1.0,0.007344263253472083,44.9171817752269
val,frankfurt,frankfurt_000001_083852,"C:\Documents\Year 4 , Term 1\multiclass_scsc\data\raw\leftImg8bit\val\frankfurt\frankfurt_000001_083852_leftImg8bit.png","C:\Documents\Year 4 , Term 1\multiclass_scsc\data\raw\gtFine\val\frankfurt\frankfurt_000001_083852_gtFine_labelIds.png","C:\Documents\Year 4 , Term 1\multiclass_scsc\data\raw\gtFine\val\frankfurt\frankfurt_000001_083852_gtFine_instanceIds.png",709,200626,687,2,15,1,True,False,False,3,Tier 3 - All classes present,0.003509518765282989,0.9930898615002326,0.003400619734484363,202022,0.4930898615002326,0.5069101384997674,0.16951221185760476,0.6299605249474366,1.0,0.017003098672421814,44.8961952632925
train,ulm,ulm_000079_000019,"C:\Documents\Year 4 , Term 1\multiclass_scsc\data\raw\leftImg8bit\train\ulm\ulm_000079_000019_leftImg8bit.png","C:\Documents\Year 4 , Term 1\multiclass_scsc\data\raw\gtFine\train\ulm\ulm_000079_000019_gtFine_labelIds.png","C:\Documents\Year 4 , Term 1\multiclass_scsc\data\raw\gtFine\train\ulm\ulm_000079_000019_gtFine_instanceIds.png",1071,2044,3317,1,5,1,True,False,False,3,Tier 3 - All classes present,0.16651119402985073,0.3177860696517413,0.5157027363184079,6432,0.31570273631840795,0.684297263681592,0.13426563176732317,0.4705180144405143,0.12864,1.0,44.74402971689109
val,munster,munster_000108_000019,"C:\Documents\Year 4 , Term 1\multiclass_scsc\data\raw\leftImg8bit\val\munster\munster_000108_000019_leftImg8bit.png","C:\Documents\Year 4 , Term 1\multiclass_scsc\data\raw\gtFine\val\munster\munster_000108_000019_gtFine_labelIds.png","C:\Documents\Year 4 , Term 1\multiclass_scsc\data\raw\gtFine\val\munster\munster_000108_000019_gtFine_instanceIds.png",1720,220632,98,3,13,1,True,False,False,3,Tier 3 - All classes present,0.007732074623510901,0.9918273769386379,0.00044054843785120253,222450,0.4918273769386379,0.5081726230613621,0.11901037971744523,0.7211247851537042,1.0,0.0022027421892560125,44.72510180222968
train,hamburg,hamburg_000000_064825,"C:\Documents\Year 4 , Term 1\multiclass_scsc\data\raw\leftImg8bit\train\hamburg\hamburg_000000_064825_leftImg8bit.png","C:\Documents\Year 4 , Term 1\multiclass_scsc\data\raw\gtFine\train\hamburg\hamburg_000000_064825_gtFine_labelIds.png","C:\Documents\Year 4 , Term 1\multiclass_scsc\data\raw\gtFine\train\hamburg\hamburg_000000_064825_gtFine_instanceIds.png",716,128822,519,2,12,1,True,False,False,3,Tier 3 - All classes present,0.005505278454831343,0.9905041635590549,0.0039905579861137805,130057,0.4905041635590549,0.5094958364409451,0.15489121746298337,0.6299605249474366,1.0,0.019952789930568902,44.5757418053917
train,monchengladbach,monchengladbach_000000_007098,"C:\Documents\Year 4 , Term 1\multiclass_scsc\data\raw\leftImg8bit\train\monchengladbach\monchengladbach_000000_007098_leftImg8bit.png","C:\Documents\Year 4 , Term 1\multiclass_scsc\data\raw\gtFine\train\monchengladbach\monchengladbach_000000_007098_gtFine_labelIds.png","C:\Documents\Year 4 , Term 1\multiclass_scsc\data\raw\gtFine\train\monchengladbach\monchengladbach_000000_007098_gtFine_instanceIds.png",17039,6256,339,9,4,1,True,False,False,3,Tier 3 - All classes present,0.720952864517221,0.2647033934162647,0.014343742066514344,23634,0.420952864517221,0.579047135482779,0.19192213277641001,0.6933612743506347,0.47268,0.07171871033257171,44.405362069525836
train,hamburg,hamburg_000000_104857,"C:\Documents\Year 4 , Term 1\multiclass_scsc\data\raw\leftImg8bit\train\hamburg\hamburg_000000_104857_leftImg8bit.png","C:\Documents\Year 4 , Term 1\multiclass_scsc\data\raw\gtFine\train\hamburg\hamburg_000000_104857_gtFine_labelIds.png","C:\Documents\Year 4 , Term 1\multiclass_scsc\data\raw\gtFine\train\hamburg\hamburg_000000_104857_gtFine_instanceIds.png",161533,24998,111,42,4,1,True,False,False,3,Tier 3 - All classes present,0.8654697227847966,0.1339355557698696,0.0005947214453338477,186642,0.5654697227847967,0.4345302772152033,0.20991122475920118,0.6933612743506347,1.0,0.002973607226669238,44.09383498277704
train,weimar,weimar_000096_000019,"C:\Documents\Year 4 , Term 1\multiclass_scsc\data\raw\leftImg8bit\train\weimar\weimar_000096_000019_leftImg8bit.png","C:\Documents\Year 4 , Term 1\multiclass_scsc\data\raw\gtFine\train\weimar\weimar_000096_000019_gtFine_labelIds.png","C:\Documents\Year 4 , Term 1\multiclass_scsc\data\raw\gtFine\train\weimar\weimar_000096_000019_gtFine_instanceIds.png",106229,4070,1322,11,6,1,True,False,False,3,Tier 3 - All classes present,0.9516936777129752,0.036462672794545826,0.011843649492479014,111621,0.6516936777129752,0.34830632228702485,0.261758947982659,0.7937005259840998,1.0,0.05921824746239507,43.98662045803424
train,darmstadt,darmstadt_000060_000019,"C:\Documents\Year 4 , Term 1\multiclass_scsc\data\raw\leftImg8bit\train\darmstadt\darmstadt_000060_000019_leftImg8bit.png","C:\Documents\Year 4 , Term 1\multiclass_scsc\data\raw\gtFine\train\darmstadt\darmstadt_000060_000019_gtFine_labelIds.png","C:\Documents\Year 4 , Term 1\multiclass_scsc\data\raw\gtFine\train\darmstadt\darmstadt_000060_000019_gtFine_instanceIds.png",1925,33239,211,2,7,1,True,False,False,3,Tier 3 - All classes present,0.05441696113074205,0.9396183745583039,0.0059646643109540634,35375,0.4396183745583039,0.5603816254416961,0.1595527876297921,0.6299605249474366,0.7075,0.029823321554770316,43.875373128547004
train,zurich,zurich_000084_000019,"C:\Documents\Year 4 , Term 1\multiclass_scsc\data\raw\leftImg8bit\train\zurich\zurich_000084_000019_leftImg8bit.png","C:\Documents\Year 4 , Term 1\multiclass_scsc\data\raw\gtFine\train\zurich\zurich_000084_000019_gtFine_labelIds.png","C:\Documents\Year 4 , Term 1\multiclass_scsc\data\raw\gtFine\train\zurich\zurich_000084_000019_gtFine_instanceIds.png",37044,6974,251,18,4,1,True,False,False,3,Tier 3 - All classes present,0.8367932413201111,0.1575368768212519,0.0056698818586369696,44269,0.5367932413201111,0.4632067586798889,0.18002996757568315,0.6933612743506347,0.88538,0.028349409293184847,43.325135536191496
val,munster,munster_000157_000019,"C:\Documents\Year 4 , Term 1\multiclass_scsc\data\raw\leftImg8bit\val\munster\munster_000157_000019_leftImg8bit.png","C:\Documents\Year 4 , Term 1\multiclass_scsc\data\raw\gtFine\val\munster\munster_000157_000019_gtFine_labelIds.png","C:\Documents\Year 4 , Term 1\multiclass_scsc\data\raw\gtFine\val\munster\munster_000157_000019_gtFine_instanceIds.png",626,140486,825,1,10,1,True,False,False,3,Tier 3 - All classes present,0.004410407434284225,0.9897771546531208,0.005812437912595025,141937,0.48977715465312077,0.5102228453468792,0.17285267062952653,0.5,1.0,0.029062189562975124,43.239804880575846
train,stuttgart,stuttgart_000095_000019,"C:\Documents\Year 4 , Term 1\multiclass_scsc\data\raw\leftImg8bit\train\stuttgart\stuttgart_000095_000019_leftImg8bit.png","C:\Documents\Year 4 , Term 1\multiclass_scsc\data\raw\gtFine\train\stuttgart\stuttgart_000095_000019_gtFine_labelIds.png","C:\Documents\Year 4 , Term 1\multiclass_scsc\data\raw\gtFine\train\stuttgart\stuttgart_000095_000019_gtFine_instanceIds.png",860,506422,699,1,14,1,True,False,False,3,Tier 3 - All classes present,0.0016929767058216744,0.9969309875763069,0.0013760357178713377,507981,0.496930987576307,0.503069012423693,0.18182707077753935,0.5,1.0,0.006880178589356688,43.11197351322069
train,darmstadt,darmstadt_000049_000019,"C:\Documents\Year 4 , Term 1\multiclass_scsc\data\raw\leftImg8bit\train\darmstadt\darmstadt_000049_000019_leftImg8bit.png","C:\Documents\Year 4 , Term 1\multiclass_scsc\data\raw\gtFine\train\darmstadt\darmstadt_000049_000019_gtFine_labelIds.png","C:\Documents\Year 4 , Term 1\multiclass_scsc\data\raw\gtFine\train\darmstadt\darmstadt_000049_000019_gtFine_instanceIds.png",1150,12915,673,2,15,1,True,False,False,3,Tier 3 - All classes present,0.0780295833898765,0.8763061473741349,0.045664269235988604,14738,0.3763061473741349,0.6236938526258651,0.1493580678507779,0.6299605249474366,0.29476,0.228321346179943,42.96711074566921
train,aachen,aachen_000057_000019,"C:\Documents\Year 4 , Term 1\multiclass_scsc\data\raw\leftImg8bit\train\aachen\aachen_000057_000019_leftImg8bit.png","C:\Documents\Year 4 , Term 1\multiclass_scsc\data\raw\gtFine\train\aachen\aachen_000057_000019_gtFine_labelIds.png","C:\Documents\Year 4 , Term 1\multiclass_scsc\data\raw\gtFine\train\aachen\aachen_000057_000019_gtFine_instanceIds.png",2399,102082,21,2,9,1,True,False,False,3,Tier 3 - All classes present,0.02295649844022124,0.9768425484679719,0.00020095309180685538,104502,0.4768425484679719,0.5231574515320281,0.0795700896857537,0.6299605249474366,1.0,0.0010047654590342769,42.767832453360455
val,munster,munster_000158_000019,"C:\Documents\Year 4 , Term 1\multiclass_scsc\data\raw\leftImg8bit\val\munster\munster_000158_000019_leftImg8bit.png","C:\Documents\Year 4 , Term 1\multiclass_scsc\data\raw\gtFine\val\munster\munster_000158_000019_gtFine_labelIds.png","C:\Documents\Year 4 , Term 1\multiclass_scsc\data\raw\gtFine\val\munster\munster_000158_000019_gtFine_instanceIds.png",476,115849,733,1,17,1,True,False,False,3,Tier 3 - All classes present,0.004066360265851117,0.9896717866356849,0.006261853098464009,117058,0.4896717866356849,0.5103282133643151,0.1516713814632748,0.5,1.0,0.03130926549232004,42.61981630593245
train,bremen,bremen_000144_000019,"C:\Documents\Year 4 , Term 1\multiclass_scsc\data\raw\leftImg8bit\train\bremen\bremen_000144_000019_leftImg8bit.png","C:\Documents\Year 4 , Term 1\multiclass_scsc\data\raw\gtFine\train\bremen\bremen_000144_000019_gtFine_labelIds.png","C:\Documents\Year 4 , Term 1\multiclass_scsc\data\raw\gtFine\train\bremen\bremen_000144_000019_gtFine_instanceIds.png",2711,1048,1468,2,1,1,True,False,False,3,Tier 3 - All classes present,0.5186531471207193,0.2004974172565525,0.2808494356227281,5227,0.29950258274344743,0.7004974172565526,0.11160882441437801,0.3466806371753174,0.10454,1.0,42.6137709803232
train,zurich,zurich_000118_000019,"C:\Documents\Year 4 , Term 1\multiclass_scsc\data\raw\leftImg8bit\train\zurich\zurich_000118_000019_leftImg8bit.png","C:\Documents\Year 4 , Term 1\multiclass_scsc\data\raw\gtFine\train\zurich\zurich_000118_000019_gtFine_labelIds.png","C:\Documents\Year 4 , Term 1\multiclass_scsc\data\raw\gtFine\train\zurich\zurich_000118_000019_gtFine_instanceIds.png",1029,35130,108,3,12,1,True,False,False,3,Tier 3 - All classes present,0.028372900984365953,0.9686491852096948,0.0029779138059392836,36267,0.46864918520969473,0.5313508147903052,0.10358090712187976,0.7211247851537042,0.72534,0.014889569029696417,42.50617942772264
train,strasbourg,strasbourg_000001_034375,"C:\Documents\Year 4 , Term 1\multiclass_scsc\data\raw\leftImg8bit\train\strasbourg\strasbourg_000001_034375_leftImg8bit.png","C:\Documents\Year 4 , Term 1\multiclass_scsc\data\raw\gtFine\train\strasbourg\strasbourg_000001_034375_gtFine_labelIds.png","C:\Documents\Year 4 , Term 1\multiclass_scsc\data\raw\gtFine\train\strasbourg\strasbourg_000001_034375_gtFine_instanceIds.png",3332,1831,592,8,1,1,True,False,False,3,Tier 3 - All classes present,0.5789748045178106,0.31815812337098176,0.10286707211120764,5755,0.2789748045178106,0.7210251954821894,0.10638112930956749,0.43679023236814946,0.1151,0.5143353605560382,42.30697198687704
train,aachen,aachen_000162_000019,"C:\Documents\Year 4 , Term 1\multiclass_scsc\data\raw\leftImg8bit\train\aachen\aachen_000162_000019_leftImg8bit.png","C:\Documents\Year 4 , Term 1\multiclass_scsc\data\raw\gtFine\train\aachen\aachen_000162_000019_gtFine_labelIds.png","C:\Documents\Year 4 , Term 1\multiclass_scsc\data\raw\gtFine\train\aachen\aachen_000162_000019_gtFine_instanceIds.png",20673,413,4870,12,1,1,True,False,False,3,Tier 3 - All classes present,0.7964632454923717,0.015911542610571736,0.18762521189705655,25956,0.4964632454923717,0.5035367545076284,0.18856130970962334,0.43679023236814946,0.51912,0.9381260594852827,42.23199325454249
train,hamburg,hamburg_000000_008221,"C:\Documents\Year 4 , Term 1\multiclass_scsc\data\raw\leftImg8bit\train\hamburg\hamburg_000000_008221_leftImg8bit.png","C:\Documents\Year 4 , Term 1\multiclass_scsc\data\raw\gtFine\train\hamburg\hamburg_000000_008221_gtFine_labelIds.png","C:\Documents\Year 4 , Term 1\multiclass_scsc\data\raw\gtFine\train\hamburg\hamburg_000000_008221_gtFine_instanceIds.png",734,219171,423,1,17,1,True,False,False,3,Tier 3 - All classes present,0.003331396826549508,0.9947487382447987,0.0019198649286518283,220328,0.4947487382447987,0.5052512617552013,0.14588550478030432,0.5,1.0,0.009599324643259141,42.134612236833476
train,bremen,bremen_000238_000019,"C:\Documents\Year 4 , Term 1\multiclass_scsc\data\raw\leftImg8bit\train\bremen\bremen_000238_000019_leftImg8bit.png","C:\Documents\Year 4 , Term 1\multiclass_scsc\data\raw\gtFine\train\bremen\bremen_000238_000019_gtFine_labelIds.png","C:\Documents\Year 4 , Term 1\multiclass_scsc\data\raw\gtFine\train\bremen\bremen_000238_000019_gtFine_instanceIds.png",525,158565,546,1,8,1,True,False,False,3,Tier 3 - All classes present,0.0032887318649928586,0.9932909869954145,0.003420281139592573,159636,0.4932909869954145,0.5067090130045855,0.14205307808780887,0.5,1.0,0.017101405697962865,42.1154598913075
train,krefeld,krefeld_000000_017489,"C:\Documents\Year 4 , Term 1\multiclass_scsc\data\raw\leftImg8bit\train\krefeld\krefeld_000000_017489_leftImg8bit.png","C:\Documents\Year 4 , Term 1\multiclass_scsc\data\raw\gtFine\train\krefeld\krefeld_000000_017489_gtFine_labelIds.png","C:\Documents\Year 4 , Term 1\multiclass_scsc\data\raw\gtFine\train\krefeld\krefeld_000000_017489_gtFine_instanceIds.png",13323,2929,1751,3,1,1,True,False,False,3,Tier 3 - All classes present,0.7400433261123146,0.16269510637116036,0.09726156751652502,18003,0.44004332611231467,0.5599566738876853,0.2576092308963615,0.3968502629920499,0.36006,0.4863078375826251,42.11143701519213
train,monchengladbach,monchengladbach_000000_002478,"C:\Documents\Year 4 , Term 1\multiclass_scsc\data\raw\leftImg8bit\train\monchengladbach\monchengladbach_000000_002478_leftImg8bit.png","C:\Documents\Year 4 , Term 1\multiclass_scsc\data\raw\gtFine\train\monchengladbach\monchengladbach_000000_002478_gtFine_labelIds.png","C:\Documents\Year 4 , Term 1\multiclass_scsc\data\raw\gtFine\train\monchengladbach\monchengladbach_000000_002478_gtFine_instanceIds.png",1003,38244,438,1,9,1,True,False,False,3,Tier 3 - All classes present,0.025274033009953383,0.9636890512788208,0.011036915711225904,39685,0.46368905127882076,0.5363109487211792,0.16377905006818017,0.5,0.7937,0.055184578556129515,42.078732343673224
train,strasbourg,strasbourg_000001_023271,"C:\Documents\Year 4 , Term 1\multiclass_scsc\data\raw\leftImg8bit\train\strasbourg\strasbourg_000001_023271_leftImg8bit.png","C:\Documents\Year 4 , Term 1\multiclass_scsc\data\raw\gtFine\train\strasbourg\strasbourg_000001_023271_gtFine_labelIds.png","C:\Documents\Year 4 , Term 1\multiclass_scsc\data\raw\gtFine\train\strasbourg\strasbourg_000001_023271_gtFine_instanceIds.png",437,83805,98,2,28,1,True,False,False,3,Tier 3 - All classes present,0.005181408584301636,0.9936566279345507,0.0011619634811477354,84340,0.4936566279345506,0.5063433720654493,0.07537647740513519,0.6299605249474366,1.0,0.005809817405738676,41.99348616601227
train,monchengladbach,monchengladbach_000000_009191,"C:\Documents\Year 4 , Term 1\multiclass_scsc\data\raw\leftImg8bit\train\monchengladbach\monchengladbach_000000_009191_leftImg8bit.png","C:\Documents\Year 4 , Term 1\multiclass_scsc\data\raw\gtFine\train\monchengladbach\monchengladbach_000000_009191_gtFine_labelIds.png","C:\Documents\Year 4 , Term 1\multiclass_scsc\data\raw\gtFine\train\monchengladbach\monchengladbach_000000_009191_gtFine_instanceIds.png",329,268856,781,1,6,1,True,False,False,3,Tier 3 - All classes present,0.0012186719809161154,0.9958883711282162,0.002892956890867739,269966,0.49588837112821615,0.5041116288717838,0.13696690553378957,0.5,1.0,0.014464784454338693,41.845796243156734
train,hanover,hanover_000000_004646,"C:\Documents\Year 4 , Term 1\multiclass_scsc\data\raw\leftImg8bit\train\hanover\hanover_000000_004646_leftImg8bit.png","C:\Documents\Year 4 , Term 1\multiclass_scsc\data\raw\gtFine\train\hanover\hanover_000000_004646_gtFine_labelIds.png","C:\Documents\Year 4 , Term 1\multiclass_scsc\data\raw\gtFine\train\hanover\hanover_000000_004646_gtFine_instanceIds.png",534,384831,508,1,16,1,True,False,False,3,Tier 3 - All classes present,0.0013838750055069932,0.9972996296709021,0.0013164953235909225,385873,0.4972996296709021,0.502700370329098,0.13946599291807266,0.5,1.0,0.006582476617954612,41.82490698379588
train,zurich,zurich_000085_000019,"C:\Documents\Year 4 , Term 1\multiclass_scsc\data\raw\leftImg8bit\train\zurich\zurich_000085_000019_leftImg8bit.png","C:\Documents\Year 4 , Term 1\multiclass_scsc\data\raw\gtFine\train\zurich\zurich_000085_000019_gtFine_labelIds.png","C:\Documents\Year 4 , Term 1\multiclass_scsc\data\raw\gtFine\train\zurich\zurich_000085_000019_gtFine_instanceIds.png",6291,3153,391,12,2,1,True,False,False,3,Tier 3 - All classes present,0.6396542958820539,0.32058973055414336,0.03975597356380275,9835,0.3396542958820539,0.6603457041179461,0.13724600746844048,0.5503212081491045,0.1967,0.19877986781901372,41.7469258501027
train,erfurt,erfurt_000016_000019,"C:\Documents\Year 4 , Term 1\multiclass_scsc\data\raw\leftImg8bit\train\erfurt\erfurt_000016_000019_leftImg8bit.png","C:\Documents\Year 4 , Term 1\multiclass_scsc\data\raw\gtFine\train\erfurt\erfurt_000016_000019_gtFine_labelIds.png","C:\Documents\Year 4 , Term 1\multiclass_scsc\data\raw\gtFine\train\erfurt\erfurt_000016_000019_gtFine_instanceIds.png",396,116192,505,1,14,1,True,False,False,3,Tier 3 - All classes present,0.0033819271860828573,0.9923052616296448,0.004312811184272331,117093,0.49230526162964483,0.5076947383703552,0.12598790511265534,0.5,1.0,0.021564055921361652,41.69524696780068
train,strasbourg,strasbourg_000001_050098,"C:\Documents\Year 4 , Term 1\multiclass_scsc\data\raw\leftImg8bit\train\strasbourg\strasbourg_000001_050098_leftImg8bit.png","C:\Documents\Year 4 , Term 1\multiclass_scsc\data\raw\gtFine\train\strasbourg\strasbourg_000001_050098_gtFine_labelIds.png","C:\Documents\Year 4 , Term 1\multiclass_scsc\data\raw\gtFine\train\strasbourg\strasbourg_000001_050098_gtFine_instanceIds.png",68293,3669,735,35,2,2,True,False,False,3,Tier 3 - All classes present,0.9394197834848755,0.05046975803678281,0.01011045847834161,72697,0.6394197834848756,0.3605802165151244,0.20792398911475785,0.6933612743506347,1.0,0.05055229239170805,41.31410891126577
train,weimar,weimar_000061_000019,"C:\Documents\Year 4 , Term 1\multiclass_scsc\data\raw\leftImg8bit\train\weimar\weimar_000061_000019_leftImg8bit.png","C:\Documents\Year 4 , Term 1\multiclass_scsc\data\raw\gtFine\train\weimar\weimar_000061_000019_gtFine_labelIds.png","C:\Documents\Year 4 , Term 1\multiclass_scsc\data\raw\gtFine\train\weimar\weimar_000061_000019_gtFine_instanceIds.png",206,305131,781,1,16,1,True,False,False,3,Tier 3 - All classes present,0.0006729431134399153,0.9967757531409457,0.002551303745614436,306118,0.4967757531409457,0.5032242468590543,0.1171762022293621,0.5,1.0,0.01275651872807218,41.20803853488339
train,stuttgart,stuttgart_000059_000019,"C:\Documents\Year 4 , Term 1\multiclass_scsc\data\raw\leftImg8bit\train\stuttgart\stuttgart_000059_000019_leftImg8bit.png","C:\Documents\Year 4 , Term 1\multiclass_scsc\data\raw\gtFine\train\stuttgart\stuttgart_000059_000019_gtFine_labelIds.png","C:\Documents\Year 4 , Term 1\multiclass_scsc\data\raw\gtFine\train\stuttgart\stuttgart_000059_000019_gtFine_instanceIds.png",437,238546,365,1,27,1,True,False,False,3,Tier 3 - All classes present,0.0018257934054180525,0.9966492304092786,0.0015249761853034075,239348,0.49664923040927855,0.5033507695907214,0.11683996919761144,0.5,1.0,0.007624880926517037,41.17735426418979
train,zurich,zurich_000114_000019,"C:\Documents\Year 4 , Term 1\multiclass_scsc\data\raw\leftImg8bit\train\zurich\zurich_000114_000019_leftImg8bit.png","C:\Documents\Year 4 , Term 1\multiclass_scsc\data\raw\gtFine\train\zurich\zurich_000114_000019_gtFine_labelIds.png","C:\Documents\Year 4 , Term 1\multiclass_scsc\data\raw\gtFine\train\zurich\zurich_000114_000019_gtFine_instanceIds.png",26630,3138,718,6,5,1,True,False,False,3,Tier 3 - All classes present,0.8735157121301581,0.10293249360362133,0.02355179426622056,30486,0.5735157121301582,0.4264842878698418,0.19583277420493247,0.7469007910928608,0.60972,0.1177589713311028,40.82386146399008
train,monchengladbach,monchengladbach_000000_018575,"C:\Documents\Year 4 , Term 1\multiclass_scsc\data\raw\leftImg8bit\train\monchengladbach\monchengladbach_000000_018575_leftImg8bit.png","C:\Documents\Year 4 , Term 1\multiclass_scsc\data\raw\gtFine\train\monchengladbach\monchengladbach_000000_018575_gtFine_labelIds.png","C:\Documents\Year 4 , Term 1\multiclass_scsc\data\raw\gtFine\train\monchengladbach\monchengladbach_000000_018575_gtFine_instanceIds.png",49886,1849,1758,18,2,1,True,False,False,3,Tier 3 - All classes present,0.9325706167162059,0.03456527022227207,0.032864113061522066,53493,0.632570616716206,0.36742938328379404,0.221281365317216,0.5503212081491045,1.0,0.16432056530761033,40.41203723964287
train,hamburg,hamburg_000000_053486,"C:\Documents\Year 4 , Term 1\multiclass_scsc\data\raw\leftImg8bit\train\hamburg\hamburg_000000_053486_leftImg8bit.png","C:\Documents\Year 4 , Term 1\multiclass_scsc\data\raw\gtFine\train\hamburg\hamburg_000000_053486_gtFine_labelIds.png","C:\Documents\Year 4 , Term 1\multiclass_scsc\data\raw\gtFine\train\hamburg\hamburg_000000_053486_gtFine_instanceIds.png",432982,8472,228,58,8,1,True,False,False,3,Tier 3 - All classes present,0.9803025706277367,0.019181220878369504,0.0005162084938937969,441682,0.6803025706277368,0.3196974293722632,0.1860372222881271,0.7937005259840998,1.0,0.0025810424694689845,40.287426945643176
train,bremen,bremen_000149_000019,"C:\Documents\Year 4 , Term 1\multiclass_scsc\data\raw\leftImg8bit\train\bremen\bremen_000149_000019_leftImg8bit.png","C:\Documents\Year 4 , Term 1\multiclass_scsc\data\raw\gtFine\train\bremen\bremen_000149_000019_gtFine_labelIds.png","C:\Documents\Year 4 , Term 1\multiclass_scsc\data\raw\gtFine\train\bremen\bremen_000149_000019_gtFine_instanceIds.png",363,33841,675,1,12,1,True,False,False,3,Tier 3 - All classes present,0.01040740846927951,0.9702399724762751,0.01935261905444537,34879,0.47023997247627514,0.5297600275237249,0.13481456020613525,0.5,0.69758,0.09676309527222685,40.19445338349419
train,stuttgart,stuttgart_000180_000019,"C:\Documents\Year 4 , Term 1\multiclass_scsc\data\raw\leftImg8bit\train\stuttgart\stuttgart_000180_000019_leftImg8bit.png","C:\Documents\Year 4 , Term 1\multiclass_scsc\data\raw\gtFine\train\stuttgart\stuttgart_000180_000019_gtFine_labelIds.png","C:\Documents\Year 4 , Term 1\multiclass_scsc\data\raw\gtFine\train\stuttgart\stuttgart_000180_000019_gtFine_instanceIds.png",267734,6157,6892,49,4,0,True,False,False,3,Tier 3 - All classes present,0.9535263887058689,0.02192796572442064,0.024545645569710416,280783,0.6535263887058689,0.3464736112941311,0.5210319906642971,0.0,1.0,0.12272822784855207,40.103545310936916
train,stuttgart,stuttgart_000058_000019,"C:\Documents\Year 4 , Term 1\multiclass_scsc\data\raw\leftImg8bit\train\stuttgart\stuttgart_000058_000019_leftImg8bit.png","C:\Documents\Year 4 , Term 1\multiclass_scsc\data\raw\gtFine\train\stuttgart\stuttgart_000058_000019_gtFine_labelIds.png","C:\Documents\Year 4 , Term 1\multiclass_scsc\data\raw\gtFine\train\stuttgart\stuttgart_000058_000019_gtFine_instanceIds.png",249,152954,209,1,34,1,True,False,False,3,Tier 3 - All classes present,0.0016230803326988763,0.9970145751310198,0.001362344536281386,153412,0.49701457513101976,0.5029854248689802,0.08043564420372641,0.5,1.0,0.006811722681406929,40.06654493427803
train,erfurt,erfurt_000006_000019,"C:\Documents\Year 4 , Term 1\multiclass_scsc\data\raw\leftImg8bit\train\erfurt\erfurt_000006_000019_leftImg8bit.png","C:\Documents\Year 4 , Term 1\multiclass_scsc\data\raw\gtFine\train\erfurt\erfurt_000006_000019_gtFine_labelIds.png","C:\Documents\Year 4 , Term 1\multiclass_scsc\data\raw\gtFine\train\erfurt\erfurt_000006_000019_gtFine_instanceIds.png",170,216517,238,1,14,1,True,False,False,3,Tier 3 - All classes present,0.0007836809957358534,0.998119165610234,0.0010971533940301948,216925,0.49811916561023395,0.501880834389766,0.07396199655641493,0.5,1.0,0.005485766970150974,39.82152210713385
train,erfurt,erfurt_000005_000019,"C:\Documents\Year 4 , Term 1\multiclass_scsc\data\raw\leftImg8bit\train\erfurt\erfurt_000005_000019_leftImg8bit.png","C:\Documents\Year 4 , Term 1\multiclass_scsc\data\raw\gtFine\train\erfurt\erfurt_000005_000019_gtFine_labelIds.png","C:\Documents\Year 4 , Term 1\multiclass_scsc\data\raw\gtFine\train\erfurt\erfurt_000005_000019_gtFine_instanceIds.png",220,146623,161,1,14,1,True,False,False,3,Tier 3 - All classes present,0.00149655791679138,0.9974082337895568,0.0010952082936518735,147004,0.49740823378955673,0.5025917662104433,0.07075375915964041,0.5,1.0,0.005476041468259367,39.75366363054824
train,zurich,zurich_000117_000019,"C:\Documents\Year 4 , Term 1\multiclass_scsc\data\raw\leftImg8bit\train\zurich\zurich_000117_000019_leftImg8bit.png","C:\Documents\Year 4 , Term 1\multiclass_scsc\data\raw\gtFine\train\zurich\zurich_000117_000019_gtFine_labelIds.png","C:\Documents\Year 4 , Term 1\multiclass_scsc\data\raw\gtFine\train\zurich\zurich_000117_000019_gtFine_instanceIds.png",268,100579,61,1,13,1,True,False,False,3,Tier 3 - All classes present,0.0026558845681214573,0.9967396043921195,0.0006045110397589884,100908,0.49673960439211956,0.5032603956078805,0.05467912334283682,0.5,1.0,0.0030225551987949416,39.2859023005943
val,frankfurt,frankfurt_000000_010763,"C:\Documents\Year 4 , Term 1\multiclass_scsc\data\raw\leftImg8bit\val\frankfurt\frankfurt_000000_010763_leftImg8bit.png","C:\Documents\Year 4 , Term 1\multiclass_scsc\data\raw\gtFine\val\frankfurt\frankfurt_000000_010763_gtFine_labelIds.png","C:\Documents\Year 4 , Term 1\multiclass_scsc\data\raw\gtFine\val\frankfurt\frankfurt_000000_010763_gtFine_instanceIds.png",1268,7945,607,1,1,1,True,False,False,3,Tier 3 - All classes present,0.12912423625254582,0.8090631364562119,0.061812627291242365,9820,0.30906313645621186,0.6909368635437881,0.1267924899162266,0.27516060407455223,0.1964,0.3090631364562118,39.077973982637666
train,ulm,ulm_000020_000019,"C:\Documents\Year 4 , Term 1\multiclass_scsc\data\raw\leftImg8bit\train\ulm\ulm_000020_000019_leftImg8bit.png","C:\Documents\Year 4 , Term 1\multiclass_scsc\data\raw\gtFine\train\ulm\ulm_000020_000019_gtFine_labelIds.png","C:\Documents\Year 4 , Term 1\multiclass_scsc\data\raw\gtFine\train\ulm\ulm_000020_000019_gtFine_instanceIds.png",106184,5094,351,21,3,1,True,False,False,3,Tier 3 - All classes present,0.951222352614464,0.045633303173906424,0.0031443442116295944,111629,0.651222352614464,0.34877764738553596,0.18130715122031488,0.6299605249474366,1.0,0.01572172105814797,38.91833691153318
train,bochum,bochum_000000_022210,"C:\Documents\Year 4 , Term 1\multiclass_scsc\data\raw\leftImg8bit\train\bochum\bochum_000000_022210_leftImg8bit.png","C:\Documents\Year 4 , Term 1\multiclass_scsc\data\raw\gtFine\train\bochum\bochum_000000_022210_gtFine_labelIds.png","C:\Documents\Year 4 , Term 1\multiclass_scsc\data\raw\gtFine\train\bochum\bochum_000000_022210_gtFine_instanceIds.png",1456,45907,522,1,12,0,True,False,False,3,Tier 3 - All classes present,0.030406181476454006,0.9586927012634436,0.010901117260102329,47885,0.4586927012634437,0.5413072987365564,0.1966122738913662,0.0,0.9577,0.05450558630051164,37.4001880977058
train,hamburg,hamburg_000000_001613,"C:\Documents\Year 4 , Term 1\multiclass_scsc\data\raw\leftImg8bit\train\hamburg\hamburg_000000_001613_leftImg8bit.png","C:\Documents\Year 4 , Term 1\multiclass_scsc\data\raw\gtFine\train\hamburg\hamburg_000000_001613_gtFine_labelIds.png","C:\Documents\Year 4 , Term 1\multiclass_scsc\data\raw\gtFine\train\hamburg\hamburg_000000_001613_gtFine_instanceIds.png",61,41098,94,1,11,1,True,False,False,3,Tier 3 - All classes present,0.0014786803383996315,0.9962426975007879,0.002278622160812547,41253,0.49624269750078787,0.5037573024992121,0.03856137957564828,0.5,0.82506,0.011393110804062734,37.114699041258255
train,dusseldorf,dusseldorf_000036_000019,"C:\Documents\Year 4 , Term 1\multiclass_scsc\data\raw\leftImg8bit\train\dusseldorf\dusseldorf_000036_000019_leftImg8bit.png","C:\Documents\Year 4 , Term 1\multiclass_scsc\data\raw\gtFine\train\dusseldorf\dusseldorf_000036_000019_gtFine_labelIds.png","C:\Documents\Year 4 , Term 1\multiclass_scsc\data\raw\gtFine\train\dusseldorf\dusseldorf_000036_000019_gtFine_instanceIds.png",25854,466,2805,21,1,1,True,False,False,3,Tier 3 - All classes present,0.8876909871244635,0.016,0.09630901287553648,29125,0.5876909871244635,0.41230901287553645,0.1633299550414221,0.43679023236814946,0.5825,0.48154506437768235,36.17683797367477
train,weimar,weimar_000047_000019,"C:\Documents\Year 4 , Term 1\multiclass_scsc\data\raw\leftImg8bit\train\weimar\weimar_000047_000019_leftImg8bit.png","C:\Documents\Year 4 , Term 1\multiclass_scsc\data\raw\gtFine\train\weimar\weimar_000047_000019_gtFine_labelIds.png","C:\Documents\Year 4 , Term 1\multiclass_scsc\data\raw\gtFine\train\weimar\weimar_000047_000019_gtFine_instanceIds.png",421,28426,274,1,3,1,True,False,False,3,Tier 3 - All classes present,0.01445692112221421,0.9761340613303114,0.009409017547474332,29121,0.4761340613303115,0.5238659386696884,0.10300912984497959,0.3968502629920499,0.58242,0.047045087737371656,36.057090825704535
val,frankfurt,frankfurt_000001_016029,"C:\Documents\Year 4 , Term 1\multiclass_scsc\data\raw\leftImg8bit\val\frankfurt\frankfurt_000001_016029_leftImg8bit.png","C:\Documents\Year 4 , Term 1\multiclass_scsc\data\raw\gtFine\val\frankfurt\frankfurt_000001_016029_gtFine_labelIds.png","C:\Documents\Year 4 , Term 1\multiclass_scsc\data\raw\gtFine\val\frankfurt\frankfurt_000001_016029_gtFine_instanceIds.png",49112,513,817,16,2,1,True,False,False,3,Tier 3 - All classes present,0.9736330835414932,0.010170096348281194,0.016196820110225607,50442,0.6736330835414932,0.3263669164585068,0.11179079782981817,0.5503212081491045,1.0,0.08098410055112804,35.06813921822703
train,strasbourg,strasbourg_000000_021651,"C:\Documents\Year 4 , Term 1\multiclass_scsc\data\raw\leftImg8bit\train\strasbourg\strasbourg_000000_021651_leftImg8bit.png","C:\Documents\Year 4 , Term 1\multiclass_scsc\data\raw\gtFine\train\strasbourg\strasbourg_000000_021651_gtFine_labelIds.png","C:\Documents\Year 4 , Term 1\multiclass_scsc\data\raw\gtFine\train\strasbourg\strasbourg_000000_021651_gtFine_instanceIds.png",2108,159,1120,3,1,1,True,False,False,3,Tier 3 - All classes present,0.6223796870386773,0.046944198405668734,0.330676114555654,3387,0.4530558015943313,0.5469441984056687,0.05001744457969164,0.3968502629920499,0.06774,1.0,35.00844521849824
train,bremen,bremen_000157_000019,"C:\Documents\Year 4 , Term 1\multiclass_scsc\data\raw\leftImg8bit\train\bremen\bremen_000157_000019_leftImg8bit.png","C:\Documents\Year 4 , Term 1\multiclass_scsc\data\raw\gtFine\train\bremen\bremen_000157_000019_gtFine_labelIds.png","C:\Documents\Year 4 , Term 1\multiclass_scsc\data\raw\gtFine\train\bremen\bremen_000157_000019_gtFine_instanceIds.png",150,19068,615,1,3,1,True,False,False,3,Tier 3 - All classes present,0.007563152321887763,0.9614279231583724,0.031008924519739828,19833,0.46142792315837244,0.5385720768416276,0.08369832261554562,0.3968502629920499,0.39666,0.15504462259869914,34.74840981000571
train,hanover,hanover_000000_011170,"C:\Documents\Year 4 , Term 1\multiclass_scsc\data\raw\leftImg8bit\train\hanover\hanover_000000_011170_leftImg8bit.png","C:\Documents\Year 4 , Term 1\multiclass_scsc\data\raw\gtFine\train\hanover\hanover_000000_011170_gtFine_labelIds.png","C:\Documents\Year 4 , Term 1\multiclass_scsc\data\raw\gtFine\train\hanover\hanover_000000_011170_gtFine_instanceIds.png",8264,1663,76,5,4,1,True,False,False,3,Tier 3 - All classes present,0.8261521543536939,0.16625012496251124,0.0075977206837948615,10003,0.526152154353694,0.473847845646306,0.07034905994144489,0.6933612743506347,0.20006,0.0379886034189743,33.655347756449984
train,krefeld,krefeld_000000_012353,"C:\Documents\Year 4 , Term 1\multiclass_scsc\data\raw\leftImg8bit\train\krefeld\krefeld_000000_012353_leftImg8bit.png","C:\Documents\Year 4 , Term 1\multiclass_scsc\data\raw\gtFine\train\krefeld\krefeld_000000_012353_gtFine_labelIds.png","C:\Documents\Year 4 , Term 1\multiclass_scsc\data\raw\gtFine\train\krefeld\krefeld_000000_012353_gtFine_instanceIds.png",20586,2503,202,4,2,1,True,False,False,3,Tier 3 - All classes present,0.8838607187325577,0.10746640333175905,0.008672877935683311,23291,0.5838607187325577,0.41613928126744226,0.11900457420294255,0.5503212081491045,0.46582,0.043364389678416555,33.345548547414616
train,hamburg,hamburg_000000_105123,"C:\Documents\Year 4 , Term 1\multiclass_scsc\data\raw\leftImg8bit\train\hamburg\hamburg_000000_105123_leftImg8bit.png","C:\Documents\Year 4 , Term 1\multiclass_scsc\data\raw\gtFine\train\hamburg\hamburg_000000_105123_gtFine_labelIds.png","C:\Documents\Year 4 , Term 1\multiclass_scsc\data\raw\gtFine\train\hamburg\hamburg_000000_105123_gtFine_instanceIds.png",89152,332,37,55,1,1,True,False,False,3,Tier 3 - All classes present,0.9958780621306732,0.003708627026060924,0.0004133108432658259,89521,0.6958780621306733,0.30412193786932673,0.03446721429658056,0.43679023236814946,1.0,0.0020665542163291295,29.76108020027437
